Airline,Source,Destination,Route,Arrival_Time,Additional_Info,Price,Date_of_Journey_day,Date_of_Journey_month,Date_of_Journey_weekday,Date_of_Journey_hour,Date_of_Journey_minute,Dep_Time_minutes,Duration_minutes
IndiGo,Banglore,New Delhi,BLR ? DEL,01:10 22 Mar,No info,3897,24,3,6,0,0,1340.0,170
Air India,Kolkata,Banglore,CCU ? IXR ? BBI ? BLR,13:15,No info,7662,1,5,2,0,0,350.0,445
Jet Airways,Delhi,Cochin,DEL ? LKO ? BOM ? COK,04:25 10 Jun,No info,13882,9,6,6,0,0,565.0,1140
IndiGo,Kolkata,Banglore,CCU ? NAG ? BLR,23:30,No info,6218,12,5,6,0,0,1085.0,325
IndiGo,Banglore,New Delhi,BLR ? NAG ? DEL,21:35,No info,13302,1,3,4,0,0,1010.0,285
SpiceJet,Kolkata,Banglore,CCU ? BLR,11:25,No info,3873,24,6,0,0,0,540.0,145
Jet Airways,Banglore,New Delhi,BLR ? BOM ? DEL,10:25 13 Mar,In-flight meal not included,11087,12,3,1,0,0,1135.0,930
Jet Airways,Banglore,New Delhi,BLR ? BOM ? DEL,05:05 02 Mar,No info,22270,1,3,4,0,0,480.0,1265
Jet Airways,Banglore,New Delhi,BLR ? BOM ? DEL,10:25 13 Mar,In-flight meal not included,11087,12,3,1,0,0,535.0,1530
Multiple carriers,Delhi,Cochin,DEL ? BOM ? COK,19:15,No info,8625,27,5,0,0,0,685.0,470
Air India,Delhi,Cochin,DEL ? BLR ? COK,23:00,No info,8907,1,6,5,0,0,585.0,795
IndiGo,Kolkata,Banglore,CCU ? BLR,22:55,No info,4174,18,4,3,0,0,1220.0,155
Air India,Chennai,Kolkata,MAA ? CCU,13:55,No info,4667,24,6,0,0,0,700.0,135
Jet Airways,Kolkata,Banglore,CCU ? BOM ? BLR,09:20 10 May,In-flight meal not included,9663,9,5,3,0,0,1270.0,730
IndiGo,Kolkata,Banglore,CCU ? BLR,19:50,No info,4804,24,4,2,0,0,1035.0,155
Air India,Delhi,Cochin,DEL ? AMD ? BOM ? COK,19:15 04 Mar,No info,14011,3,3,6,0,0,1000.0,1595
SpiceJet,Delhi,Cochin,DEL ? PNQ ? COK,13:15,No info,5830,15,4,0,0,0,525.0,270
Jet Airways,Delhi,Cochin,DEL ? BOM ? COK,12:35 13 Jun,In-flight meal not included,10262,12,6,2,0,0,840.0,1355
Air India,Delhi,Cochin,DEL ? CCU ? BOM ? COK,19:15 13 Jun,No info,13381,12,6,2,0,0,1215.0,1380
Jet Airways,Delhi,Cochin,DEL ? BOM ? COK,12:35 28 May,In-flight meal not included,12898,27,5,0,0,0,960.0,1235
GoAir,Delhi,Cochin,DEL ? BOM ? COK,19:20,No info,19495,6,3,2,0,0,850.0,310
Air India,Banglore,New Delhi,BLR ? COK ? DEL,13:20 19 Mar,No info,6955,21,3,3,0,0,1320.0,920
IndiGo,Banglore,Delhi,BLR ? DEL,06:50,No info,3943,3,4,2,0,0,240.0,170
IndiGo,Banglore,Delhi,BLR ? DEL,21:50,No info,4823,1,5,2,0,0,1135.0,175
Jet Airways,Kolkata,Banglore,CCU ? BOM ? BLR,08:15 07 May,In-flight meal not included,7757,6,5,0,0,0,1135.0,800
Jet Airways,Delhi,Cochin,DEL ? IDR ? BOM ? COK,12:35 10 Jun,No info,13292,9,6,6,0,0,1285.0,910
IndiGo,Delhi,Cochin,DEL ? LKO ? COK,03:35 02 Jun,No info,8238,1,6,5,0,0,1310.0,345
GoAir,Delhi,Cochin,DEL ? BOM ? COK,12:55,No info,7682,15,5,2,0,0,420.0,355
Vistara,Banglore,Delhi,BLR ? DEL,12:35,No info,4668,18,6,1,0,0,585.0,170
Vistara,Chennai,Kolkata,MAA ? CCU,09:20,No info,3687,15,6,5,0,0,425.0,135
Vistara,Chennai,Kolkata,MAA ? CCU,09:20,No info,3687,18,6,1,0,0,425.0,135
Air India,Kolkata,Banglore,CCU ? GAU ? DEL ? BLR,23:15,No info,13227,1,5,2,0,0,590.0,805
IndiGo,Banglore,Delhi,BLR ? DEL,06:50,No info,4423,6,4,5,0,0,240.0,170
Jet Airways,Delhi,Cochin,DEL ? NAG ? BOM ? COK,12:35 16 Jun,In-flight meal not included,10919,15,6,5,0,0,875.0,1320
Jet Airways,Delhi,Cochin,DEL ? BOM ? COK,12:35,In-flight meal not included,12373,18,5,5,0,0,425.0,330
IndiGo,Delhi,Cochin,DEL ? BOM ? COK,21:00,No info,5894,27,6,3,0,0,635.0,625
SpiceJet,Kolkata,Banglore,CCU ? MAA ? BLR,20:20,No info,4649,21,5,1,0,0,905.0,315
Air India,Kolkata,Banglore,CCU ? BLR,16:45,No info,6245,18,5,5,0,0,855.0,150
Jet Airways,Banglore,New Delhi,BLR ? BOM ? DEL,13:15,No info,19225,6,3,2,0,0,420.0,375
Jet Airways,Delhi,Cochin,DEL ? BOM ? COK,19:00,No info,14924,3,6,0,0,0,425.0,715
Multiple carriers,Delhi,Cochin,DEL ? HYD ? COK,18:10,No info,9646,21,5,1,0,0,425.0,665
Air India,Banglore,New Delhi,BLR ? BOM ? DEL,15:15,No info,8714,15,3,4,0,0,405.0,510
Jet Airways,Delhi,Cochin,DEL ? BOM ? COK,19:00 19 May,In-flight meal not included,12373,18,5,5,0,0,1255.0,1325
Air Asia,Banglore,Delhi,BLR ? DEL,13:55,No info,3383,6,5,0,0,0,670.0,165
Multiple carriers,Delhi,Cochin,DEL ? BOM ? COK,21:00,No info,13062,21,3,3,0,0,540.0,720
SpiceJet,Banglore,New Delhi,BLR ? DEL,08:35,No check-in baggage included,3527,24,3,6,0,0,345.0,170
IndiGo,Banglore,Delhi,BLR ? DEL,06:50,No info,3943,27,5,0,0,0,240.0,170
Air India,Chennai,Kolkata,MAA ? CCU,13:55,No info,4667,3,5,4,0,0,700.0,135
Air India,Kolkata,Banglore,CCU ? HYD ? BLR,11:05 16 May,No info,6117,15,5,2,0,0,1140.0,965
Jet Airways,Delhi,Cochin,DEL ? AMD ? BOM ? COK,19:00 28 Jun,In-flight meal not included,11150,27,6,3,0,0,1385.0,1195
Jet Airways,Delhi,Cochin,DEL ? COK,14:15,In-flight meal not included,7202,9,3,5,0,0,660.0,195
Jet Airways,Kolkata,Banglore,CCU ? DEL ? BLR,10:55 02 May,No info,12121,1,5,2,0,0,575.0,1520
IndiGo,Banglore,New Delhi,BLR ? DEL,01:10 28 Mar,No info,4377,24,3,6,0,0,1340.0,170
IndiGo,Banglore,Delhi,BLR ? DEL,00:15 19 Jun,No info,3943,18,6,1,0,0,1275.0,180
Air Asia,Banglore,Delhi,BLR ? DEL,02:45 04 Apr,No info,4483,3,4,2,0,0,1435.0,170
Jet Airways,Kolkata,Banglore,CCU ? BOM ? BLR,12:00 25 Mar,No info,14231,24,3,6,0,0,1185.0,975
Air India,Banglore,New Delhi,BLR ? BOM ? AMD ? DEL,23:55,No info,17345,1,3,4,0,0,530.0,905
Vistara,Chennai,Kolkata,MAA ? CCU,09:20,No info,7414,6,3,2,0,0,425.0,135
Multiple carriers,Delhi,Cochin,DEL ? BOM ? COK,01:30 07 May,No info,8073,6,5,0,0,0,1140.0,390
Vistara,Mumbai,Hyderabad,BOM ? DEL ? HYD,16:45 07 Mar,No info,12395,6,3,2,0,0,940.0,1505
Air India,Kolkata,Banglore,CCU ? BOM ? BLR,21:50,No info,8366,6,6,3,0,0,565.0,745
Air India,Delhi,Cochin,DEL ? MAA ? COK,09:25 04 Apr,No info,5117,3,4,2,0,0,365.0,1640
Multiple carriers,Delhi,Cochin,DEL ? BOM ? COK,19:00,No info,12524,3,6,0,0,0,525.0,615
IndiGo,Delhi,Cochin,DEL ? BOM ? COK,01:30 16 May,No info,7191,15,5,2,0,0,900.0,630
Vistara,Chennai,Kolkata,MAA ? CCU,09:20,No info,3687,24,5,4,0,0,425.0,135
IndiGo,Delhi,Cochin,DEL ? BOM ? COK,21:00,No info,5894,24,6,0,0,0,635.0,625
Vistara,Banglore,Delhi,BLR ? DEL,12:35,No info,5403,24,4,2,0,0,585.0,170
Air India,Mumbai,Hyderabad,BOM ? HYD,15:25,No info,3625,6,5,0,0,0,835.0,90
Air India,Delhi,Cochin,DEL ? BHO ? BOM ? COK,19:15,No info,10861,21,5,1,0,0,355.0,800
IndiGo,Chennai,Kolkata,MAA ? CCU,15:35,No info,6297,12,3,1,0,0,800.0,135
Jet Airways,Mumbai,Hyderabad,BOM ? HYD,08:30,No info,5678,1,6,5,0,0,425.0,85
Jet Airways,Banglore,New Delhi,BLR ? BOM ? DEL,08:15 13 Mar,In-flight meal not included,9134,9,3,5,0,0,345.0,1590
Multiple carriers,Delhi,Cochin,DEL ? BOM ? COK,19:00,In-flight meal not included,10791,24,6,0,0,0,700.0,440
Jet Airways,Delhi,Cochin,DEL ? AMD ? BOM ? COK,12:35 25 Jun,No info,12819,24,6,0,0,0,1385.0,810
IndiGo,Delhi,Cochin,DEL ? BLR ? COK,10:05,No info,6893,21,3,3,0,0,305.0,300
Vistara,Banglore,New Delhi,BLR ? DEL,12:35,No info,7240,9,3,5,0,0,590.0,165
GoAir,Banglore,Delhi,BLR ? DEL,14:30,No info,3898,3,4,2,0,0,700.0,170
IndiGo,Mumbai,Hyderabad,BOM ? HYD,07:55,No info,4049,3,4,2,0,0,385.0,90
Jet Airways,Delhi,Cochin,DEL ? BOM ? COK,12:35 16 Jun,In-flight meal not included,10262,15,6,5,0,0,1050.0,1145
SpiceJet,Chennai,Kolkata,MAA ? CCU,10:35,No check-in baggage included,3332,21,3,3,0,0,500.0,135
Jet Airways,Kolkata,Banglore,CCU ? BOM ? BLR,12:00 10 Jun,In-flight meal not included,10844,9,6,6,0,0,1270.0,890
Jet Airways,Banglore,New Delhi,BLR ? DEL,22:35,No info,7229,24,3,6,0,0,1195.0,160
Jet Airways,Kolkata,Banglore,CCU ? BOM ? BLR,04:40 07 May,No info,13941,6,5,0,0,0,390.0,1330
IndiGo,Delhi,Cochin,DEL ? BOM ? COK,21:00,No info,5894,27,6,3,0,0,685.0,575
Multiple carriers,Delhi,Cochin,DEL ? BOM ? COK,19:00,No info,10197,18,5,5,0,0,540.0,600
Jet Airways,Banglore,New Delhi,BLR ? BOM ? DEL,11:25 07 Mar,In-flight meal not included,13712,6,3,2,0,0,845.0,1280
IndiGo,Delhi,Cochin,DEL ? MAA ? COK,07:25,No info,5636,24,6,0,0,0,120.0,325
Jet Airways,Delhi,Cochin,DEL ? JAI ? BOM ? COK,04:25 07 Jun,No info,13014,6,6,3,0,0,580.0,1125
Jet Airways,Kolkata,Banglore,CCU ? BOM ? BLR,20:45,In-flight meal not included,7064,1,4,0,0,0,505.0,740
Jet Airways,Kolkata,Banglore,CCU ? DEL ? BLR,14:25 25 May,In-flight meal not included,10703,24,5,4,0,0,1225.0,1080
Multiple carriers,Delhi,Cochin,DEL ? HYD ? COK,22:30,No info,9646,27,5,0,0,0,795.0,555
Multiple carriers,Delhi,Cochin,DEL ? BOM ? COK,13:20,No info,17057,6,3,2,0,0,135.0,665
Jet Airways,Banglore,New Delhi,BLR ? BOM ? DEL,10:25 13 Mar,No info,13817,12,3,1,0,0,1015.0,1050
Air India,Delhi,Cochin,DEL ? BHO ? BOM ? COK,19:15,No info,13748,6,3,2,0,0,355.0,800
Air India,Kolkata,Banglore,CCU ? BLR,23:20,No info,4880,21,4,6,0,0,1245.0,155
IndiGo,Chennai,Kolkata,MAA ? CCU,07:40,No info,3540,21,6,4,0,0,315.0,145
SpiceJet,Banglore,Delhi,BLR ? DEL,08:35,No check-in baggage included,3257,15,5,2,0,0,355.0,160
Jet Airways,Banglore,Delhi,BLR ? DEL,22:50,In-flight meal not included,6478,3,6,0,0,0,1190.0,180
Jet Airways,Mumbai,Hyderabad,BOM ? HYD,08:30,No info,8040,18,6,1,0,0,425.0,85
Jet Airways,Delhi,Cochin,DEL ? ATQ ? BOM ? COK,12:35 13 Jun,No info,14300,12,6,2,0,0,1200.0,995
Jet Airways,Kolkata,Banglore,CCU ? BOM ? BLR,20:45,No info,14781,15,5,2,0,0,505.0,740
Jet Airways,Kolkata,Banglore,CCU ? BOM ? BLR,08:15 10 Jun,No info,14939,9,6,6,0,0,1200.0,735
Jet Airways,Delhi,Cochin,DEL ? BOM ? COK,04:25 25 Jun,In-flight meal not included,10262,24,6,0,0,0,1255.0,450
Air India,Kolkata,Banglore,CCU ? MAA ? BLR,14:35 13 May,No info,6528,12,5,6,0,0,875.0,1440
Air India,Banglore,Delhi,BLR ? DEL,08:55,No info,6121,1,5,2,0,0,370.0,165
Jet Airways,Delhi,Cochin,DEL ? JAI ? BOM ? COK,04:25 19 May,In-flight meal not included,13029,18,5,5,0,0,1170.0,535
Multiple carriers,Delhi,Cochin,DEL ? BOM ? COK,18:50,No info,11421,27,3,2,0,0,700.0,430
Multiple carriers,Delhi,Cochin,DEL ? BOM ? COK,19:15,No info,7574,27,3,2,0,0,285.0,870
Air India,Delhi,Cochin,DEL ? JDH ? BOM ? COK,19:15 10 May,No info,11596,9,5,3,0,0,775.0,1820
Jet Airways,Delhi,Cochin,DEL ? AMD ? BOM ? COK,19:00 25 May,No info,15129,24,5,4,0,0,1385.0,1195
Jet Airways,Banglore,New Delhi,BLR ? BOM ? DEL,05:05 16 Mar,No info,13555,18,3,0,0,0,845.0,900
IndiGo,Banglore,Delhi,BLR ? DEL,21:50,No info,5780,12,4,4,0,0,1135.0,175
Vistara,Kolkata,Banglore,CCU ? DEL ? BLR,09:05 13 May,No info,9397,12,5,6,0,0,1220.0,765
Jet Airways,Delhi,Cochin,DEL ? BOM ? COK,04:25 07 Mar,No info,17024,6,3,2,0,0,1095.0,610
GoAir,Delhi,Cochin,DEL ? BOM ? COK,12:55,No info,5281,27,6,3,0,0,420.0,355
Multiple carriers,Delhi,Cochin,DEL ? HYD ? COK,22:30,No info,10348,18,5,5,0,0,425.0,925
Air India,Delhi,Cochin,DEL ? MAA ? COK,09:25 07 Mar,No info,12677,6,3,2,0,0,1040.0,965
Multiple carriers,Delhi,Cochin,DEL ? BOM ? COK,01:35 04 Mar,No info,15147,3,3,6,0,0,925.0,610
Vistara,Banglore,Delhi,BLR ? DEL,09:40,No info,4668,12,6,2,0,0,420.0,160
Jet Airways,Delhi,Cochin,DEL ? BOM ? COK,19:00,No info,15554,9,5,3,0,0,425.0,715
SpiceJet,Banglore,Delhi,BLR ? DEL,08:35,No info,3971,9,4,1,0,0,355.0,160
Air India,Mumbai,Hyderabad,BOM ? HYD,16:25,No info,3100,3,5,4,0,0,900.0,85
Jet Airways,Kolkata,Banglore,CCU ? BOM ? BLR,10:05 07 May,In-flight meal not included,9663,6,5,0,0,0,1200.0,845
Air India,Delhi,Cochin,DEL ? BOM ? COK,19:15 02 Mar,No info,27430,1,3,4,0,0,1380.0,1215
IndiGo,Chennai,Kolkata,MAA ? CCU,07:40,No info,3540,12,5,6,0,0,315.0,145
Air India,Kolkata,Banglore,CCU ? BBI ? BOM ? BLR,11:10 22 May,No info,10676,21,5,1,0,0,720.0,1390
Jet Airways,Kolkata,Banglore,CCU ? BOM ? BLR,08:15 13 Jun,No info,13044,12,6,2,0,0,845.0,1090
Jet Airways,Kolkata,Banglore,CCU ? BOM ? BLR,12:00 07 May,No info,14388,6,5,0,0,0,1200.0,960
IndiGo,Banglore,Delhi,BLR ? DEL,06:50,No info,3943,24,6,0,0,0,240.0,170
IndiGo,Chennai,Kolkata,MAA ? CCU,17:05,No info,3597,3,6,0,0,0,885.0,140
Air India,Banglore,New Delhi,BLR ? MAA ? DEL,19:50,No info,5932,21,3,3,0,0,710.0,480
Jet Airways,Delhi,Cochin,DEL ? BOM ? COK,04:25 16 Jun,In-flight meal not included,10262,15,6,5,0,0,690.0,1015
Vistara,Delhi,Cochin,DEL ? COK,17:50,No info,6216,12,5,6,0,0,880.0,190
IndiGo,Kolkata,Banglore,CCU ? BLR,23:10,No info,4804,15,6,5,0,0,1225.0,165
Multiple carriers,Delhi,Cochin,DEL ? BOM ? COK,01:30 22 May,No info,14067,21,5,1,0,0,690.0,840
Jet Airways,Delhi,Cochin,DEL ? AMD ? BOM ? COK,19:00 19 May,No info,15129,18,5,5,0,0,1150.0,1430
Jet Airways,Delhi,Cochin,DEL ? NAG ? BOM ? COK,04:25 07 Jun,No info,13376,6,6,3,0,0,405.0,1300
Air India,Delhi,Cochin,DEL ? GOI ? BOM ? COK,19:15 28 Jun,No info,10441,27,6,3,0,0,1320.0,1275
Jet Airways,Banglore,Delhi,BLR ? DEL,08:45,In-flight meal not included,4030,24,5,4,0,0,360.0,165
Jet Airways,Delhi,Cochin,DEL ? BOM ? COK,18:50,No info,17024,3,3,6,0,0,480.0,650
Multiple carriers,Delhi,Cochin,DEL ? BOM ? COK,01:30 10 Apr,No info,13017,9,4,1,0,0,1050.0,480
GoAir,Kolkata,Banglore,CCU ? BOM ? BLR,07:45 07 Jun,No info,6686,6,6,3,0,0,1410.0,495
IndiGo,Delhi,Cochin,DEL ? MAA ? COK,07:25,No info,5636,15,6,5,0,0,120.0,325
IndiGo,Delhi,Cochin,DEL ? HYD ? COK,16:10,No info,6442,9,6,6,0,0,455.0,515
Multiple carriers,Delhi,Cochin,DEL ? HYD ? COK,00:55 22 May,No info,9486,21,5,1,0,0,785.0,710
Jet Airways,Kolkata,Banglore,CCU ? BOM ? BLR,23:35 22 May,In-flight meal not included,10844,21,5,1,0,0,1200.0,1655
Jet Airways,Delhi,Cochin,DEL ? ATQ ? BOM ? COK,04:25 04 Jun,In-flight meal not included,15318,3,6,0,0,0,1200.0,505
Air India,Delhi,Cochin,DEL ? MAA ? COK,09:25 04 Apr,No info,5117,3,4,2,0,0,750.0,1255
IndiGo,Delhi,Cochin,DEL ? BLR ? COK,20:00,No info,6147,24,6,0,0,0,910.0,290
Multiple carriers,Delhi,Cochin,DEL ? BOM ? COK,21:00,No info,7005,9,6,6,0,0,770.0,490
SpiceJet,Kolkata,Banglore,CCU ? BLR,00:40 04 Apr,No info,3873,3,4,2,0,0,1340.0,140
Jet Airways,Delhi,Cochin,DEL ? BDQ ? BOM ? COK,18:50 22 Mar,In-flight meal not included,9270,21,3,3,0,0,1105.0,1465
GoAir,Banglore,Delhi,BLR ? DEL,14:30,No info,3898,27,6,3,0,0,700.0,170
Jet Airways,Kolkata,Banglore,CCU ? BOM ? BLR,20:45,No info,14781,12,5,6,0,0,505.0,740
Jet Airways,Kolkata,Banglore,CCU ? BOM ? BLR,08:15 25 May,In-flight meal not included,8586,24,5,4,0,0,1200.0,735
Air India,Kolkata,Banglore,CCU ? JAI ? BOM ? BLR,07:55 10 May,No info,10697,9,5,3,0,0,500.0,1415
Jet Airways,Delhi,Cochin,DEL ? ATQ ? BOM ? COK,12:35 28 Jun,No info,14300,27,6,3,0,0,1200.0,995
IndiGo,Banglore,New Delhi,BLR ? DEL,21:45,No info,8855,3,3,6,0,0,1135.0,170
Jet Airways,Kolkata,Banglore,CCU ? BOM ? BLR,18:15 13 May,In-flight meal not included,10844,12,5,6,0,0,990.0,1545
Jet Airways,Delhi,Cochin,DEL ? BOM ? COK,04:25 07 Mar,No info,17024,6,3,2,0,0,135.0,1570
Jet Airways,Kolkata,Banglore,CCU ? DEL ? BLR,14:25 02 May,In-flight meal not included,9314,1,5,2,0,0,575.0,1730
IndiGo,Banglore,New Delhi,BLR ? DEL,03:25,No info,4777,24,3,6,0,0,40.0,165
Air India,Kolkata,Banglore,CCU ? BBI ? BLR,13:15 10 Jun,No info,7662,9,6,6,0,0,720.0,1515
IndiGo,Delhi,Cochin,DEL ? HYD ? COK,16:10,No info,6442,9,5,3,0,0,410.0,560
SpiceJet,Delhi,Cochin,DEL ? PNQ ? COK,13:15,No info,5264,12,6,2,0,0,525.0,270
Jet Airways,Delhi,Cochin,DEL ? BOM ? COK,04:25 28 May,In-flight meal not included,12898,27,5,0,0,0,780.0,925
Air India,Mumbai,Hyderabad,BOM ? HYD,15:25,No info,6092,3,3,6,0,0,835.0,90
SpiceJet,Banglore,Delhi,BLR ? DEL,08:35,No info,3311,21,5,1,0,0,355.0,160
Jet Airways,Delhi,Cochin,DEL ? BOM ? COK,04:25 28 Mar,In-flight meal not included,6540,27,3,2,0,0,1155.0,550
IndiGo,Banglore,Delhi,BLR ? DEL,04:15,No info,3419,27,5,0,0,0,90.0,165
Jet Airways,Delhi,Cochin,DEL ? BOM ? COK,12:35 04 Apr,In-flight meal not included,5177,3,4,2,0,0,840.0,1355
Air India,Delhi,Cochin,DEL ? COK,21:10,No info,8246,18,4,3,0,0,1085.0,185
Jet Airways,Kolkata,Banglore,CCU ? DEL ? BLR,21:05,No info,14676,9,6,6,0,0,575.0,690
Multiple carriers,Delhi,Cochin,DEL ? BOM ? COK,21:00,No info,13587,27,6,3,0,0,690.0,570
Jet Airways,Kolkata,Banglore,CCU ? BOM ? BLR,09:20 07 May,In-flight meal not included,9663,6,5,0,0,0,1270.0,730
Jet Airways,Kolkata,Banglore,CCU ? BOM ? BLR,10:05 13 Jun,No info,13044,12,6,2,0,0,990.0,1055
IndiGo,Delhi,Cochin,DEL ? BOM ? COK,01:30 04 Apr,No info,5073,3,4,2,0,0,1225.0,305
Vistara,Kolkata,Banglore,CCU ? DEL ? BLR,18:50 22 May,No info,9345,21,5,1,0,0,1020.0,1550
Jet Airways,Kolkata,Banglore,CCU ? BOM ? BLR,10:05 07 May,In-flight meal not included,9663,6,5,0,0,0,845.0,1200
Multiple carriers,Delhi,Cochin,DEL ? BOM ? COK,21:00,No info,14277,21,5,1,0,0,480.0,780
Jet Airways,Delhi,Cochin,DEL ? BOM ? COK,04:25 02 Jun,In-flight meal not included,10262,1,6,5,0,0,600.0,1105
Jet Airways,Mumbai,Hyderabad,BOM ? HYD,21:05,No info,5678,27,3,2,0,0,1175.0,90
Multiple carriers,Delhi,Cochin,DEL ? BOM ? COK,01:30 16 May,No info,13727,15,5,2,0,0,960.0,570
Jet Airways,Kolkata,Banglore,CCU ? BOM ? BLR,12:00 07 May,In-flight meal not included,9663,6,5,0,0,0,1200.0,960
IndiGo,Chennai,Kolkata,MAA ? CCU,17:05,No info,3858,12,5,6,0,0,885.0,140
SpiceJet,Delhi,Cochin,DEL ? PNQ ? COK,13:15,No info,4812,24,6,0,0,0,525.0,270
IndiGo,Delhi,Cochin,DEL ? LKO ? COK,03:35 28 Jun,No info,5775,27,6,3,0,0,1310.0,345
Jet Airways,Kolkata,Banglore,CCU ? DEL ? BLR,09:45 07 Jun,In-flight meal not included,10539,6,6,3,0,0,575.0,1450
IndiGo,Kolkata,Banglore,CCU ? BLR,18:05,No info,4804,3,6,0,0,0,930.0,155
Air Asia,Banglore,Delhi,BLR ? DEL,13:55,No info,3383,12,6,2,0,0,670.0,165
IndiGo,Banglore,New Delhi,BLR ? HYD ? DEL,17:05,No info,8738,3,3,6,0,0,730.0,295
Air India,Delhi,Cochin,DEL ? TRV ? COK,06:50 28 Mar,No info,7165,27,3,2,0,0,315.0,1535
IndiGo,Delhi,Cochin,DEL ? HYD ? COK,22:30,No info,6412,24,6,0,0,0,970.0,380
Jet Airways,Banglore,Delhi,BLR ? DEL,22:00,No info,8016,27,6,3,0,0,1135.0,185
Jet Airways,Banglore,New Delhi,BLR ? BOM ? DEL,15:15 13 Mar,In-flight meal not included,11087,12,3,1,0,0,1235.0,1120
SpiceJet,Chennai,Kolkata,MAA ? CCU,12:00,No check-in baggage included,3543,27,6,3,0,0,585.0,135
Jet Airways,Kolkata,Banglore,CCU ? BOM ? BLR,04:40 13 Jun,No info,12471,12,6,2,0,0,990.0,730
Jet Airways,Delhi,Cochin,DEL ? BOM ? COK,04:25 25 Jun,In-flight meal not included,10262,24,6,0,0,0,540.0,1165
Air India,Banglore,New Delhi,BLR ? DEL,16:10,No info,4441,18,3,0,0,0,800.0,170
Multiple carriers,Delhi,Cochin,DEL ? BOM ? COK,15:30,No info,12537,27,3,2,0,0,425.0,505
GoAir,Kolkata,Banglore,CCU ? BOM ? BLR,07:40 25 Mar,No info,10091,24,3,6,0,0,1345.0,555
Air India,Banglore,Delhi,BLR ? DEL,23:55,No info,6961,3,6,0,0,0,1265.0,170
IndiGo,Delhi,Cochin,DEL ? COK,08:50,No info,5013,24,4,2,0,0,335.0,195
Air India,Delhi,Cochin,DEL ? COK,08:00,No info,6934,18,5,5,0,0,310.0,170
Multiple carriers,Delhi,Cochin,DEL ? BOM ? COK,19:00,No info,10877,3,6,0,0,0,400.0,740
Jet Airways,Banglore,Delhi,BLR ? DEL,18:10,No info,7229,18,4,3,0,0,915.0,175
IndiGo,Delhi,Cochin,DEL ? BOM ? COK,01:35 28 Mar,No info,7048,27,3,2,0,0,960.0,575
Vistara,Banglore,Delhi,BLR ? DEL,19:35,No info,4878,27,6,3,0,0,1020.0,155
Jet Airways,Kolkata,Banglore,CCU ? BOM ? BLR,23:35,In-flight meal not included,10844,21,5,1,0,0,845.0,570
Jet Airways,Delhi,Cochin,DEL ? AMD ? BOM ? COK,04:25 20 May,No info,15129,18,5,5,0,0,1385.0,1760
IndiGo,Banglore,Delhi,BLR ? DEL,03:25,No info,3943,12,5,6,0,0,30.0,175
SpiceJet,Delhi,Cochin,DEL ? MAA ? COK,11:20,No info,5583,6,6,3,0,0,365.0,315
Multiple carriers,Delhi,Cochin,DEL ? HYD ? COK,16:10,No info,9646,6,6,3,0,0,425.0,545
Multiple carriers,Delhi,Cochin,DEL ? BOM ? COK,19:15,No info,7677,3,6,0,0,0,510.0,645
IndiGo,Delhi,Cochin,DEL ? BLR ? COK,10:05,No info,6842,1,6,5,0,0,310.0,295
Jet Airways,Mumbai,Hyderabad,BOM ? HYD,10:15,In-flight meal not included,4995,24,6,0,0,0,525.0,90
Vistara,Kolkata,Banglore,CCU ? DEL ? BLR,18:50,No info,9555,9,6,6,0,0,430.0,700
IndiGo,Banglore,Delhi,BLR ? DEL,04:15,No info,4077,1,6,5,0,0,90.0,165
Jet Airways,Banglore,Delhi,BLR ? DEL,18:10,No info,7229,12,5,6,0,0,915.0,175
Multiple carriers,Delhi,Cochin,DEL ? BOM ? COK,19:00,No info,12192,9,6,6,0,0,540.0,600
Air India,Banglore,Delhi,BLR ? DEL,12:45,No info,5911,12,4,4,0,0,600.0,165
Air India,Delhi,Cochin,DEL ? BOM ? COK,19:15,No info,8372,12,6,2,0,0,540.0,615
Jet Airways,Mumbai,Hyderabad,BOM ? HYD,08:35,In-flight meal not included,4995,18,3,0,0,0,430.0,85
Multiple carriers,Delhi,Cochin,DEL ? BOM ? COK,19:15,No info,14323,9,5,3,0,0,600.0,555
Jet Airways,Delhi,Cochin,DEL ? JAI ? BOM ? COK,04:25 10 Jun,No info,13014,9,6,6,0,0,330.0,1375
Air India,Delhi,Cochin,DEL ? CCU ? BOM ? COK,19:15 07 Jun,No info,13591,6,6,3,0,0,865.0,1730
Jet Airways,Delhi,Cochin,DEL ? IDR ? BOM ? COK,18:50 04 Mar,No info,18799,3,3,6,0,0,325.0,2245
IndiGo,Banglore,Delhi,BLR ? DEL,02:20 28 Apr,No info,3943,27,4,5,0,0,1410.0,170
SpiceJet,Mumbai,Hyderabad,BOM ? HYD,07:15,No check-in baggage included,1965,21,5,1,0,0,345.0,90
Jet Airways,Mumbai,Hyderabad,BOM ? HYD,11:50,In-flight meal not included,4995,27,5,0,0,0,620.0,90
Air India,Kolkata,Banglore,CCU ? BOM ? BLR,18:30 25 Mar,No info,14641,24,3,6,0,0,1010.0,1540
Air India,Kolkata,Banglore,CCU ? BLR,23:20,No info,4460,12,4,4,0,0,1245.0,155
Air India,Delhi,Cochin,DEL ? BOM ? COK,19:15,No info,10191,18,5,5,0,0,780.0,375
Jet Airways,Delhi,Cochin,DEL ? BOM ? COK,19:45,In-flight meal not included,13843,9,3,5,0,0,135.0,1050
IndiGo,Delhi,Cochin,DEL ? LKO ? COK,03:35 02 May,No info,6349,1,5,2,0,0,1310.0,345
Air Asia,Kolkata,Banglore,CCU ? BLR,12:55,No info,4409,1,5,2,0,0,620.0,155
Jet Airways,Delhi,Cochin,DEL ? BOM ? COK,19:45 07 Mar,No info,17024,6,3,2,0,0,1095.0,1530
Multiple carriers,Delhi,Cochin,DEL ? BOM ? COK,21:00,No info,13727,18,5,5,0,0,425.0,835
IndiGo,Banglore,New Delhi,BLR ? DEL,21:20,No info,8855,15,3,4,0,0,1105.0,175
Multiple carriers,Delhi,Cochin,DEL ? BOM ? COK,19:00,No info,12524,24,6,0,0,0,525.0,615
Jet Airways,Banglore,New Delhi,BLR ? BOM ? DEL,20:20,No info,13555,18,3,0,0,0,700.0,520
Jet Airways,Kolkata,Banglore,CCU ? BOM ? BLR,12:00,In-flight meal not included,10844,6,6,3,0,0,390.0,330
Multiple carriers,Delhi,Cochin,DEL ? BOM ? COK,21:00,No info,13587,9,6,6,0,0,540.0,720
SpiceJet,Chennai,Kolkata,MAA ? CCU,12:00,No check-in baggage included,3543,12,6,2,0,0,585.0,135
Vistara,Chennai,Kolkata,MAA ? CCU,09:20,No info,4842,18,3,0,0,0,425.0,135
IndiGo,Banglore,Delhi,BLR ? DEL,02:20 25 Apr,No info,3943,24,4,2,0,0,1410.0,170
Jet Airways,Delhi,Cochin,DEL ? BOM ? COK,04:25 10 Jun,In-flight meal not included,10577,9,6,6,0,0,1155.0,550
IndiGo,Delhi,Cochin,DEL ? BOM ? COK,21:00,No info,6979,15,5,2,0,0,635.0,625
Vistara,Chennai,Kolkata,MAA ? CCU,20:05,No info,11982,27,6,3,0,0,1065.0,140
SpiceJet,Delhi,Cochin,DEL ? PNQ ? COK,13:15,No info,5264,6,6,3,0,0,525.0,270
Vistara,Delhi,Cochin,DEL ? COK,09:10,No info,8001,3,3,6,0,0,360.0,190
Air India,Delhi,Cochin,DEL ? AMD ? BOM ? COK,19:15 02 Jun,No info,10651,1,6,5,0,0,1185.0,1410
Jet Airways,Kolkata,Banglore,CCU ? BOM ? BLR,19:50 25 May,In-flight meal not included,10844,24,5,4,0,0,990.0,1640
Multiple carriers,Delhi,Cochin,DEL ? HYD ? COK,22:20,No info,6601,27,3,2,0,0,585.0,755
Air India,Delhi,Cochin,DEL ? BOM ? COK,19:15 22 Mar,No info,6587,21,3,3,0,0,1140.0,1455
SpiceJet,Mumbai,Hyderabad,BOM ? HYD,14:30,No info,3173,21,3,3,0,0,790.0,80
Air India,Banglore,Delhi,BLR ? DEL,12:45,No info,5228,9,5,3,0,0,600.0,165
Jet Airways,Banglore,Delhi,BLR ? DEL,10:10,In-flight meal not included,5769,21,6,4,0,0,430.0,180
Jet Airways,Delhi,Cochin,DEL ? BOM ? COK,19:00,No info,14714,6,6,3,0,0,480.0,660
Jet Airways,Delhi,Cochin,DEL ? JAI ? BOM ? COK,19:00,No info,13014,3,6,0,0,0,330.0,810
IndiGo,Banglore,Delhi,BLR ? DEL,01:00 04 Jun,No info,3359,3,6,0,0,0,1330.0,170
GoAir,Banglore,New Delhi,BLR ? DEL,23:50,No info,6722,3,3,6,0,0,1255.0,175
IndiGo,Kolkata,Banglore,CCU ? BLR,12:20,No info,4462,18,3,0,0,0,575.0,165
IndiGo,Delhi,Cochin,DEL ? HYD ? COK,16:10,No info,6171,9,3,5,0,0,295.0,675
Air India,Kolkata,Banglore,CCU ? IXR ? DEL ? BLR,20:25,No info,12303,21,5,1,0,0,350.0,875
Multiple carriers,Delhi,Cochin,DEL ? BOM ? COK,01:35 22 Mar,No info,7695,21,3,3,0,0,700.0,835
IndiGo,Delhi,Cochin,DEL ? BOM ? COK,01:30 25 Jun,No info,5684,24,6,0,0,0,685.0,845
Air India,Kolkata,Banglore,CCU ? BOM ? BLR,07:55 13 Jun,No info,8366,12,6,2,0,0,1010.0,905
Air India,Chennai,Kolkata,MAA ? CCU,13:55,No info,19630,1,3,4,0,0,700.0,135
Jet Airways,Banglore,New Delhi,BLR ? BOM ? DEL,05:05 07 Mar,In-flight meal not included,13502,6,3,2,0,0,845.0,900
Jet Airways,Kolkata,Banglore,CCU ? BOM ? BLR,10:05 02 May,No info,14781,1,5,2,0,0,1270.0,775
Multiple carriers,Delhi,Cochin,DEL ? HYD ? COK,16:10,No info,6513,12,6,2,0,0,430.0,540
Air India,Delhi,Cochin,DEL ? BOM ? COK,19:15,No info,9929,1,6,5,0,0,420.0,735
Multiple carriers,Delhi,Cochin,DEL ? IXU ? BOM ? COK,01:30 07 Jun,No info,18275,6,6,3,0,0,1070.0,460
Air India,Delhi,Cochin,DEL ? MAA ? COK,09:25 10 Apr,No info,4487,9,4,1,0,0,365.0,1640
IndiGo,Mumbai,Hyderabad,BOM ? HYD,22:45,No info,2754,15,3,4,0,0,1280.0,85
Air India,Mumbai,Hyderabad,BOM ? HYD,07:40,No info,2575,27,3,2,0,0,380.0,80
SpiceJet,Kolkata,Banglore,CCU ? IXB ? BLR,21:25,No info,8224,12,6,2,0,0,955.0,330
Air India,Delhi,Cochin,DEL ? BLR ? COK,08:15 10 Mar,No info,8991,9,3,5,0,0,1230.0,705
IndiGo,Delhi,Cochin,DEL ? COK,08:50,No info,5000,24,6,0,0,0,335.0,195
Jet Airways,Kolkata,Banglore,CCU ? BOM ? BLR,19:50 13 Jun,In-flight meal not included,8529,12,6,2,0,0,1135.0,1495
Air India,Delhi,Cochin,DEL ? MAA ? COK,09:25 04 Mar,No info,14042,3,3,6,0,0,365.0,1640
Jet Airways,Banglore,Delhi,BLR ? DEL,14:05,In-flight meal not included,4030,24,5,4,0,0,670.0,175
Jet Airways,Kolkata,Banglore,CCU ? BOM ? BLR,12:00 07 Jun,In-flight meal not included,10844,6,6,3,0,0,1135.0,1025
IndiGo,Kolkata,Banglore,CCU ? BLR,00:05 07 May,No info,4804,6,5,0,0,0,1285.0,160
Multiple carriers,Delhi,Cochin,DEL ? BOM ? COK,01:30 28 May,In-flight meal not included,7308,27,5,0,0,0,1050.0,480
IndiGo,Banglore,Delhi,BLR ? DEL,19:55,No info,4823,12,5,6,0,0,1015.0,180
Jet Airways,Delhi,Cochin,DEL ? BOM ? COK,12:35 25 Jun,In-flight meal not included,10262,24,6,0,0,0,540.0,1655
Jet Airways,Delhi,Cochin,DEL ? BOM ? COK,04:25 28 May,In-flight meal not included,12898,27,5,0,0,0,1255.0,450
Air India,Banglore,New Delhi,BLR ? BOM ? JDH ? DEL,16:20 13 Mar,No info,12778,12,3,1,0,0,1045.0,1375
IndiGo,Delhi,Cochin,DEL ? BOM ? COK,13:20,No info,14871,3,3,6,0,0,285.0,515
Air India,Delhi,Cochin,DEL ? UDR ? BOM ? COK,19:15 22 Mar,No info,8708,21,3,3,0,0,800.0,1795
Jet Airways,Kolkata,Banglore,CCU ? BOM ? BLR,18:15 07 Jun,In-flight meal not included,10844,6,6,3,0,0,1200.0,1335
SpiceJet,Mumbai,Hyderabad,BOM ? HYD,07:05,No info,4129,6,3,2,0,0,345.0,80
IndiGo,Kolkata,Banglore,CCU ? BLR,00:05 19 May,No info,4804,18,5,5,0,0,1285.0,160
Jet Airways,Banglore,Delhi,BLR ? DEL,11:20,No info,7229,6,5,0,0,0,500.0,180
Jet Airways,Banglore,New Delhi,BLR ? BOM ? DEL,19:10,In-flight meal not included,7832,21,3,3,0,0,420.0,730
SpiceJet,Chennai,Kolkata,MAA ? CCU,12:05,No info,3859,18,3,0,0,0,570.0,155
Multiple carriers,Delhi,Cochin,DEL ? BOM ? COK,19:15,No info,9001,6,6,3,0,0,450.0,705
Vistara,Banglore,Delhi,BLR ? DEL,19:35,No info,4878,9,5,3,0,0,1020.0,155
IndiGo,Mumbai,Hyderabad,BOM ? HYD,04:05,No info,2754,3,5,4,0,0,155.0,90
Vistara,Banglore,Delhi,BLR ? DEL,09:40,No info,4668,27,6,3,0,0,420.0,160
Air Asia,Kolkata,Banglore,CCU ? BLR,12:55,No info,5216,12,5,6,0,0,620.0,155
Jet Airways,Delhi,Cochin,DEL ? JAI ? BOM ? COK,04:25 07 Jun,In-flight meal not included,10368,6,6,3,0,0,330.0,1375
IndiGo,Delhi,Cochin,DEL ? HYD ? MAA ? COK,21:20,No info,8146,9,3,5,0,0,400.0,880
Jet Airways,Delhi,Cochin,DEL ? BOM ? COK,04:25 28 Mar,No info,12242,27,3,2,0,0,780.0,925
Jet Airways,Banglore,New Delhi,BLR ? BOM ? DEL,15:15,In-flight meal not included,9134,15,3,4,0,0,480.0,435
Air India,Delhi,Cochin,DEL ? HYD ? MAA ? COK,09:25 07 Jun,No info,10939,6,6,3,0,0,795.0,1210
Air India,Delhi,Cochin,DEL ? GOI ? BOM ? COK,07:40 07 Jun,No info,11753,6,6,3,0,0,655.0,1245
SpiceJet,Kolkata,Banglore,CCU ? BLR,19:40,No info,4174,24,4,2,0,0,1030.0,150
Jet Airways,Kolkata,Banglore,CCU ? BOM ? BLR,19:50 22 May,In-flight meal not included,10844,21,5,1,0,0,1200.0,1430
Jet Airways,Delhi,Cochin,DEL ? BOM ? COK,19:00 04 Jun,No info,14714,3,6,0,0,0,960.0,1620
Jet Airways,Kolkata,Banglore,CCU ? BOM ? BLR,12:00,In-flight meal not included,9899,12,6,2,0,0,390.0,330
IndiGo,Delhi,Cochin,DEL ? BOM ? COK,21:00,No info,14871,3,3,6,0,0,550.0,710
IndiGo,Chennai,Kolkata,MAA ? CCU,15:35,No info,7295,6,3,2,0,0,800.0,135
Air India,Delhi,Cochin,DEL ? JAI ? BOM ? COK,19:15 07 Jun,No info,13465,6,6,3,0,0,1125.0,1470
SpiceJet,Chennai,Kolkata,MAA ? CCU,20:05,No check-in baggage included,3543,21,5,1,0,0,1065.0,140
Multiple carriers,Delhi,Cochin,DEL ? BOM ? COK,01:30 28 Jun,No info,7198,27,6,3,0,0,1140.0,390
Jet Airways,Delhi,Cochin,DEL ? BOM ? COK,04:25 02 Jun,In-flight meal not included,10262,1,6,5,0,0,480.0,1225
IndiGo,Kolkata,Banglore,CCU ? BLR,17:55,No info,4148,15,3,4,0,0,920.0,155
Jet Airways,Banglore,Delhi,BLR ? DEL,18:10,No info,8016,27,6,3,0,0,915.0,175
Jet Airways,Delhi,Cochin,DEL ? BOM ? COK,04:25 10 Jun,In-flight meal not included,10262,9,6,6,0,0,1370.0,335
SpiceJet,Kolkata,Banglore,CCU ? BLR,17:25,No check-in baggage included,3841,15,6,5,0,0,895.0,150
Jet Airways,Banglore,New Delhi,BLR ? MAA ? DEL,00:30 13 Mar,No info,11507,12,3,1,0,0,585.0,885
Jet Airways,Kolkata,Banglore,CCU ? BOM ? BLR,20:45,No info,14781,1,5,2,0,0,505.0,740
Jet Airways,Delhi,Cochin,DEL ? BOM ? COK,19:00 28 May,No info,16079,27,5,0,0,0,1050.0,1530
Jet Airways,Delhi,Cochin,DEL ? BOM ? COK,04:25 28 May,In-flight meal not included,12898,27,5,0,0,0,1370.0,335
Multiple carriers,Delhi,Cochin,DEL ? BOM ? COK,19:15,No info,15353,6,3,2,0,0,450.0,705
IndiGo,Banglore,New Delhi,BLR ? DEL,21:20,No info,7303,24,3,6,0,0,1105.0,175
SpiceJet,Kolkata,Banglore,CCU ? MAA ? BLR,20:45,No info,6197,24,3,6,0,0,905.0,340
Air India,Kolkata,Banglore,CCU ? BBI ? BLR,13:15,No info,8996,9,6,6,0,0,550.0,245
IndiGo,Delhi,Cochin,DEL ? HYD ? COK,22:20,No info,6528,21,3,3,0,0,860.0,480
GoAir,Banglore,Delhi,BLR ? DEL,23:40,No info,4239,9,4,1,0,0,1255.0,165
IndiGo,Kolkata,Banglore,CCU ? BLR,23:05,No info,4148,12,3,1,0,0,1225.0,160
SpiceJet,Banglore,Delhi,BLR ? DEL,00:05 25 May,No info,3971,24,5,4,0,0,1270.0,175
Air Asia,Kolkata,Banglore,CCU ? DEL ? BLR,23:30,No info,5192,6,5,0,0,0,455.0,955
Jet Airways,Delhi,Cochin,DEL ? AMD ? BOM ? COK,12:35 10 Apr,No info,9483,9,4,1,0,0,805.0,1390
Jet Airways,Delhi,Cochin,DEL ? JDH ? BOM ? COK,19:00,No info,18804,3,6,0,0,0,700.0,440
Air India,Delhi,Cochin,DEL ? COK,08:00,No info,5201,18,6,1,0,0,310.0,170
Jet Airways,Delhi,Cochin,DEL ? BOM ? COK,19:00,No info,16079,27,5,0,0,0,690.0,450
Jet Airways,Banglore,Delhi,BLR ? DEL,22:50,In-flight meal not included,7229,15,6,5,0,0,1190.0,180
Multiple carriers,Delhi,Cochin,DEL ? BOM ? COK,01:30 28 May,No info,6795,27,5,0,0,0,1065.0,465
Jet Airways,Kolkata,Banglore,CCU ? DEL ? BLR,10:55 10 May,No info,10953,9,5,3,0,0,575.0,1520
Multiple carriers,Delhi,Cochin,DEL ? IDR ? BOM ? COK,01:30 25 Jun,No info,15965,24,6,0,0,0,905.0,625
Air India,Delhi,Cochin,DEL ? JDH ? BOM ? COK,19:15 10 Apr,No info,9968,9,4,1,0,0,775.0,1820
IndiGo,Kolkata,Banglore,CCU ? BLR,00:50 07 Jun,No info,4804,6,6,3,0,0,1335.0,155
Jet Airways,Delhi,Cochin,DEL ? BOM ? COK,19:00,No info,16079,27,5,0,0,0,600.0,540
Jet Airways,Delhi,Cochin,DEL ? IDR ? BOM ? COK,12:35 13 Jun,In-flight meal not included,11507,12,6,2,0,0,1285.0,910
Air India,Kolkata,Banglore,CCU ? BOM ? COK ? BLR,13:45 10 Jun,No info,11542,9,6,6,0,0,565.0,1700
Jet Airways,Banglore,Delhi,BLR ? DEL,20:45,No info,7229,24,4,2,0,0,1065.0,180
Jet Airways,Banglore,Delhi,BLR ? DEL,08:45,In-flight meal not included,4544,27,4,5,0,0,360.0,165
IndiGo,Delhi,Cochin,DEL ? BLR ? COK,10:05,No info,6496,15,5,2,0,0,310.0,295
IndiGo,Kolkata,Banglore,CCU ? BLR,00:05 16 Jun,No info,4804,15,6,5,0,0,1285.0,160
Air India,Banglore,New Delhi,BLR ? CCU ? DEL,09:15 02 Mar,No info,13439,1,3,4,0,0,665.0,1330
Jet Airways,Delhi,Cochin,DEL ? BOM ? COK,04:25 28 Mar,In-flight meal not included,6540,27,3,2,0,0,1095.0,610
IndiGo,Banglore,Delhi,BLR ? DEL,02:20 02 Jun,No info,4591,1,6,5,0,0,1410.0,170
IndiGo,Banglore,New Delhi,BLR ? HYD ? DEL,20:35,No info,4437,18,3,0,0,0,975.0,260
Air Asia,Delhi,Cochin,DEL ? BLR ? COK,07:10 22 Mar,No info,6151,21,3,3,0,0,1210.0,660
Jet Airways,Banglore,Delhi,BLR ? DEL,20:45,In-flight meal not included,7754,21,6,4,0,0,1065.0,180
Jet Airways,Delhi,Cochin,DEL ? BOM ? COK,12:35 25 Jun,In-flight meal not included,10262,24,6,0,0,0,840.0,1355
Jet Airways,Banglore,Delhi,BLR ? DEL,22:00,No info,8016,9,6,6,0,0,1135.0,185
SpiceJet,Kolkata,Banglore,CCU ? BLR,09:35,No check-in baggage included,4781,24,3,6,0,0,415.0,160
Vistara,Banglore,Delhi,BLR ? DEL,14:20,No info,4668,27,6,3,0,0,690.0,170
Air India,Banglore,New Delhi,BLR ? MAA ? DEL,08:55 07 Mar,No info,14594,6,3,2,0,0,710.0,1265
Jet Airways,Kolkata,Banglore,CCU ? BOM ? BLR,04:45 25 Mar,No info,14231,24,3,6,0,0,1015.0,710
Air India,Delhi,Cochin,DEL ? TRV ? COK,06:50 16 May,No info,8425,15,5,2,0,0,315.0,1535
Multiple carriers,Delhi,Cochin,DEL ? HYD ? COK,22:30,No info,9646,12,6,2,0,0,425.0,925
IndiGo,Chennai,Kolkata,MAA ? CCU,17:05,No info,7295,3,3,6,0,0,880.0,145
Air Asia,Kolkata,Banglore,CCU ? BBI ? BLR,10:30,No info,5162,9,4,1,0,0,410.0,220
IndiGo,Banglore,New Delhi,BLR ? DEL,21:20,No info,6860,9,3,5,0,0,1105.0,175
Vistara,Delhi,Cochin,DEL ? COK,09:10,No info,6216,15,4,0,0,0,360.0,190
Air Asia,Kolkata,Banglore,CCU ? DEL ? BLR,19:25,No info,5192,24,5,4,0,0,455.0,710
IndiGo,Banglore,Delhi,BLR ? DEL,22:50,No info,4823,9,4,1,0,0,1200.0,170
SpiceJet,Banglore,Delhi,BLR ? DEL,12:20,No check-in baggage included,3919,3,4,2,0,0,570.0,170
IndiGo,Mumbai,Hyderabad,BOM ? HYD,20:35,No info,2754,3,6,0,0,0,1145.0,90
Multiple carriers,Delhi,Cochin,DEL ? BOM ? COK,19:00,No info,9315,9,5,3,0,0,450.0,690
Multiple carriers,Delhi,Cochin,DEL ? BOM ? COK,18:50,No info,11667,27,3,2,0,0,600.0,530
Jet Airways,Kolkata,Banglore,CCU ? BOM ? BLR,04:40 13 Jun,In-flight meal not included,6224,12,6,2,0,0,505.0,1215
Air India,Kolkata,Banglore,CCU ? BOM ? GOI ? BLR,05:35 25 Mar,No info,13349,24,3,6,0,0,565.0,1210
Jet Airways,Banglore,New Delhi,BLR ? BOM ? DEL,09:00 16 Mar,In-flight meal not included,11087,18,3,0,0,0,1015.0,965
Multiple carriers,Delhi,Cochin,DEL ? BOM ? COK,01:35 07 Mar,No info,15603,6,3,2,0,0,780.0,755
Jet Airways,Delhi,Cochin,DEL ? JAI ? BOM ? COK,12:35 10 May,No info,15129,9,5,3,0,0,1170.0,1025
IndiGo,Banglore,Delhi,BLR ? DEL,19:55,No info,4823,9,4,1,0,0,1015.0,180
Vistara,Kolkata,Banglore,CCU ? DEL ? BLR,22:40,No info,8452,1,5,2,0,0,430.0,930
Multiple carriers,Delhi,Cochin,DEL ? BOM ? COK,19:00,No info,12524,6,6,3,0,0,450.0,690
SpiceJet,Chennai,Kolkata,MAA ? CCU,20:05,No info,3384,27,3,2,0,0,1065.0,140
Jet Airways,Delhi,Cochin,DEL ? BOM ? COK,19:00 02 Jun,In-flight meal not included,10262,1,6,5,0,0,1155.0,1425
SpiceJet,Mumbai,Hyderabad,BOM ? HYD,14:45,No check-in baggage included,1965,18,6,1,0,0,795.0,90
IndiGo,Kolkata,Banglore,CCU ? BLR,00:50 19 May,No info,4804,18,5,5,0,0,1335.0,155
Jet Airways,Delhi,Cochin,DEL ? BOM ? COK,19:00 28 May,No info,16079,27,5,0,0,0,1095.0,1485
Jet Airways,Delhi,Cochin,DEL ? IDR ? BOM ? COK,19:00 02 Jun,No info,13292,1,6,5,0,0,1285.0,1295
Air Asia,Delhi,Cochin,DEL ? BLR ? COK,13:25,No info,6751,9,5,3,0,0,475.0,330
Air India,Delhi,Cochin,DEL ? BOM ? COK,19:15,No info,8669,15,5,2,0,0,420.0,735
IndiGo,Delhi,Cochin,DEL ? BOM ? COK,01:35 04 Mar,No info,14871,3,3,6,0,0,1050.0,485
Jet Airways,Delhi,Cochin,DEL ? BOM ? COK,19:00,In-flight meal not included,12898,21,5,1,0,0,840.0,300
SpiceJet,Banglore,Delhi,BLR ? DEL,12:20,No check-in baggage included,3919,6,6,3,0,0,570.0,170
Multiple carriers,Delhi,Cochin,DEL ? BOM ? COK,19:15,No info,36983,1,3,4,0,0,770.0,385
IndiGo,Chennai,Kolkata,MAA ? CCU,21:55,No info,3597,3,6,0,0,0,1175.0,140
Air India,Banglore,New Delhi,BLR ? DEL,19:45,No info,10741,9,3,5,0,0,1020.0,165
Air India,Kolkata,Banglore,CCU ? BOM ? GOI ? BLR,05:35 07 Jun,No info,11432,6,6,3,0,0,1010.0,765
Jet Airways,Banglore,New Delhi,BLR ? BOM ? DEL,10:45 13 Mar,In-flight meal not included,11087,12,3,1,0,0,1135.0,950
Jet Airways,Delhi,Cochin,DEL ? IDR ? BOM ? COK,12:35 04 Jun,No info,13292,3,6,0,0,0,575.0,1620
Air India,Delhi,Cochin,DEL ? RPR ? NAG ? BOM ? COK,07:40 16 Jun,No info,10493,15,6,5,0,0,315.0,1585
GoAir,Banglore,New Delhi,BLR ? DEL,10:40,No info,7631,9,3,5,0,0,465.0,175
Air India,Delhi,Cochin,DEL ? CCU ? BOM ? COK,07:40 07 Jun,No info,13381,6,6,3,0,0,410.0,1490
Jet Airways,Kolkata,Banglore,CCU ? BOM ? BLR,04:40 07 Jun,No info,13731,6,6,3,0,0,1200.0,520
Air India,Delhi,Cochin,DEL ? BHO ? BOM ? COK,07:40 22 May,No info,11911,21,5,1,0,0,355.0,1545
IndiGo,Banglore,Delhi,BLR ? DEL,02:20 19 Apr,No info,4591,18,4,3,0,0,1410.0,170
Multiple carriers,Delhi,Cochin,DEL ? BOM ? COK,19:15,No info,14848,3,6,0,0,0,780.0,375
Multiple carriers,Delhi,Cochin,DEL ? BOM ? COK,19:15,No info,8266,12,6,2,0,0,525.0,630
Air India,Delhi,Cochin,DEL ? HYD ? BOM ? COK,19:15 19 May,No info,12392,18,5,5,0,0,1035.0,1560
Jet Airways,Kolkata,Banglore,CCU ? BOM ? BLR,12:00 13 Jun,No info,13044,12,6,2,0,0,1135.0,1025
Jet Airways,Delhi,Cochin,DEL ? BOM ? COK,04:25 22 May,In-flight meal not included,12898,21,5,1,0,0,425.0,1280
Jet Airways,Delhi,Cochin,DEL ? BOM ? COK,04:25 22 Mar,No info,12242,21,3,3,0,0,1370.0,335
IndiGo,Banglore,Delhi,BLR ? DEL,13:00,No info,3943,18,5,5,0,0,610.0,170
Vistara,Kolkata,Banglore,CCU ? DEL ? BLR,22:10 25 Mar,No info,11105,24,3,6,0,0,1220.0,1550
Jet Airways,Kolkata,Banglore,CCU ? BOM ? BLR,09:20 13 May,No info,14388,12,5,6,0,0,1270.0,730
Jet Airways,Delhi,Cochin,DEL ? JAI ? BOM ? COK,12:35 19 May,No info,13014,18,5,5,0,0,1170.0,1025
Multiple carriers,Delhi,Cochin,DEL ? BOM ? COK,18:50,No info,15411,6,3,2,0,0,620.0,510
Jet Airways,Delhi,Cochin,DEL ? BOM ? COK,18:50 10 Mar,No info,16289,9,3,5,0,0,1185.0,1385
IndiGo,Delhi,Cochin,DEL ? HYD ? COK,16:10,No info,6442,15,5,2,0,0,410.0,560
Jet Airways,Kolkata,Banglore,CCU ? BOM ? BLR,16:20,In-flight meal not included,10844,18,5,5,0,0,505.0,475
Jet Airways,Mumbai,Hyderabad,BOM ? HYD,11:50,No info,5678,18,5,5,0,0,620.0,90
IndiGo,Banglore,Delhi,BLR ? DEL,02:20 13 Apr,No info,6906,12,4,4,0,0,1410.0,170
SpiceJet,Chennai,Kolkata,MAA ? CCU,12:00,No check-in baggage included,3543,21,5,1,0,0,585.0,135
Jet Airways,Delhi,Cochin,DEL ? BOM ? COK,19:00,No info,14714,6,6,3,0,0,540.0,600
Vistara Premium economy,Banglore,New Delhi,BLR ? DEL,18:35,No info,11793,3,3,6,0,0,960.0,155
Multiple carriers,Delhi,Cochin,DEL ? BOM ? COK,19:15,No info,14323,15,5,2,0,0,690.0,465
SpiceJet,Banglore,Delhi,BLR ? DEL,00:05 10 Apr,No info,3971,9,4,1,0,0,1270.0,175
Vistara,Kolkata,Banglore,CCU ? DEL ? BLR,22:40 07 May,No info,8452,6,5,0,0,0,1220.0,1580
Vistara,Banglore,Delhi,BLR ? DEL,09:40,No info,5403,12,4,4,0,0,420.0,160
Multiple carriers,Delhi,Cochin,DEL ? BOM ? COK,21:00,No info,13727,9,5,3,0,0,600.0,660
Air India,Kolkata,Banglore,CCU ? DEL ? AMD ? BLR,05:25 02 Apr,No info,12639,1,4,0,0,0,600.0,1165
Jet Airways,Banglore,Delhi,BLR ? DEL,18:10,In-flight meal not included,5198,18,4,3,0,0,915.0,175
Vistara,Banglore,Delhi,BLR ? DEL,22:15,No info,4878,1,6,5,0,0,1170.0,165
Jet Airways,Delhi,Cochin,DEL ? BOM ? COK,19:00 19 May,In-flight meal not included,12373,18,5,5,0,0,1185.0,1395
Multiple carriers,Delhi,Cochin,DEL ? HYD ? COK,16:10,In-flight meal not included,8552,3,3,6,0,0,430.0,540
Vistara,Delhi,Cochin,DEL ? COK,17:50,No info,6741,21,4,6,0,0,880.0,190
Multiple carriers,Delhi,Cochin,DEL ? BOM ? COK,19:15,No info,6481,9,4,1,0,0,770.0,385
Multiple carriers,Delhi,Cochin,DEL ? BOM ? COK,19:15,No info,7354,6,6,3,0,0,635.0,520
Air India,Banglore,Delhi,BLR ? DEL,23:55,No info,5228,21,4,6,0,0,1265.0,170
Jet Airways,Kolkata,Banglore,CCU ? BOM ? BLR,20:45,In-flight meal not included,10844,12,5,6,0,0,505.0,740
IndiGo,Delhi,Cochin,DEL ? HYD ? COK,12:10,No info,6347,18,5,5,0,0,410.0,320
Air India,Banglore,New Delhi,BLR ? HYD ? DEL,12:15,No info,5013,15,3,4,0,0,495.0,240
Jet Airways,Kolkata,Banglore,CCU ? BOM ? BLR,04:40 10 Jun,In-flight meal not included,9663,9,6,6,0,0,1135.0,585
IndiGo,Banglore,Delhi,BLR ? DEL,21:20,No info,4823,6,4,5,0,0,1105.0,175
Air India,Delhi,Cochin,DEL ? CCU ? BOM ? COK,19:15 25 Jun,No info,13381,24,6,0,0,0,1015.0,1580
SpiceJet,Chennai,Kolkata,MAA ? CCU,12:00,No check-in baggage included,3543,1,6,5,0,0,585.0,135
Jet Airways,Kolkata,Banglore,CCU ? BOM ? BLR,04:40 16 May,In-flight meal not included,9663,15,5,2,0,0,1135.0,585
Jet Airways,Kolkata,Banglore,CCU ? BOM ? BLR,19:50 02 Apr,In-flight meal not included,7064,1,4,0,0,0,1135.0,1495
Jet Airways,Delhi,Cochin,DEL ? BOM ? COK,19:00,In-flight meal not included,10262,9,6,6,0,0,425.0,715
Air India,Delhi,Cochin,DEL ? GOI ? BOM ? COK,19:15,No info,13013,1,6,5,0,0,655.0,500
Jet Airways,Delhi,Cochin,DEL ? AMD ? BOM ? COK,12:35 28 Jun,No info,15339,27,6,3,0,0,1150.0,1045
GoAir,Banglore,Delhi,BLR ? DEL,14:30,No info,4937,18,4,3,0,0,700.0,170
IndiGo,Delhi,Cochin,DEL ? HYD ? COK,12:10,No info,6818,6,6,3,0,0,305.0,425
Air India,Delhi,Cochin,DEL ? GOI ? BOM ? COK,19:15 19 May,No info,10441,18,5,5,0,0,1320.0,1275
Jet Airways,Delhi,Cochin,DEL ? BOM ? COK,19:00,In-flight meal not included,5177,3,4,2,0,0,840.0,300
IndiGo,Chennai,Kolkata,MAA ? CCU,14:00,No info,3858,27,6,3,0,0,695.0,145
IndiGo,Kolkata,Banglore,CCU ? PNQ ? BLR,02:15 19 May,No info,6534,18,5,5,0,0,1260.0,315
Multiple carriers,Delhi,Cochin,DEL ? BOM ? COK,01:30 16 Jun,No info,6795,15,6,5,0,0,620.0,910
Multiple carriers,Delhi,Cochin,DEL ? BOM ? COK,19:15,No info,9736,3,6,0,0,0,450.0,705
Jet Airways,Banglore,Delhi,BLR ? DEL,22:50,No info,7229,1,5,2,0,0,1190.0,180
SpiceJet,Delhi,Cochin,DEL ? BLR ? COK,22:50,No info,4957,24,4,2,0,0,1075.0,295
IndiGo,Banglore,New Delhi,BLR ? DEL,08:45,No info,7648,9,3,5,0,0,360.0,165
SpiceJet,Kolkata,Banglore,CCU ? BLR,17:25,No info,3873,15,6,5,0,0,895.0,150
Jet Airways,Kolkata,Banglore,CCU ? BOM ? BLR,04:40 13 May,No info,14388,12,5,6,0,0,1135.0,585
IndiGo,Kolkata,Banglore,CCU ? BLR,19:55,No info,5618,6,3,2,0,0,1035.0,160
Multiple carriers,Delhi,Cochin,DEL ? BOM ? COK,01:30 10 Jun,No info,7408,9,6,6,0,0,1140.0,390
Air Asia,Delhi,Cochin,DEL ? BLR ? COK,22:15,No info,13774,3,3,6,0,0,1005.0,330
Vistara,Banglore,Delhi,BLR ? DEL,09:40,No info,4668,3,5,4,0,0,420.0,160
Jet Airways,Delhi,Cochin,DEL ? UDR ? BOM ? COK,04:25 23 Mar,No info,13082,21,3,3,0,0,1100.0,2045
Air India,Delhi,Cochin,DEL ? BOM ? COK,19:15,No info,8669,3,6,0,0,0,230.0,925
IndiGo,Delhi,Cochin,DEL ? BOM ? COK,01:30 25 Jun,No info,6316,24,6,0,0,0,960.0,570
Jet Airways,Delhi,Cochin,DEL ? BOM ? COK,04:25 07 Mar,In-flight meal not included,12583,6,3,2,0,0,1340.0,365
Vistara,Banglore,New Delhi,BLR ? DEL,18:50,No info,7923,9,3,5,0,0,970.0,160
GoAir,Delhi,Cochin,DEL ? BOM ? COK,12:50,No info,7378,3,3,6,0,0,420.0,350
Vistara,Banglore,Delhi,BLR ? DEL,22:15,No info,4878,3,6,0,0,0,1170.0,165
Jet Airways,Kolkata,Banglore,CCU ? BOM ? BLR,19:50 19 May,In-flight meal not included,10844,18,5,5,0,0,990.0,1640
Jet Airways,Banglore,Delhi,BLR ? DEL,11:20,No info,7229,3,4,2,0,0,500.0,180
SpiceJet,Delhi,Cochin,DEL ? MAA ? COK,11:20,No info,6297,21,5,1,0,0,365.0,315
Jet Airways,Kolkata,Banglore,CCU ? BOM ? BLR,12:00 13 Jun,In-flight meal not included,8529,12,6,2,0,0,1200.0,960
Multiple carriers,Delhi,Cochin,DEL ? BOM ? COK,21:00,No info,13727,18,5,5,0,0,840.0,420
SpiceJet,Kolkata,Banglore,CCU ? PNQ ? BLR,17:15,No info,6643,24,5,4,0,0,515.0,520
Multiple carriers,Delhi,Cochin,DEL ? BOM ? COK,19:00,No info,10197,9,5,3,0,0,600.0,540
SpiceJet,Kolkata,Banglore,CCU ? BLR,00:40 22 Apr,No info,4911,21,4,6,0,0,1340.0,140
IndiGo,Chennai,Kolkata,MAA ? CCU,07:35,No info,6482,6,3,2,0,0,315.0,140
Jet Airways,Banglore,New Delhi,BLR ? BOM ? DEL,15:15,No info,26890,1,3,4,0,0,535.0,380
IndiGo,Kolkata,Banglore,CCU ? HYD ? BLR,23:45,No info,3717,18,5,5,0,0,1160.0,265
IndiGo,Chennai,Kolkata,MAA ? CCU,15:35,No info,3597,1,6,5,0,0,795.0,140
Air India,Banglore,New Delhi,BLR ? CCU ? GAU ? DEL,22:10,No info,10846,18,3,0,0,0,665.0,665
Air India,Banglore,New Delhi,BLR ? CCU ? DEL,22:45,No info,14069,1,3,4,0,0,350.0,1015
Jet Airways,Delhi,Cochin,DEL ? BOM ? COK,12:35 02 Apr,In-flight meal not included,5177,1,4,0,0,0,1370.0,825
Air India,Delhi,Cochin,DEL ? NAG ? BOM ? COK,07:40 07 Mar,No info,14641,6,3,2,0,0,355.0,1545
IndiGo,Delhi,Cochin,DEL ? HYD ? COK,22:30,No info,6442,6,6,3,0,0,515.0,835
Air India,Delhi,Cochin,DEL ? BLR ? COK,23:00,No info,5704,21,3,3,0,0,1065.0,315
Jet Airways,Kolkata,Banglore,CCU ? BOM ? BLR,09:20 07 May,In-flight meal not included,9663,6,5,0,0,0,845.0,1155
Jet Airways,Delhi,Cochin,DEL ? BOM ? COK,04:25 07 Jun,No info,14714,6,6,3,0,0,1255.0,450
Jet Airways,Delhi,Cochin,DEL ? BOM ? COK,19:00,In-flight meal not included,5406,1,4,0,0,0,600.0,540
Vistara,Kolkata,Banglore,CCU ? DEL ? BLR,20:20 16 May,No info,8610,15,5,2,0,0,1220.0,1440
Jet Airways,Delhi,Cochin,DEL ? BDQ ? BOM ? COK,12:35 13 Jun,No info,14237,12,6,2,0,0,1105.0,1090
IndiGo,Banglore,Delhi,BLR ? DEL,10:05,No info,4823,9,6,6,0,0,430.0,175
IndiGo,Mumbai,Hyderabad,BOM ? HYD,21:35,No info,2227,27,3,2,0,0,1205.0,90
Jet Airways,Delhi,Cochin,DEL ? BOM ? COK,04:25 19 May,In-flight meal not included,12373,18,5,5,0,0,425.0,1280
Air India,Delhi,Cochin,DEL ? BOM ? COK,19:15,No info,8372,6,6,3,0,0,780.0,375
Jet Airways,Delhi,Cochin,DEL ? BOM ? COK,04:25 04 Mar,No info,17024,3,3,6,0,0,835.0,870
Air India,Mumbai,Hyderabad,BOM ? HYD,22:25,No info,3100,27,5,0,0,0,1265.0,80
Jet Airways,Delhi,Cochin,DEL ? BOM ? COK,19:45,In-flight meal not included,14053,9,3,5,0,0,410.0,775
IndiGo,Chennai,Kolkata,MAA ? CCU,07:40,No info,3540,9,5,3,0,0,315.0,145
Vistara,Kolkata,Banglore,CCU ? DEL ? BLR,18:50 22 May,No info,9345,21,5,1,0,0,1220.0,1350
Jet Airways,Delhi,Cochin,DEL ? JAI ? BOM ? COK,04:25 02 Jun,In-flight meal not included,10368,1,6,5,0,0,330.0,1375
Jet Airways,Banglore,New Delhi,BLR ? BOM ? DEL,12:25,No info,26890,1,3,4,0,0,420.0,325
SpiceJet,Mumbai,Hyderabad,BOM ? HYD,10:15,No info,5755,9,3,5,0,0,530.0,85
Jet Airways,Banglore,New Delhi,BLR ? BOM ? DEL,16:10,In-flight meal not included,7832,21,3,3,0,0,535.0,435
Jet Airways,Kolkata,Banglore,CCU ? BOM ? BLR,20:45,No info,14388,6,5,0,0,0,505.0,740
Air India,Delhi,Cochin,DEL ? HYD ? MAA ? COK,09:25 28 Jun,No info,8839,27,6,3,0,0,795.0,1210
Air India,Delhi,Cochin,DEL ? GOI ? BOM ? COK,19:15 04 Mar,No info,22096,3,3,6,0,0,1320.0,1275
Vistara,Chennai,Kolkata,MAA ? CCU,09:20,No info,3687,27,5,0,0,0,425.0,135
Multiple carriers,Delhi,Cochin,DEL ? BOM ? COK,19:00,No info,9627,15,5,2,0,0,510.0,630
Multiple carriers,Delhi,Cochin,DEL ? BOM ? COK,01:35 22 Mar,No info,13542,21,3,3,0,0,690.0,845
IndiGo,Banglore,Delhi,BLR ? DEL,06:50,No info,4423,27,4,5,0,0,240.0,170
IndiGo,Delhi,Cochin,DEL ? HYD ? MAA ? COK,21:20,No info,8899,3,3,6,0,0,295.0,985
SpiceJet,Delhi,Cochin,DEL ? MAA ? COK,11:20,No info,5583,21,4,6,0,0,365.0,315
Air Asia,Delhi,Cochin,DEL ? BLR ? COK,06:35 28 May,No info,6752,27,5,0,0,0,1005.0,830
SpiceJet,Chennai,Kolkata,MAA ? CCU,10:35,No check-in baggage included,3543,21,5,1,0,0,500.0,135
Jet Airways,Banglore,New Delhi,BLR ? BOM ? DEL,15:15,In-flight meal not included,7832,21,3,3,0,0,480.0,435
Air India,Kolkata,Banglore,CCU ? IXR ? DEL ? BLR,08:55 02 May,No info,10991,1,5,2,0,0,350.0,1625
Jet Airways,Delhi,Cochin,DEL ? BOM ? COK,12:35 28 May,In-flight meal not included,12898,27,5,0,0,0,540.0,1655
Jet Airways,Delhi,Cochin,DEL ? BOM ? COK,19:00,In-flight meal not included,12898,27,5,0,0,0,840.0,300
GoAir,Banglore,Delhi,BLR ? DEL,14:30,No info,3398,24,5,4,0,0,700.0,170
Air India,Delhi,Cochin,DEL ? COK,08:00,No info,5201,24,4,2,0,0,310.0,170
Air India,Kolkata,Banglore,CCU ? DEL ? COK ? BLR,01:20 07 May,No info,13873,6,5,0,0,0,600.0,920
Air India,Delhi,Cochin,DEL ? BLR ? COK,23:00,No info,7384,15,6,5,0,0,1060.0,320
Jet Airways,Delhi,Cochin,DEL ? BOM ? COK,04:25 07 Jun,In-flight meal not included,10262,6,6,3,0,0,1095.0,610
Jet Airways,Kolkata,Banglore,CCU ? BOM ? BLR,12:00 25 Mar,In-flight meal not included,10031,24,3,6,0,0,505.0,1655
Jet Airways,Kolkata,Banglore,CCU ? DEL ? BLR,19:10,In-flight meal not included,12384,6,5,0,0,0,575.0,575
Jet Airways,Kolkata,Banglore,CCU ? BOM ? BLR,18:15 10 May,In-flight meal not included,7757,9,5,3,0,0,845.0,1690
Jet Airways,Banglore,New Delhi,BLR ? BOM ? DEL,11:25 07 Mar,No info,17261,6,3,2,0,0,1285.0,840
SpiceJet,Chennai,Kolkata,MAA ? CCU,12:05,No info,7298,1,3,4,0,0,570.0,155
Jet Airways,Banglore,Delhi,BLR ? DEL,18:10,No info,7229,6,4,5,0,0,915.0,175
IndiGo,Kolkata,Banglore,CCU ? BLR,07:15,No info,4174,1,4,0,0,0,280.0,155
IndiGo,Kolkata,Banglore,CCU ? MAA ? BLR,22:15,No info,5699,18,5,5,0,0,1055.0,280
Air India,Kolkata,Banglore,CCU ? BLR,16:45,No info,4880,24,4,2,0,0,855.0,150
Air India,Delhi,Cochin,DEL ? BOM ? COK,19:15,No info,15284,6,3,2,0,0,480.0,675
Jet Airways,Kolkata,Banglore,CCU ? BOM ? BLR,16:20,No info,13759,24,3,6,0,0,505.0,475
Vistara,Kolkata,Banglore,CCU ? DEL ? BLR,18:45,No info,16092,24,3,6,0,0,595.0,530
IndiGo,Mumbai,Hyderabad,BOM ? HYD,07:45,No info,4392,9,3,5,0,0,380.0,85
Jet Airways,Delhi,Cochin,DEL ? BOM ? COK,12:35 25 Jun,In-flight meal not included,10262,24,6,0,0,0,1255.0,940
SpiceJet,Kolkata,Banglore,CCU ? BLR,09:30,No check-in baggage included,3841,12,6,2,0,0,415.0,155
GoAir,Banglore,Delhi,BLR ? DEL,10:40,No info,5048,1,6,5,0,0,465.0,175
Air India,Kolkata,Banglore,CCU ? DEL ? BLR,20:25,No info,11096,21,5,1,0,0,420.0,805
IndiGo,Delhi,Cochin,DEL ? HYD ? COK,12:10,No info,5073,24,4,2,0,0,455.0,275
Jet Airways,Delhi,Cochin,DEL ? BOM ? COK,04:25 04 Mar,No info,19828,3,3,6,0,0,595.0,1110
Vistara,Chennai,Kolkata,MAA ? CCU,09:20,No info,3739,21,3,3,0,0,425.0,135
Air India,Delhi,Cochin,DEL ? AMD ? BOM ? COK,19:15 10 Mar,No info,10598,9,3,5,0,0,300.0,2295
Jet Airways,Banglore,Delhi,BLR ? DEL,22:00,In-flight meal not included,7229,15,6,5,0,0,1135.0,185
Vistara,Kolkata,Banglore,CCU ? DEL ? BLR,18:50 02 Apr,No info,8610,1,4,0,0,0,1020.0,1550
Vistara,Delhi,Cochin,DEL ? COK,17:50,No info,6216,9,5,3,0,0,880.0,190
Air India,Banglore,Delhi,BLR ? DEL,16:10,No info,6961,9,6,6,0,0,800.0,170
Jet Airways,Kolkata,Banglore,CCU ? DEL ? BLR,21:05,In-flight meal not included,10703,6,5,0,0,0,575.0,690
Jet Airways,Kolkata,Banglore,CCU ? DEL ? BLR,23:35,No info,14151,15,5,2,0,0,1020.0,395
Jet Airways,Kolkata,Banglore,CCU ? BOM ? BLR,10:05 10 May,In-flight meal not included,8586,9,5,3,0,0,390.0,1655
IndiGo,Kolkata,Banglore,CCU ? BLR,22:55,No info,4488,12,4,4,0,0,1220.0,155
Multiple carriers,Delhi,Cochin,DEL ? BOM ? COK,01:30 16 Jun,No info,7408,15,6,5,0,0,1080.0,450
Jet Airways,Delhi,Cochin,DEL ? COK,14:15,In-flight meal not included,5443,18,4,3,0,0,660.0,195
Jet Airways,Kolkata,Banglore,CCU ? DEL ? BLR,19:10,In-flight meal not included,10539,12,6,2,0,0,575.0,575
Multiple carriers,Delhi,Cochin,DEL ? BOM ? COK,01:30 02 Jun,No info,7723,1,6,5,0,0,780.0,750
Multiple carriers,Delhi,Cochin,DEL ? BOM ? COK,18:50,No info,15411,6,3,2,0,0,450.0,680
Jet Airways,Banglore,Delhi,BLR ? DEL,10:10,No info,7229,21,5,1,0,0,430.0,180
IndiGo,Kolkata,Banglore,CCU ? BLR,22:55,No info,4804,21,6,4,0,0,1220.0,155
Jet Airways,Mumbai,Hyderabad,BOM ? HYD,04:25,In-flight meal not included,4050,3,3,6,0,0,175.0,90
Jet Airways,Kolkata,Banglore,CCU ? DEL ? BLR,19:10 19 May,No info,14151,18,5,5,0,0,1020.0,1570
SpiceJet,Delhi,Cochin,DEL ? BLR ? COK,22:50,No info,4957,6,4,5,0,0,1075.0,295
Air India,Banglore,New Delhi,BLR ? DEL,23:55,No info,7591,3,3,6,0,0,1270.0,165
Jet Airways,Kolkata,Banglore,CCU ? BOM ? BLR,22:35,In-flight meal not included,11134,24,3,6,0,0,835.0,520
IndiGo,Delhi,Cochin,DEL ? HYD ? COK,12:10,No info,6600,27,5,0,0,0,305.0,425
Air India,Banglore,New Delhi,BLR ? DEL,23:55,No info,4966,9,3,5,0,0,1270.0,165
Air India,Delhi,Cochin,DEL ? CCU ? BOM ? COK,07:40 02 Jun,No info,15481,1,6,5,0,0,410.0,1490
SpiceJet,Kolkata,Banglore,CCU ? BLR,00:40 02 Mar,No info,5515,1,3,4,0,0,1340.0,140
Jet Airways,Delhi,Cochin,DEL ? BOM ? COK,19:00,No info,14714,15,6,5,0,0,480.0,660
GoAir,Delhi,Cochin,DEL ? BOM ? COK,19:35,No info,4959,15,6,5,0,0,635.0,540
Jet Airways,Banglore,Delhi,BLR ? DEL,14:05,No info,7229,21,4,6,0,0,670.0,175
Air India,Delhi,Cochin,DEL ? COK,21:10,No info,6094,15,5,2,0,0,1085.0,185
Air Asia,Kolkata,Banglore,CCU ? BLR,12:55,No info,4409,24,4,2,0,0,620.0,155
Multiple carriers,Delhi,Cochin,DEL ? BOM ? COK,19:00,No info,9794,18,5,5,0,0,360.0,780
Jet Airways,Mumbai,Hyderabad,BOM ? HYD,04:20,No info,5678,3,4,2,0,0,175.0,85
IndiGo,Delhi,Cochin,DEL ? HYD ? COK,16:10,No info,6442,15,6,5,0,0,515.0,455
Vistara,Banglore,Delhi,BLR ? DEL,09:40,No info,4878,18,5,5,0,0,420.0,160
Jet Airways,Kolkata,Banglore,CCU ? BOM ? BLR,10:05 25 Mar,In-flight meal not included,12446,24,3,6,0,0,1270.0,775
Jet Airways,Delhi,Cochin,DEL ? AMD ? BOM ? COK,04:25 11 May,No info,16704,9,5,3,0,0,1385.0,1760
Jet Airways,Banglore,New Delhi,BLR ? BOM ? DEL,10:45,In-flight meal not included,9134,15,3,4,0,0,345.0,300
Jet Airways,Kolkata,Banglore,CCU ? BOM ? BLR,04:40 16 May,In-flight meal not included,8586,15,5,2,0,0,1200.0,520
Jet Airways,Banglore,Delhi,BLR ? DEL,10:10,In-flight meal not included,7229,1,6,5,0,0,430.0,180
Jet Airways,Banglore,Delhi,BLR ? DEL,10:10,In-flight meal not included,6144,21,4,6,0,0,430.0,180
Air India,Banglore,Delhi,BLR ? DEL,12:45,No info,6961,18,5,5,0,0,600.0,165
Jet Airways,Kolkata,Banglore,CCU ? BOM ? BLR,04:40 10 May,In-flight meal not included,10844,9,5,3,0,0,990.0,730
IndiGo,Chennai,Kolkata,MAA ? CCU,21:55,No info,3597,21,5,1,0,0,1175.0,140
SpiceJet,Banglore,New Delhi,BLR ? PNQ ? DEL,18:15,No info,7139,21,3,3,0,0,620.0,475
Air India,Mumbai,Hyderabad,BOM ? JDH ? DEL ? HYD,15:15 07 Mar,No info,25139,6,3,2,0,0,580.0,1775
Jet Airways,Delhi,Cochin,DEL ? JAI ? BOM ? COK,12:35 02 Jun,In-flight meal not included,10368,1,6,5,0,0,580.0,1615
Air India,Delhi,Cochin,DEL ? MAA ? COK,09:25 07 Apr,No info,5117,6,4,5,0,0,1240.0,765
Multiple carriers,Delhi,Cochin,DEL ? BOM ? COK,19:15,No info,9211,18,5,5,0,0,700.0,455
SpiceJet,Kolkata,Banglore,CCU ? BLR,19:40,No info,4174,15,4,0,0,0,1030.0,150
Multiple carriers,Delhi,Cochin,DEL ? BOM ? COK,19:15,No info,10786,27,5,0,0,0,450.0,705
Jet Airways,Banglore,New Delhi,BLR ? BOM ? DEL,07:40 16 Mar,In-flight meal not included,9134,15,3,4,0,0,480.0,1420
Jet Airways,Delhi,Cochin,DEL ? NAG ? BOM ? COK,04:25 02 Jun,No info,13376,1,6,5,0,0,875.0,830
Air India,Banglore,New Delhi,BLR ? COK ? DEL,10:50 19 Mar,No info,6955,21,3,3,0,0,1320.0,770
Jet Airways,Kolkata,Banglore,CCU ? BOM ? BLR,18:15,In-flight meal not included,10844,9,5,3,0,0,505.0,590
Air Asia,Kolkata,Banglore,CCU ? BLR,22:25,No info,3807,1,4,0,0,0,1195.0,150
Jet Airways,Kolkata,Banglore,CCU ? BOM ? BLR,12:00 02 May,In-flight meal not included,9663,1,5,2,0,0,845.0,1315
Jet Airways,Delhi,Cochin,DEL ? BOM ? COK,04:25 10 May,In-flight meal not included,12373,9,5,3,0,0,135.0,1570
SpiceJet,Banglore,Delhi,BLR ? DEL,00:05 02 May,No info,4991,1,5,2,0,0,1270.0,175
Air India,Delhi,Cochin,DEL ? BOM ? COK,19:15 22 Mar,No info,6745,21,3,3,0,0,1380.0,1215
Jet Airways,Delhi,Cochin,DEL ? BOM ? COK,19:00 16 Jun,In-flight meal not included,10262,15,6,5,0,0,1370.0,1210
Jet Airways,Delhi,Cochin,DEL ? BOM ? COK,04:25 28 Mar,In-flight meal not included,6540,27,3,2,0,0,1050.0,655
SpiceJet,Kolkata,Banglore,CCU ? BLR,19:40,No info,3873,6,4,5,0,0,1030.0,150
Jet Airways,Delhi,Cochin,DEL ? BOM ? COK,19:00 10 May,No info,15554,9,5,3,0,0,1310.0,1270
IndiGo,Kolkata,Banglore,CCU ? BLR,22:55,No info,4804,27,5,0,0,0,1220.0,155
Jet Airways,Delhi,Cochin,DEL ? BOM ? COK,19:45 28 Mar,In-flight meal not included,7438,27,3,2,0,0,1385.0,1240
Air Asia,Banglore,Delhi,BLR ? DEL,07:45,No info,6181,3,5,4,0,0,295.0,170
Multiple carriers,Delhi,Cochin,DEL ? BOM ? COK,01:30 02 May,No info,9424,1,5,2,0,0,1140.0,390
Air India,Banglore,New Delhi,BLR ? BOM ? BHO ? DEL,23:25 13 Mar,No info,12725,12,3,1,0,0,1045.0,1800
Air India,Banglore,New Delhi,BLR ? HYD ? DEL,21:25,No info,6046,15,3,4,0,0,495.0,790
SpiceJet,Banglore,Delhi,BLR ? DEL,00:05 16 Jun,No info,3971,15,6,5,0,0,1270.0,175
Jet Airways,Kolkata,Banglore,CCU ? DEL ? BLR,14:25 07 Jun,No info,12692,6,6,3,0,0,1225.0,1080
IndiGo,Delhi,Cochin,DEL ? HYD ? COK,22:20,No info,7451,6,3,2,0,0,860.0,480
Jet Airways,Banglore,New Delhi,BLR ? BOM ? DEL,07:40 13 Mar,No info,13817,12,3,1,0,0,1375.0,525
Jet Airways,Kolkata,Banglore,CCU ? DEL ? BLR,22:05,In-flight meal not included,10703,6,5,0,0,0,575.0,750
Jet Airways,Banglore,New Delhi,BLR ? BOM ? DEL,10:45 13 Mar,No info,13817,12,3,1,0,0,1285.0,800
Jet Airways,Banglore,New Delhi,BLR ? BOM ? DEL,05:05 13 Mar,No info,27210,15,3,4,0,0,1375.0,370
Jet Airways,Kolkata,Banglore,CCU ? BOM ? BLR,04:40 19 May,No info,13941,18,5,5,0,0,1270.0,450
Air India,Banglore,New Delhi,BLR ? HYD ? DEL,12:15 02 Mar,No info,10246,1,3,4,0,0,1020.0,1155
IndiGo,Kolkata,Banglore,CCU ? BLR,19:50,No info,4804,6,5,0,0,0,1035.0,155
Air Asia,Kolkata,Banglore,CCU ? DEL ? BLR,10:40 07 Jun,No info,6810,6,6,3,0,0,1360.0,720
Jet Airways,Banglore,Delhi,BLR ? DEL,11:20,In-flight meal not included,5198,1,5,2,0,0,500.0,180
Vistara,Banglore,Delhi,BLR ? DEL,23:50,No info,5613,3,5,4,0,0,1260.0,170
IndiGo,Mumbai,Hyderabad,BOM ? HYD,22:45,No info,4784,3,3,6,0,0,1280.0,85
Jet Airways,Delhi,Cochin,DEL ? BOM ? COK,18:50 22 Mar,In-flight meal not included,5406,21,3,3,0,0,1185.0,1385
Air India,Banglore,Delhi,BLR ? DEL,16:10,No info,5228,27,4,5,0,0,800.0,170
Jet Airways,Delhi,Cochin,DEL ? BOM ? COK,19:00 28 May,In-flight meal not included,12898,27,5,0,0,0,1255.0,1325
Air India,Chennai,Kolkata,MAA ? CCU,13:55,No info,4667,15,6,5,0,0,700.0,135
Jet Airways,Kolkata,Banglore,CCU ? BOM ? BLR,19:50,No info,14781,21,5,1,0,0,845.0,345
Vistara,Banglore,Delhi,BLR ? DEL,12:35,No info,5403,21,4,6,0,0,585.0,170
Jet Airways,Kolkata,Banglore,CCU ? BOM ? BLR,23:35,In-flight meal not included,9899,12,6,2,0,0,845.0,570
Jet Airways,Delhi,Cochin,DEL ? JAI ? BOM ? COK,04:25 22 May,In-flight meal not included,13029,21,5,1,0,0,1170.0,535
Vistara,Kolkata,Banglore,CCU ? DEL ? BLR,10:45 19 May,No info,9187,18,5,5,0,0,1020.0,1065
IndiGo,Banglore,Delhi,BLR ? DEL,22:50,No info,4823,24,5,4,0,0,1200.0,170
Air India,Delhi,Cochin,DEL ? HYD ? BOM ? COK,19:15 28 Mar,No info,8665,27,3,2,0,0,1290.0,1305
IndiGo,Delhi,Cochin,DEL ? BOM ? COK,21:00,No info,14871,6,3,2,0,0,505.0,755
IndiGo,Mumbai,Hyderabad,BOM ? HYD,07:55,No info,4049,21,6,4,0,0,385.0,90
Air India,Chennai,Kolkata,MAA ? CCU,13:55,No info,4667,12,6,2,0,0,700.0,135
IndiGo,Kolkata,Banglore,CCU ? BBI ? BLR,23:50,No info,4226,9,4,1,0,0,1195.0,235
Air India,Banglore,New Delhi,BLR ? DEL,08:55,No info,7591,3,3,6,0,0,370.0,165
Jet Airways,Banglore,New Delhi,BLR ? BOM ? DEL,13:15,No info,19225,6,3,2,0,0,345.0,450
Jet Airways,Delhi,Cochin,DEL ? BOM ? COK,12:35 28 May,In-flight meal not included,12898,27,5,0,0,0,1155.0,1040
IndiGo,Mumbai,Hyderabad,BOM ? HYD,13:30,No info,2754,9,6,6,0,0,720.0,90
SpiceJet,Mumbai,Hyderabad,BOM ? HYD,14:45,No check-in baggage included,1965,3,5,4,0,0,795.0,90
Air India,Kolkata,Banglore,CCU ? GAU ? DEL ? BLR,23:15 25 Mar,No info,12835,24,3,6,0,0,1005.0,1830
Jet Airways Business,Banglore,New Delhi,BLR ? BOM ? DEL,10:45,No info,52229,1,3,4,0,0,345.0,300
Multiple carriers,Delhi,Cochin,DEL ? BOM ? COK,19:15,No info,14533,15,5,2,0,0,480.0,675
Vistara,Banglore,Delhi,BLR ? DEL,12:35,No info,4668,24,6,0,0,0,585.0,170
Jet Airways,Delhi,Cochin,DEL ? BOM ? COK,12:35 10 Apr,No info,11822,9,4,1,0,0,1050.0,1145
Jet Airways,Delhi,Cochin,DEL ? BOM ? COK,04:25 28 Mar,In-flight meal not included,6017,27,3,2,0,0,1310.0,395
Jet Airways,Delhi,Cochin,DEL ? BOM ? COK,19:00,No info,14714,9,6,6,0,0,690.0,450
SpiceJet,Chennai,Kolkata,MAA ? CCU,10:35,No info,3597,9,6,6,0,0,500.0,135
Air Asia,Banglore,Delhi,BLR ? DEL,13:55,No info,3383,24,4,2,0,0,670.0,165
Air India,Kolkata,Banglore,CCU ? BOM ? GOI ? BLR,05:35 19 May,No info,11642,18,5,5,0,0,1010.0,765
Vistara,Banglore,Delhi,BLR ? DEL,23:50,No info,5403,27,4,5,0,0,1260.0,170
Air India,Delhi,Cochin,DEL ? AMD ? BOM ? COK,19:15 04 Mar,No info,14221,3,3,6,0,0,1000.0,1595
Jet Airways,Kolkata,Banglore,CCU ? BOM ? BLR,10:05 19 May,In-flight meal not included,8586,18,5,5,0,0,1270.0,775
IndiGo,Mumbai,Hyderabad,BOM ? HYD,10:40,No info,4049,12,6,2,0,0,550.0,90
Jet Airways,Delhi,Cochin,DEL ? BOM ? COK,04:25 04 Jun,In-flight meal not included,10262,3,6,0,0,0,1185.0,520
Multiple carriers,Delhi,Cochin,DEL ? BOM ? COK,21:00,No info,7888,21,5,1,0,0,420.0,840
Air India,Delhi,Cochin,DEL ? AMD ? BOM ? COK,19:15 22 Mar,No info,8236,21,3,3,0,0,1185.0,1410
Air India,Delhi,Cochin,DEL ? UDR ? BOM ? COK,19:15 07 Jun,No info,12961,6,6,3,0,0,800.0,1795
Jet Airways,Kolkata,Banglore,CCU ? BOM ? BLR,04:40 10 May,In-flight meal not included,8586,9,5,3,0,0,390.0,1330
IndiGo,Kolkata,Banglore,CCU ? MAA ? BLR,13:00,No info,5279,18,5,5,0,0,490.0,290
GoAir,Banglore,Delhi,BLR ? DEL,23:40,No info,3419,18,6,1,0,0,1255.0,165
Jet Airways,Delhi,Cochin,DEL ? IDR ? BOM ? COK,19:00,No info,13292,15,6,5,0,0,330.0,810
Jet Airways,Kolkata,Banglore,CCU ? DEL ? BLR,09:45 16 May,No info,13067,15,5,2,0,0,1225.0,800
IndiGo,Chennai,Kolkata,MAA ? CCU,15:35,No info,3597,3,5,4,0,0,795.0,140
Jet Airways,Delhi,Cochin,DEL ? BOM ? COK,19:00,No info,15554,18,5,5,0,0,425.0,715
IndiGo,Delhi,Cochin,DEL ? BLR ? COK,22:15,No info,6027,15,5,2,0,0,1025.0,310
Jet Airways,Kolkata,Banglore,CCU ? BOM ? BLR,18:15,No info,14781,9,5,3,0,0,390.0,705
Jet Airways,Delhi,Cochin,DEL ? NAG ? BOM ? COK,04:25 02 Jun,No info,13376,1,6,5,0,0,875.0,830
IndiGo,Banglore,Delhi,BLR ? DEL,00:15 28 May,No info,3943,27,5,0,0,0,1275.0,180
GoAir,Delhi,Cochin,DEL ? AMD ? COK,13:35,No info,5842,12,6,2,0,0,445.0,370
IndiGo,Chennai,Kolkata,MAA ? CCU,07:35,No info,4326,15,3,4,0,0,315.0,140
Multiple carriers,Delhi,Cochin,DEL ? BOM ? COK,19:15,No info,8937,1,6,5,0,0,510.0,645
Air India,Chennai,Kolkata,MAA ? CCU,13:55,No info,3670,21,3,3,0,0,700.0,135
IndiGo,Banglore,Delhi,BLR ? DEL,21:20,No info,4823,18,6,1,0,0,1105.0,175
Jet Airways,Mumbai,Hyderabad,BOM ? HYD,21:05,In-flight meal not included,2071,3,4,2,0,0,1175.0,90
Multiple carriers,Delhi,Cochin,DEL ? HYD ? COK,22:30,In-flight meal not included,6093,27,6,3,0,0,895.0,455
Vistara,Kolkata,Banglore,CCU ? DEL ? BLR,22:55 25 Mar,No info,11682,24,3,6,0,0,1220.0,1595
IndiGo,Banglore,New Delhi,BLR ? LKO ? DEL,10:10,No info,7774,3,3,6,0,0,325.0,285
Jet Airways,Kolkata,Banglore,CCU ? DEL ? BLR,14:25 13 May,No info,13067,12,5,6,0,0,1020.0,1285
IndiGo,Delhi,Cochin,DEL ? HYD ? COK,16:10,No info,7514,27,5,0,0,0,455.0,515
Multiple carriers,Delhi,Cochin,DEL ? BOM ? COK,01:30 10 Apr,No info,6838,9,4,1,0,0,1020.0,510
IndiGo,Chennai,Kolkata,MAA ? CCU,15:35,No info,3858,18,3,0,0,0,800.0,135
Multiple carriers,Delhi,Cochin,DEL ? BOM ? COK,01:30 16 Jun,No info,6795,15,6,5,0,0,770.0,760
Jet Airways,Delhi,Cochin,DEL ? ATQ ? BOM ? COK,04:25 28 May,No info,16263,27,5,0,0,0,1200.0,505
Air India,Kolkata,Banglore,CCU ? BOM ? BLR,18:30 10 May,No info,8576,9,5,3,0,0,1010.0,1540
Air India,Banglore,Delhi,BLR ? DEL,12:45,No info,5228,6,5,0,0,0,600.0,165
Jet Airways,Delhi,Cochin,DEL ? AMD ? BOM ? COK,04:25 03 May,No info,16704,1,5,2,0,0,1385.0,1760
IndiGo,Kolkata,Banglore,CCU ? BLR,23:05,No info,8872,24,3,6,0,0,1225.0,160
GoAir,Banglore,Delhi,BLR ? DEL,14:30,No info,3898,3,5,4,0,0,700.0,170
SpiceJet,Chennai,Kolkata,MAA ? CCU,20:05,No check-in baggage included,3332,21,3,3,0,0,1065.0,140
Jet Airways,Kolkata,Banglore,CCU ? GAU ? BLR,17:35,In-flight meal not included,5608,21,5,1,0,0,620.0,435
Jet Airways,Kolkata,Banglore,CCU ? BOM ? BLR,04:40 10 May,No info,13941,9,5,3,0,0,505.0,1215
Multiple carriers,Delhi,Cochin,DEL ? BOM ? COK,19:15,No info,9100,21,3,3,0,0,450.0,705
Vistara,Banglore,Delhi,BLR ? DEL,19:35,No info,4878,15,6,5,0,0,1020.0,155
IndiGo,Delhi,Cochin,DEL ? BOM ? COK,21:00,No info,6416,1,6,5,0,0,450.0,810
SpiceJet,Mumbai,Hyderabad,BOM ? HYD,07:15,No info,2017,12,5,6,0,0,345.0,90
Jet Airways,Delhi,Cochin,DEL ? AMD ? BOM ? COK,19:45 28 Mar,No info,10976,27,3,2,0,0,1150.0,1475
Jet Airways,Kolkata,Banglore,CCU ? BOM ? BLR,16:20 25 Mar,In-flight meal not included,10031,24,3,6,0,0,1185.0,1235
IndiGo,Kolkata,Banglore,CCU ? BLR,08:20,No info,4462,18,3,0,0,0,330.0,170
IndiGo,Delhi,Cochin,DEL ? HYD ? COK,12:10,No info,5073,1,4,0,0,0,455.0,275
IndiGo,Chennai,Kolkata,MAA ? CCU,07:35,No info,4326,27,3,2,0,0,315.0,140
Multiple carriers Premium economy,Delhi,Cochin,DEL ? BOM ? COK,19:15,No info,10161,21,3,3,0,0,450.0,705
IndiGo,Mumbai,Hyderabad,BOM ? HYD,18:25,No info,3175,12,6,2,0,0,1015.0,90
Vistara,Kolkata,Banglore,CCU ? DEL ? BLR,09:10 25 Mar,No info,12312,24,3,6,0,0,1220.0,770
Jet Airways,Delhi,Cochin,DEL ? UDR ? BOM ? COK,18:50 22 Mar,No info,12604,21,3,3,0,0,1100.0,1470
Multiple carriers,Delhi,Cochin,DEL ? BOM ? COK,19:00,No info,10877,15,6,5,0,0,450.0,690
IndiGo,Kolkata,Banglore,CCU ? MAA ? BLR,10:20,No info,4226,18,5,5,0,0,380.0,240
Jet Airways,Delhi,Cochin,DEL ? BOM ? COK,19:00,In-flight meal not included,5406,6,4,5,0,0,480.0,660
IndiGo,Delhi,Cochin,DEL ? MAA ? COK,07:25,No info,8618,15,5,2,0,0,120.0,325
IndiGo,Kolkata,Banglore,CCU ? BLR,19:50,No info,4174,18,4,3,0,0,1035.0,155
GoAir,Delhi,Cochin,DEL ? BOM ? COK,19:35,No info,10651,1,6,5,0,0,865.0,310
Jet Airways,Delhi,Cochin,DEL ? BOM ? COK,04:25 22 Mar,In-flight meal not included,5963,21,3,3,0,0,1095.0,610
Jet Airways,Delhi,Cochin,DEL ? JAI ? BOM ? COK,12:35 13 Jun,In-flight meal not included,10368,12,6,2,0,0,580.0,1615
IndiGo,Mumbai,Hyderabad,BOM ? GOI ? HYD,23:00,No info,7681,6,3,2,0,0,945.0,435
Multiple carriers,Delhi,Cochin,DEL ? BOM ? COK,21:00,No info,7485,21,5,1,0,0,770.0,490
Jet Airways,Banglore,Delhi,BLR ? DEL,18:10,In-flight meal not included,4544,3,4,2,0,0,915.0,175
SpiceJet,Kolkata,Banglore,CCU ? MAA ? BLR,20:20,No info,4649,15,4,0,0,0,905.0,315
Vistara,Chennai,Kolkata,MAA ? CCU,20:05,No info,11982,12,5,6,0,0,1065.0,140
Jet Airways,Mumbai,Hyderabad,BOM ? HYD,08:30,In-flight meal not included,4995,24,6,0,0,0,425.0,85
IndiGo,Kolkata,Banglore,CCU ? MAA ? BLR,13:00,No info,5069,9,5,3,0,0,490.0,290
SpiceJet,Kolkata,Banglore,CCU ? BLR,00:40 02 Jun,No info,3873,1,6,5,0,0,1340.0,140
SpiceJet,Kolkata,Banglore,CCU ? BLR,00:40 28 Apr,No info,3873,27,4,5,0,0,1340.0,140
Air India,Delhi,Cochin,DEL ? BLR ? COK,23:00,No info,8907,27,5,0,0,0,585.0,795
Jet Airways,Kolkata,Banglore,CCU ? BOM ? BLR,16:20 10 Jun,In-flight meal not included,10844,9,6,6,0,0,1270.0,1150
Jet Airways,Kolkata,Banglore,CCU ? BOM ? BLR,19:50 16 May,In-flight meal not included,10844,15,5,2,0,0,1270.0,1360
Jet Airways,Kolkata,Banglore,CCU ? BOM ? BLR,12:00 07 May,In-flight meal not included,9663,6,5,0,0,0,1270.0,890
Jet Airways,Delhi,Cochin,DEL ? IDR ? BOM ? COK,12:35 02 Jun,No info,13292,1,6,5,0,0,1285.0,910
Jet Airways,Delhi,Cochin,DEL ? BHO ? BOM ? COK,12:35,No info,14441,12,6,2,0,0,330.0,425
Jet Airways,Mumbai,Hyderabad,BOM ? HYD,04:20,In-flight meal not included,4050,9,6,6,0,0,175.0,85
IndiGo,Banglore,New Delhi,BLR ? DEL,00:15 10 Mar,No info,6144,9,3,5,0,0,1280.0,175
IndiGo,Delhi,Cochin,DEL ? BOM ? COK,15:30,No info,14871,6,3,2,0,0,450.0,480
Air Asia,Banglore,Delhi,BLR ? DEL,13:55,No info,4483,18,4,3,0,0,670.0,165
IndiGo,Delhi,Cochin,DEL ? BOM ? COK,01:30 16 May,No info,6979,15,5,2,0,0,635.0,895
Jet Airways,Mumbai,Hyderabad,BOM ? HYD,11:50,No info,8040,27,6,3,0,0,620.0,90
IndiGo,Delhi,Cochin,DEL ? BOM ? COK,01:30 02 Jun,No info,7048,1,6,5,0,0,555.0,975
SpiceJet,Banglore,Delhi,BLR ? DEL,12:20,No check-in baggage included,3573,27,6,3,0,0,570.0,170
IndiGo,Delhi,Cochin,DEL ? BOM ? COK,21:00,No info,5054,27,5,0,0,0,960.0,300
Air India,Delhi,Cochin,DEL ? BOM ? COK,19:15 02 Jun,No info,8582,1,6,5,0,0,1260.0,1335
Air Asia,Delhi,Cochin,DEL ? BLR ? COK,13:25,No info,8759,9,6,6,0,0,475.0,330
IndiGo,Delhi,Cochin,DEL ? HYD ? COK,16:10,No info,6442,27,4,5,0,0,455.0,515
Air India,Delhi,Cochin,DEL ? BOM ? COK,19:15,No info,8879,18,5,5,0,0,230.0,925
Jet Airways,Kolkata,Banglore,CCU ? BOM ? BLR,18:10 25 Mar,In-flight meal not included,10031,24,3,6,0,0,1270.0,1260
Jet Airways,Delhi,Cochin,DEL ? JAI ? BOM ? COK,19:00,In-flight meal not included,10368,3,6,0,0,0,330.0,810
IndiGo,Banglore,Delhi,BLR ? DEL,15:50,No info,3943,24,6,0,0,0,780.0,170
IndiGo,Delhi,Cochin,DEL ? BOM ? COK,11:30,No info,14871,3,3,6,0,0,285.0,405
Jet Airways,Mumbai,Hyderabad,BOM ? HYD,10:15,In-flight meal not included,4995,18,6,1,0,0,525.0,90
Multiple carriers,Delhi,Cochin,DEL ? BOM ? COK,19:00,In-flight meal not included,10791,24,6,0,0,0,620.0,520
SpiceJet,Mumbai,Hyderabad,BOM ? HYD,07:15,No info,2753,3,6,0,0,0,345.0,90
IndiGo,Banglore,Delhi,BLR ? DEL,13:00,No info,4423,9,4,1,0,0,610.0,170
Air Asia,Kolkata,Banglore,CCU ? BLR,12:55,No info,4409,27,5,0,0,0,620.0,155
Air India,Kolkata,Banglore,CCU ? HYD ? BLR,11:05 10 May,No info,6117,9,5,3,0,0,1140.0,965
Jet Airways,Delhi,Cochin,DEL ? AMD ? BOM ? COK,19:00 22 May,No info,15129,21,5,1,0,0,1150.0,1430
Vistara,Kolkata,Banglore,CCU ? DEL ? BLR,23:25 07 Jun,No info,9345,6,6,3,0,0,1220.0,1625
Vistara,Kolkata,Banglore,CCU ? DEL ? BLR,23:25,No info,8085,9,5,3,0,0,430.0,975
Jet Airways,Delhi,Cochin,DEL ? BOM ? COK,04:25 07 May,No info,15554,6,5,0,0,0,780.0,925
SpiceJet,Banglore,Delhi,BLR ? DEL,12:20,No check-in baggage included,3573,21,5,1,0,0,570.0,170
Multiple carriers,Delhi,Cochin,DEL ? BOM ? COK,01:35 04 Mar,No info,17073,3,3,6,0,0,1020.0,515
Multiple carriers,Delhi,Cochin,DEL ? BOM ? COK,01:30 10 Jun,No info,6795,9,6,6,0,0,700.0,830
Vistara,Banglore,New Delhi,BLR ? DEL,09:40,No info,5403,21,3,3,0,0,420.0,160
IndiGo,Chennai,Kolkata,MAA ? CCU,07:40,No info,3540,15,5,2,0,0,315.0,145
Vistara,Delhi,Cochin,DEL ? COK,17:50,No info,6216,24,4,2,0,0,880.0,190
Jet Airways,Banglore,Delhi,BLR ? DEL,18:45,In-flight meal not included,3359,21,5,1,0,0,950.0,175
Jet Airways,Kolkata,Banglore,CCU ? BOM ? BLR,23:35 25 May,In-flight meal not included,10844,24,5,4,0,0,1135.0,1720
Air India,Banglore,Delhi,BLR ? DEL,16:10,No info,6961,15,6,5,0,0,800.0,170
Air Asia,Kolkata,Banglore,CCU ? BLR,12:55,No info,4107,3,4,2,0,0,620.0,155
Multiple carriers,Delhi,Cochin,DEL ? BOM ? COK,18:50,No info,13069,21,3,3,0,0,550.0,580
Jet Airways,Delhi,Cochin,DEL ? LKO ? BOM ? COK,04:25 25 Jun,No info,13357,24,6,0,0,0,705.0,1000
IndiGo,Delhi,Cochin,DEL ? HYD ? COK,22:30,No info,6938,1,6,5,0,0,970.0,380
Jet Airways,Delhi,Cochin,DEL ? IDR ? BOM ? COK,12:35 28 Jun,No info,13292,27,6,3,0,0,575.0,1620
Air India,Banglore,New Delhi,BLR ? BOM ? BHO ? DEL,23:25,1 Short layover,26743,1,3,4,0,0,530.0,875
Multiple carriers,Delhi,Cochin,DEL ? BOM ? COK,18:50,No info,13568,21,3,3,0,0,400.0,730
Multiple carriers,Delhi,Cochin,DEL ? BOM ? COK,19:15,No info,15353,6,3,2,0,0,700.0,455
IndiGo,Chennai,Kolkata,MAA ? CCU,17:05,No info,3597,15,5,2,0,0,885.0,140
Jet Airways,Kolkata,Banglore,CCU ? BOM ? BLR,16:20 25 Mar,In-flight meal not included,10031,24,3,6,0,0,1270.0,1150
Air India,Kolkata,Banglore,CCU ? BOM ? AMD ? BLR,05:25 10 May,No info,14687,9,5,3,0,0,565.0,1200
Jet Airways,Banglore,Delhi,BLR ? DEL,22:50,In-flight meal not included,7229,6,6,3,0,0,1190.0,180
GoAir,Delhi,Cochin,DEL ? BOM ? COK,19:35,No info,10188,9,5,3,0,0,865.0,310
Vistara,Banglore,New Delhi,BLR ? DEL,09:40,No info,7398,9,3,5,0,0,420.0,160
Jet Airways,Delhi,Cochin,DEL ? AMD ? BOM ? COK,19:00 19 May,No info,16704,18,5,5,0,0,805.0,1775
IndiGo,Banglore,New Delhi,BLR ? HYD ? DEL,21:50,No Info,8153,1,3,4,0,0,1015.0,295
Jet Airways,Banglore,Delhi,BLR ? DEL,10:10,No info,7229,9,4,1,0,0,430.0,180
Multiple carriers,Delhi,Cochin,DEL ? BOM ? COK,01:30 28 May,In-flight meal not included,6943,27,5,0,0,0,780.0,750
Multiple carriers,Delhi,Cochin,DEL ? BOM ? COK,19:15,No info,8937,1,6,5,0,0,400.0,755
Air India,Delhi,Cochin,DEL ? HYD ? MAA ? COK,09:25 04 Mar,No info,9400,3,3,6,0,0,425.0,1580
Vistara,Kolkata,Banglore,CCU ? DEL ? BLR,20:25,No info,13152,24,3,6,0,0,430.0,795
IndiGo,Banglore,Delhi,BLR ? DEL,01:00 02 Jun,No info,3419,1,6,5,0,0,1330.0,170
Vistara,Kolkata,Banglore,CCU ? DEL ? BLR,09:05 13 Jun,No info,7927,12,6,2,0,0,1220.0,765
Air India,Banglore,New Delhi,BLR ? CCU ? GAU ? DEL,22:10,No info,9796,15,3,4,0,0,350.0,980
Vistara,Banglore,New Delhi,BLR ? DEL,14:10,No info,8028,3,3,6,0,0,690.0,160
Multiple carriers,Delhi,Cochin,DEL ? HYD ? MAA ? COK,21:20,No info,10759,6,3,2,0,0,785.0,495
Multiple carriers,Delhi,Cochin,DEL ? BOM ? COK,19:00,No info,10197,21,5,1,0,0,420.0,720
Air India,Banglore,Delhi,BLR ? DEL,23:55,No info,5228,1,6,5,0,0,1265.0,170
Multiple carriers,Delhi,Cochin,DEL ? BOM ? COK,21:00,In-flight meal not included,9275,18,5,5,0,0,600.0,660
IndiGo,Chennai,Kolkata,MAA ? CCU,00:25 04 Mar,No info,5277,3,3,6,0,0,1325.0,140
Jet Airways,Delhi,Cochin,DEL ? NAG ? BOM ? COK,04:25 19 May,In-flight meal not included,13848,18,5,5,0,0,875.0,830
IndiGo,Delhi,Cochin,DEL ? HYD ? COK,22:30,No info,6412,15,5,2,0,0,860.0,490
Jet Airways,Kolkata,Banglore,CCU ? BOM ? BLR,04:40 19 May,No info,13941,18,5,5,0,0,990.0,730
Vistara,Banglore,Delhi,BLR ? DEL,09:40,No info,4668,6,5,0,0,0,420.0,160
IndiGo,Banglore,Delhi,BLR ? DEL,04:15,No info,3419,18,6,1,0,0,90.0,165
IndiGo,Banglore,Delhi,BLR ? DEL,01:00 07 Apr,No info,3943,6,4,5,0,0,1330.0,170
Air India,Kolkata,Banglore,CCU ? MAA ? BLR,14:35 25 May,No info,6528,24,5,4,0,0,875.0,1440
Jet Airways,Banglore,Delhi,BLR ? DEL,20:45,No info,7229,21,5,1,0,0,1065.0,180
Multiple carriers,Delhi,Cochin,DEL ? BOM ? COK,01:35 22 Mar,No info,13542,21,3,3,0,0,780.0,755
Jet Airways,Kolkata,Banglore,CCU ? BOM ? BLR,20:45 13 Jun,In-flight meal not included,8529,12,6,2,0,0,1135.0,1550
Jet Airways,Banglore,Delhi,BLR ? DEL,18:10,No info,8016,21,6,4,0,0,915.0,175
Jet Airways,Delhi,Cochin,DEL ? JAI ? BOM ? COK,12:35 10 May,In-flight meal not included,13029,9,5,3,0,0,1170.0,1025
Jet Airways,Delhi,Cochin,DEL ? AMD ? BOM ? COK,04:25 11 May,No info,15129,9,5,3,0,0,1385.0,1760
Jet Airways,Delhi,Cochin,DEL ? JAI ? BOM ? COK,04:25 10 Jun,In-flight meal not included,10368,9,6,6,0,0,1170.0,535
Air India,Delhi,Cochin,DEL ? COK,21:10,No info,8666,3,3,6,0,0,1085.0,185
Jet Airways,Delhi,Cochin,DEL ? BOM ? COK,19:00,No info,15554,18,5,5,0,0,600.0,540
Jet Airways,Banglore,New Delhi,BLR ? BOM ? DEL,16:10,No info,26890,1,3,4,0,0,345.0,625
Jet Airways,Kolkata,Banglore,CCU ? DEL ? BLR,09:45 22 May,No info,13067,21,5,1,0,0,1020.0,1005
Jet Airways,Banglore,Delhi,BLR ? DEL,08:45,In-flight meal not included,4544,1,4,0,0,0,360.0,165
Vistara,Kolkata,Banglore,CCU ? DEL ? BLR,22:40 22 May,No info,8452,21,5,1,0,0,1220.0,1580
Multiple carriers,Delhi,Cochin,DEL ? BOM ? COK,19:15,In-flight meal not included,7268,27,6,3,0,0,360.0,795
Multiple carriers,Delhi,Cochin,DEL ? BOM ? COK,19:00,No info,9627,9,5,3,0,0,510.0,630
Multiple carriers,Delhi,Cochin,DEL ? BOM ? COK,19:00,No info,9103,9,5,3,0,0,685.0,455
Multiple carriers,Delhi,Cochin,DEL ? BOM ? COK,19:00,No info,11142,9,4,1,0,0,480.0,660
IndiGo,Kolkata,Banglore,CCU ? BLR,08:20,No info,4148,9,3,5,0,0,330.0,170
Jet Airways,Kolkata,Banglore,CCU ? BOM ? BLR,18:15 19 May,In-flight meal not included,10844,18,5,5,0,0,990.0,1545
Multiple carriers,Delhi,Cochin,DEL ? HYD ? COK,16:10,No info,9646,6,6,3,0,0,585.0,385
IndiGo,Mumbai,Hyderabad,BOM ? HYD,13:25,No info,12475,1,3,4,0,0,720.0,85
Jet Airways,Delhi,Cochin,DEL ? BOM ? COK,19:00 19 May,No info,15554,18,5,5,0,0,1370.0,1210
Jet Airways,Delhi,Cochin,DEL ? BOM ? COK,19:00,In-flight meal not included,10262,27,6,3,0,0,425.0,715
Air India,Banglore,Delhi,BLR ? DEL,16:10,No info,6961,12,6,2,0,0,800.0,170
Jet Airways,Delhi,Cochin,DEL ? BOM ? COK,19:00,In-flight meal not included,10262,15,6,5,0,0,840.0,300
Jet Airways,Delhi,Cochin,DEL ? BOM ? COK,19:00 28 Jun,In-flight meal not included,10262,27,6,3,0,0,960.0,1620
IndiGo,Banglore,Delhi,BLR ? DEL,02:20 10 May,No info,3943,9,5,3,0,0,1410.0,170
Air India,Mumbai,Hyderabad,BOM ? HYD,20:45,No info,3625,24,5,4,0,0,1170.0,75
Multiple carriers,Delhi,Cochin,DEL ? BOM ? COK,19:15,No info,13378,21,3,3,0,0,540.0,615
Jet Airways,Delhi,Cochin,DEL ? LKO ? BOM ? COK,12:35 16 Jun,No info,13882,15,6,5,0,0,705.0,1490
IndiGo,Banglore,Delhi,BLR ? DEL,08:20,No info,3943,18,6,1,0,0,330.0,170
Air India,Kolkata,Banglore,CCU ? BOM ? AMD ? BLR,05:25 16 May,No info,14687,15,5,2,0,0,565.0,1200
Air Asia,Delhi,Cochin,DEL ? BLR ? COK,13:25,No info,6451,27,5,0,0,0,475.0,330
Vistara,Banglore,Delhi,BLR ? DEL,22:15,No info,4878,9,6,6,0,0,1170.0,165
IndiGo,Delhi,Cochin,DEL ? BOM ? COK,01:30 10 May,No info,8542,9,5,3,0,0,1115.0,415
IndiGo,Kolkata,Banglore,CCU ? BLR,12:20,No info,4804,24,5,4,0,0,575.0,165
IndiGo,Kolkata,Banglore,CCU ? PNQ ? BLR,02:15 07 Jun,No info,6711,6,6,3,0,0,1260.0,315
Multiple carriers,Delhi,Cochin,DEL ? BOM ? COK,19:15,No info,16108,15,6,5,0,0,780.0,375
IndiGo,Banglore,Delhi,BLR ? DEL,03:15,No info,3943,6,6,3,0,0,25.0,170
Air India,Kolkata,Banglore,CCU ? DEL ? AMD ? BLR,05:25 25 May,No info,15422,24,5,4,0,0,600.0,1165
IndiGo,Banglore,New Delhi,BLR ? DEL,00:15 28 Mar,No info,5694,24,3,6,0,0,1280.0,175
Jet Airways,Kolkata,Banglore,CCU ? BOM ? BLR,19:50,No info,12681,1,4,0,0,0,505.0,685
Jet Airways,Kolkata,Banglore,CCU ? BOM ? BLR,10:05 02 May,In-flight meal not included,8586,1,5,2,0,0,1200.0,845
IndiGo,Banglore,New Delhi,BLR ? DEL,03:25,No info,6144,3,3,6,0,0,40.0,165
IndiGo,Delhi,Cochin,DEL ? COK,08:50,No info,6015,27,4,5,0,0,335.0,195
Multiple carriers,Delhi,Cochin,DEL ? BOM ? COK,19:15,No info,7155,27,6,3,0,0,295.0,860
Jet Airways,Kolkata,Banglore,CCU ? DEL ? BLR,22:05,No info,12692,12,6,2,0,0,575.0,750
Air India,Delhi,Cochin,DEL ? BLR ? COK,23:00,No info,8277,18,5,5,0,0,1060.0,320
Air India,Delhi,Cochin,DEL ? HYD ? MAA ? COK,09:25 10 May,No info,9347,9,5,3,0,0,425.0,1580
Air India,Delhi,Cochin,DEL ? COK,21:10,No info,4939,15,3,4,0,0,1085.0,185
Jet Airways,Mumbai,Hyderabad,BOM ? HYD,21:10,No info,5678,12,3,1,0,0,1180.0,90
Jet Airways,Kolkata,Banglore,CCU ? BOM ? BLR,23:35,In-flight meal not included,10844,6,6,3,0,0,990.0,425
Jet Airways,Banglore,New Delhi,BLR ? MAA ? DEL,15:55,In-flight meal not included,7280,21,3,3,0,0,585.0,370
Multiple carriers,Delhi,Cochin,DEL ? BOM ? COK,21:00,No info,7618,21,3,3,0,0,780.0,480
Multiple carriers,Delhi,Cochin,DEL ? BOM ? COK,21:00,No info,15147,6,3,2,0,0,535.0,725
Jet Airways,Kolkata,Banglore,CCU ? BOM ? BLR,10:05 19 May,No info,13941,18,5,5,0,0,1270.0,775
Jet Airways,Kolkata,Banglore,CCU ? DEL ? BLR,19:10,No info,11467,1,4,0,0,0,575.0,575
Multiple carriers,Delhi,Cochin,DEL ? BOM ? COK,01:30 28 Jun,No info,6270,27,6,3,0,0,620.0,910
Multiple carriers,Delhi,Cochin,DEL ? BOM ? COK,01:35 04 Mar,No info,17057,3,3,6,0,0,835.0,700
Jet Airways,Banglore,Delhi,BLR ? DEL,18:10,No info,8016,3,6,0,0,0,915.0,175
SpiceJet,Delhi,Cochin,DEL ? PNQ ? COK,13:15,No check-in baggage included,4760,27,6,3,0,0,525.0,270
SpiceJet,Kolkata,Banglore,CCU ? BLR,09:35,No check-in baggage included,3815,21,3,3,0,0,415.0,160
SpiceJet,Kolkata,Banglore,CCU ? BLR,19:40,No info,4174,1,5,2,0,0,1030.0,150
Jet Airways,Kolkata,Banglore,CCU ? DEL ? BLR,09:45 07 Jun,No info,12692,6,6,3,0,0,575.0,1450
Air India,Kolkata,Banglore,CCU ? BOM ? COK ? BLR,13:45 16 May,No info,15532,15,5,2,0,0,565.0,1700
Jet Airways,Mumbai,Hyderabad,BOM ? HYD,08:30,In-flight meal not included,4995,6,6,3,0,0,425.0,85
Jet Airways,Delhi,Cochin,DEL ? BOM ? COK,04:25 28 May,In-flight meal not included,12898,27,5,0,0,0,1095.0,610
Multiple carriers,Delhi,Cochin,DEL ? BOM ? COK,19:00,No info,9794,9,5,3,0,0,450.0,690
Air India,Banglore,Delhi,BLR ? DEL,16:10,No info,5228,15,5,2,0,0,800.0,170
Jet Airways,Delhi,Cochin,DEL ? BOM ? COK,12:35 28 Jun,In-flight meal not included,10262,27,6,3,0,0,1370.0,825
Multiple carriers,Delhi,Cochin,DEL ? HYD ? COK,16:10,No info,9646,24,6,0,0,0,585.0,385
Jet Airways,Kolkata,Banglore,CCU ? BOM ? BLR,10:05 16 May,No info,15149,15,5,2,0,0,1270.0,775
IndiGo,Kolkata,Banglore,CCU ? HYD ? BLR,23:45,No info,4205,9,6,6,0,0,1160.0,265
Multiple carriers,Delhi,Cochin,DEL ? BOM ? COK,21:00,No info,15147,6,3,2,0,0,450.0,810
Jet Airways,Banglore,New Delhi,BLR ? BOM ? DEL,09:00 07 Mar,In-flight meal not included,13712,6,3,2,0,0,535.0,1445
Air India,Delhi,Cochin,DEL ? MAA ? COK,09:25 10 Mar,No info,12415,9,3,5,0,0,1040.0,965
Air Asia,Kolkata,Banglore,CCU ? IXR ? DEL ? BLR,23:30,No info,5192,15,5,2,0,0,910.0,500
Air Asia,Kolkata,Banglore,CCU ? BBI ? BLR,10:30,No info,5162,15,5,2,0,0,410.0,220
IndiGo,Delhi,Cochin,DEL ? HYD ? COK,16:10,No info,9027,3,3,6,0,0,400.0,570
Jet Airways,Kolkata,Banglore,CCU ? BOM ? BLR,18:10 25 Mar,In-flight meal not included,11134,24,3,6,0,0,835.0,1695
Jet Airways,Kolkata,Banglore,CCU ? BOM ? BLR,09:20 25 May,In-flight meal not included,10844,24,5,4,0,0,1200.0,800
Vistara,Kolkata,Banglore,CCU ? DEL ? BLR,10:50 25 Mar,No info,12890,24,3,6,0,0,1020.0,1070
Jet Airways,Kolkata,Banglore,CCU ? BOM ? BLR,16:20 10 Jun,No info,14571,9,6,6,0,0,1200.0,1220
Jet Airways,Kolkata,Banglore,CCU ? DEL ? BLR,21:05 13 May,No info,12121,12,5,6,0,0,1020.0,1685
Jet Airways,Delhi,Cochin,DEL ? BOM ? COK,04:25 10 May,In-flight meal not included,12373,9,5,3,0,0,780.0,925
Air India,Banglore,New Delhi,BLR ? MAA ? DEL,23:55,No info,10972,9,3,5,0,0,710.0,725
Jet Airways,Delhi,Cochin,DEL ? BOM ? COK,12:35,In-flight meal not included,10262,1,6,5,0,0,135.0,620
Jet Airways,Delhi,Cochin,DEL ? BOM ? COK,04:25 28 May,In-flight meal not included,12898,27,5,0,0,0,960.0,745
IndiGo,Delhi,Cochin,DEL ? HYD ? COK,16:10,No info,6442,18,5,5,0,0,515.0,455
Vistara,Banglore,Delhi,BLR ? DEL,12:35,No info,5403,3,4,2,0,0,585.0,170
IndiGo,Delhi,Cochin,DEL ? HYD ? COK,12:10,No info,5703,21,4,6,0,0,455.0,275
Multiple carriers,Delhi,Cochin,DEL ? BOM ? COK,19:15,In-flight meal not included,9871,9,5,3,0,0,480.0,675
IndiGo,Kolkata,Banglore,CCU ? BLR,18:05,No info,4174,15,4,0,0,0,930.0,155
Air India,Delhi,Cochin,DEL ? HYD ? BOM ? COK,19:15 22 May,No info,11972,21,5,1,0,0,1035.0,1560
SpiceJet,Kolkata,Banglore,CCU ? BLR,11:25,No info,4174,18,4,3,0,0,540.0,145
IndiGo,Kolkata,Banglore,CCU ? BLR,19:50,No info,4804,21,5,1,0,0,1035.0,155
Jet Airways,Kolkata,Banglore,CCU ? BOM ? BLR,20:45,No info,12681,1,4,0,0,0,390.0,855
Air Asia,Kolkata,Banglore,CCU ? BLR,12:55,No info,4508,6,6,3,0,0,620.0,155
Jet Airways,Delhi,Cochin,DEL ? BOM ? COK,19:00 04 Jun,In-flight meal not included,10262,3,6,0,0,0,1255.0,1325
Multiple carriers,Delhi,Cochin,DEL ? BOM ? COK,01:35 04 Mar,No info,16775,3,3,6,0,0,1140.0,395
Multiple carriers,Delhi,Cochin,DEL ? BOM ? COK,01:30 13 Jun,No info,7198,12,6,2,0,0,1020.0,510
Jet Airways,Delhi,Cochin,DEL ? JAI ? BOM ? COK,04:25 16 Jun,No info,13014,15,6,5,0,0,580.0,1125
Air India,Kolkata,Banglore,CCU ? BBI ? IXR ? DEL ? BLR,23:15 13 May,No info,10991,12,5,6,0,0,720.0,2115
Vistara,Chennai,Kolkata,MAA ? CCU,09:20,No info,3687,21,6,4,0,0,425.0,135
Air Asia,Kolkata,Banglore,CCU ? BLR,22:25,No info,5530,12,5,6,0,0,1195.0,150
SpiceJet,Kolkata,Banglore,CCU ? BLR,00:40 28 Mar,No check-in baggage included,3815,27,3,2,0,0,1340.0,140
Air India,Kolkata,Banglore,CCU ? BLR,16:45,No info,6535,1,3,4,0,0,855.0,150
Jet Airways,Delhi,Cochin,DEL ? BOM ? COK,04:25 04 Mar,No info,17234,3,3,6,0,0,1250.0,455
Jet Airways,Delhi,Cochin,DEL ? DED ? BOM ? COK,04:25 08 Mar,No info,19907,6,3,2,0,0,1010.0,2135
Air India,Delhi,Cochin,DEL ? BLR ? COK,23:00 28 Mar,No info,5022,27,3,2,0,0,1230.0,1590
Multiple carriers,Delhi,Cochin,DEL ? BOM ? COK,15:30,No info,6305,27,3,2,0,0,240.0,690
Jet Airways,Delhi,Cochin,DEL ? MAA ? BOM ? COK,18:50 22 Mar,In-flight meal not included,8728,21,3,3,0,0,970.0,1600
IndiGo,Banglore,Delhi,BLR ? DEL,00:15 02 Jun,No info,3943,1,6,5,0,0,1275.0,180
IndiGo,Mumbai,Hyderabad,BOM ? HYD,18:25,No info,3175,18,3,0,0,0,1015.0,90
Jet Airways,Banglore,New Delhi,BLR ? DEL,14:05,No info,7229,24,3,6,0,0,670.0,175
Multiple carriers,Delhi,Cochin,DEL ? HYD ? MAA ? COK,21:20,No info,8620,9,3,5,0,0,425.0,855
Air India,Banglore,New Delhi,BLR ? CCU ? DEL,22:45,No info,10657,9,3,5,0,0,350.0,1015
Jet Airways,Banglore,New Delhi,BLR ? BOM ? DEL,20:20,In-flight meal not included,7832,21,3,3,0,0,480.0,740
Jet Airways,Delhi,Cochin,DEL ? AMD ? BOM ? COK,19:00 28 Jun,In-flight meal not included,11150,27,6,3,0,0,805.0,1775
Jet Airways,Banglore,New Delhi,BLR ? BOM ? DEL,19:10 02 Mar,No info,25735,1,3,4,0,0,1370.0,1220
Jet Airways,Delhi,Cochin,DEL ? ATQ ? BOM ? COK,04:25 10 May,No info,16263,9,5,3,0,0,1200.0,505
Multiple carriers,Delhi,Cochin,DEL ? BOM ? COK,01:30 25 Jun,In-flight meal not included,5797,24,6,0,0,0,700.0,830
Jet Airways,Delhi,Cochin,DEL ? BDQ ? BOM ? COK,04:25 07 Jun,No info,14237,6,6,3,0,0,1105.0,600
Jet Airways,Delhi,Cochin,DEL ? BOM ? COK,04:25 10 Jun,In-flight meal not included,10262,9,6,6,0,0,540.0,1165
Jet Airways,Delhi,Cochin,DEL ? BOM ? COK,19:00 10 Jun,In-flight meal not included,10262,9,6,6,0,0,900.0,1680
IndiGo,Banglore,Delhi,BLR ? DEL,06:50,No info,3943,12,5,6,0,0,240.0,170
Jet Airways,Delhi,Cochin,DEL ? BOM ? COK,12:35 22 May,In-flight meal not included,12898,21,5,1,0,0,1155.0,1040
IndiGo,Banglore,Delhi,BLR ? DEL,04:15,No info,3419,15,5,2,0,0,90.0,165
IndiGo,Banglore,New Delhi,BLR ? DEL,00:15 16 Mar,No info,8033,15,3,4,0,0,1280.0,175
Jet Airways,Banglore,New Delhi,BLR ? BOM ? DEL,19:10,No info,27992,1,3,4,0,0,345.0,805
Jet Airways,Kolkata,Banglore,CCU ? BOM ? BLR,10:05 13 May,No info,13941,12,5,6,0,0,1270.0,775
Jet Airways,Kolkata,Banglore,CCU ? BOM ? BLR,04:40 22 May,No info,14388,21,5,1,0,0,1135.0,585
Jet Airways,Kolkata,Banglore,CCU ? BOM ? BLR,16:20 13 May,In-flight meal not included,10844,12,5,6,0,0,1135.0,1285
IndiGo,Delhi,Cochin,DEL ? HYD ? COK,22:20,No info,11600,3,3,6,0,0,400.0,940
IndiGo,Chennai,Kolkata,MAA ? CCU,00:25 07 Jun,No info,5277,6,6,3,0,0,1325.0,140
Jet Airways,Delhi,Cochin,DEL ? BOM ? COK,04:25 04 Jun,In-flight meal not included,10262,3,6,0,0,0,840.0,865
IndiGo,Banglore,New Delhi,BLR ? DEL,06:50,No info,6144,3,3,6,0,0,240.0,170
Jet Airways,Delhi,Cochin,DEL ? BOM ? COK,04:25 04 Jun,In-flight meal not included,12898,3,6,0,0,0,1310.0,395
Jet Airways,Kolkata,Banglore,CCU ? BOM ? BLR,04:40 13 May,No info,13941,12,5,6,0,0,390.0,1330
Jet Airways,Delhi,Cochin,DEL ? BOM ? COK,04:25 19 May,In-flight meal not included,12373,18,5,5,0,0,840.0,865
SpiceJet,Kolkata,Banglore,CCU ? BLR,19:40,No check-in baggage included,3841,3,4,2,0,0,1030.0,150
Air India,Kolkata,Banglore,CCU ? JAI ? BOM ? BLR,07:55 19 May,No info,10697,18,5,5,0,0,500.0,1415
Jet Airways,Banglore,New Delhi,BLR ? BOM ? DEL,00:45 02 Mar,No info,26890,1,3,4,0,0,700.0,785
SpiceJet,Mumbai,Hyderabad,BOM ? HYD,14:45,No check-in baggage included,2175,1,6,5,0,0,795.0,90
IndiGo,Delhi,Cochin,DEL ? PNQ ? COK,04:35 28 May,No info,9476,27,5,0,0,0,1410.0,305
Air India,Mumbai,Hyderabad,BOM ? HYD,22:25,No info,3100,24,5,4,0,0,1265.0,80
Jet Airways,Delhi,Cochin,DEL ? JAI ? BOM ? COK,04:25 16 Jun,In-flight meal not included,10368,15,6,5,0,0,330.0,1375
SpiceJet,Mumbai,Hyderabad,BOM ? HYD,00:15 19 May,No info,2017,18,5,5,0,0,1365.0,90
SpiceJet,Kolkata,Banglore,CCU ? BLR,09:30,No check-in baggage included,3841,15,4,0,0,0,415.0,155
Air India,Delhi,Cochin,DEL ? NAG ? BOM ? COK,19:15 22 May,No info,10493,21,5,1,0,0,355.0,2240
SpiceJet,Banglore,New Delhi,BLR ? DEL,08:35,No info,5126,9,3,5,0,0,345.0,170
IndiGo,Banglore,Delhi,BLR ? DEL,02:20 19 Jun,No info,3943,18,6,1,0,0,1410.0,170
Air India,Delhi,Cochin,DEL ? HYD ? BOM ? COK,19:15 07 Mar,No info,11552,6,3,2,0,0,425.0,2170
Air India,Delhi,Cochin,DEL ? BOM ? COK,19:15,No info,7934,21,3,3,0,0,600.0,555
Air India,Mumbai,Hyderabad,BOM ? HYD,16:25,No info,6092,1,3,4,0,0,900.0,85
IndiGo,Delhi,Cochin,DEL ? PNQ ? COK,04:35 13 Jun,No info,10112,12,6,2,0,0,1410.0,305
Vistara,Chennai,Kolkata,MAA ? CCU,09:20,No info,6627,9,3,5,0,0,425.0,135
Jet Airways,Delhi,Cochin,DEL ? IDR ? BOM ? COK,12:35 04 Jun,In-flight meal not included,11507,3,6,0,0,0,1285.0,910
Jet Airways,Banglore,New Delhi,BLR ? BOM ? DEL,00:45 03 Mar,No info,26890,1,3,4,0,0,1370.0,1555
Jet Airways,Banglore,New Delhi,BLR ? BOM ? DEL,11:25,No info,13817,12,3,1,0,0,345.0,340
Jet Airways,Kolkata,Banglore,CCU ? BOM ? BLR,04:40 02 Apr,No info,13364,1,4,0,0,0,1270.0,450
Vistara,Kolkata,Banglore,CCU ? DEL ? BLR,10:45 07 Jun,No info,9187,6,6,3,0,0,1020.0,1065
IndiGo,Chennai,Kolkata,MAA ? CCU,00:25 10 May,No info,5277,9,5,3,0,0,1325.0,140
Air India,Banglore,New Delhi,BLR ? AMD ? DEL,08:45,No info,13492,12,3,1,0,0,30.0,495
Air Asia,Kolkata,Banglore,CCU ? BBI ? BLR,10:30,No info,5162,12,6,2,0,0,410.0,220
GoAir,Delhi,Cochin,DEL ? BOM ? COK,12:55,No info,5897,9,6,6,0,0,420.0,355
Air India,Kolkata,Banglore,CCU ? BLR,16:45,No info,5510,3,6,0,0,0,855.0,150
Jet Airways,Banglore,New Delhi,BLR ? BOM ? DEL,10:25 07 Mar,No info,17261,6,3,2,0,0,1015.0,1050
Multiple carriers,Delhi,Cochin,DEL ? BOM ? COK,01:30 22 May,No info,7485,21,5,1,0,0,700.0,830
Air India,Chennai,Kolkata,MAA ? CCU,13:55,No info,4667,21,6,4,0,0,700.0,135
Jet Airways,Kolkata,Banglore,CCU ? DEL ? BLR,18:00 16 May,No info,14151,15,5,2,0,0,1225.0,1295
IndiGo,Delhi,Cochin,DEL ? BOM ? COK,01:30 28 May,No info,7048,27,5,0,0,0,960.0,570
Jet Airways,Delhi,Cochin,DEL ? BOM ? COK,04:25 22 Mar,No info,12557,21,3,3,0,0,1185.0,520
Multiple carriers,Delhi,Cochin,DEL ? IDR ? BOM ? COK,01:30 16 Jun,No info,15965,15,6,5,0,0,905.0,625
Air India,Banglore,New Delhi,BLR ? CCU ? GAU ? DEL,22:10 07 Mar,No info,11791,3,3,6,0,0,665.0,2105
Multiple carriers,Delhi,Cochin,DEL ? HYD ? MAA ? COK,21:20,No info,8291,3,3,6,0,0,425.0,855
IndiGo,Banglore,Delhi,BLR ? DEL,19:55,No info,4990,21,4,6,0,0,1015.0,180
Vistara,Kolkata,Banglore,CCU ? DEL ? BLR,18:50 13 May,No info,9135,12,5,6,0,0,1020.0,1550
Air Asia,Kolkata,Banglore,CCU ? BLR,01:20 13 Apr,No info,4409,12,4,4,0,0,1370.0,150
Jet Airways,Kolkata,Banglore,CCU ? BOM ? BLR,04:40 22 May,In-flight meal not included,10844,21,5,1,0,0,1200.0,520
Multiple carriers,Delhi,Cochin,DEL ? BOM ? COK,19:00,No info,10407,27,5,0,0,0,540.0,600
Multiple carriers,Delhi,Cochin,DEL ? BOM ? COK,19:00,No info,9315,27,5,0,0,0,450.0,690
Jet Airways,Kolkata,Banglore,CCU ? BOM ? BLR,04:40 25 May,In-flight meal not included,9663,24,5,4,0,0,1270.0,450
IndiGo,Delhi,Cochin,DEL ? BOM ? COK,01:35 22 Mar,No info,9264,21,3,3,0,0,1115.0,420
SpiceJet,Chennai,Kolkata,MAA ? CCU,12:00,No info,3597,15,5,2,0,0,585.0,135
IndiGo,Delhi,Cochin,DEL ? HYD ? COK,12:10,No info,6442,24,6,0,0,0,305.0,425
Multiple carriers,Delhi,Cochin,DEL ? BOM ? COK,01:30 10 May,No info,15078,9,5,3,0,0,1050.0,480
IndiGo,Kolkata,Banglore,CCU ? NAG ? BLR,23:30,No info,6218,1,5,2,0,0,1085.0,325
Jet Airways,Delhi,Cochin,DEL ? BOM ? COK,12:35 13 Jun,In-flight meal not included,10262,12,6,2,0,0,780.0,1415
Multiple carriers,Delhi,Cochin,DEL ? BOM ? COK,01:35 10 Mar,No info,13677,9,3,5,0,0,1140.0,395
Jet Airways,Banglore,Delhi,BLR ? DEL,10:10,No info,8016,24,6,0,0,0,430.0,180
Jet Airways,Delhi,Cochin,DEL ? BOM ? COK,12:35 04 Jun,In-flight meal not included,10262,3,6,0,0,0,1050.0,1145
SpiceJet,Kolkata,Banglore,CCU ? BLR,09:30,No info,3873,27,6,3,0,0,415.0,155
SpiceJet,Delhi,Cochin,DEL ? PNQ ? COK,13:15,No info,4812,27,6,3,0,0,525.0,270
SpiceJet,Mumbai,Hyderabad,BOM ? HYD,00:15 16 May,No info,2017,15,5,2,0,0,1365.0,90
IndiGo,Kolkata,Banglore,CCU ? BLR,23:05,No info,4462,21,3,3,0,0,1225.0,160
Air India,Delhi,Cochin,DEL ? AMD ? BOM ? COK,07:40 16 Jun,No info,10231,15,6,5,0,0,300.0,1600
Air India,Banglore,New Delhi,BLR ? VGA ? DEL,22:55,No info,6383,21,3,3,0,0,630.0,745
Air India,Delhi,Cochin,DEL ? HYD ? BOM ? COK,07:40 25 Jun,No info,11989,24,6,0,0,0,1035.0,865
IndiGo,Banglore,New Delhi,BLR ? DEL,21:45,No info,7303,24,3,6,0,0,1135.0,170
Jet Airways,Banglore,Delhi,BLR ? DEL,22:00,No info,7229,21,4,6,0,0,1135.0,185
Jet Airways,Mumbai,Hyderabad,BOM ? HYD,10:15,In-flight meal not included,4995,21,6,4,0,0,525.0,90
Multiple carriers,Delhi,Cochin,DEL ? BOM ? COK,21:00,No info,7408,15,6,5,0,0,780.0,480
Air India,Kolkata,Banglore,CCU ? GAU ? DEL ? BLR,12:30 16 May,No info,14960,15,5,2,0,0,1005.0,1185
Air Asia,Banglore,New Delhi,BLR ? DEL,02:10 28 Mar,No info,4482,24,3,6,0,0,1405.0,165
IndiGo,Delhi,Cochin,DEL ? HYD ? COK,16:10,No info,6442,1,6,5,0,0,410.0,560
Jet Airways,Banglore,Delhi,BLR ? DEL,11:20,In-flight meal not included,6144,12,5,6,0,0,500.0,180
Jet Airways,Delhi,Cochin,DEL ? JAI ? BOM ? COK,12:35 28 May,No info,15129,27,5,0,0,0,580.0,1615
Air India,Delhi,Cochin,DEL ? GOI ? BOM ? COK,19:15 22 May,No info,10231,21,5,1,0,0,1320.0,1275
IndiGo,Banglore,Delhi,BLR ? DEL,22:50,No info,4823,3,4,2,0,0,1200.0,170
IndiGo,Banglore,Delhi,BLR ? DEL,11:20,No info,4823,9,6,6,0,0,510.0,170
Jet Airways,Delhi,Cochin,DEL ? BOM ? COK,04:25 22 May,In-flight meal not included,12898,21,5,1,0,0,690.0,1015
Jet Airways,Mumbai,Hyderabad,BOM ? HYD,21:05,No info,5678,1,5,2,0,0,1175.0,90
Air India,Delhi,Cochin,DEL ? BHO ? BOM ? COK,07:40 10 Mar,No info,14483,9,3,5,0,0,355.0,1545
Jet Airways,Mumbai,Hyderabad,BOM ? HYD,21:05,In-flight meal not included,2228,15,5,2,0,0,1175.0,90
Multiple carriers,Delhi,Cochin,DEL ? HYD ? COK,22:30,No info,8018,15,6,5,0,0,795.0,555
Multiple carriers,Delhi,Cochin,DEL ? BOM ? COK,21:00,In-flight meal not included,15136,6,3,2,0,0,595.0,665
SpiceJet,Delhi,Cochin,DEL ? MAA ? COK,22:05,No info,5583,24,4,2,0,0,945.0,380
Air India,Delhi,Cochin,DEL ? CCU ? BOM ? COK,19:15 13 Jun,No info,13381,12,6,2,0,0,865.0,1730
Air India,Banglore,New Delhi,BLR ? COK ? DEL,10:50 16 Mar,No info,7932,15,3,4,0,0,415.0,1675
Jet Airways,Kolkata,Banglore,CCU ? BOM ? BLR,08:15 10 May,In-flight meal not included,7757,9,5,3,0,0,1200.0,735
Jet Airways,Delhi,Cochin,DEL ? JAI ? BOM ? COK,04:25 19 May,In-flight meal not included,13029,18,5,5,0,0,330.0,1375
SpiceJet,Kolkata,Banglore,CCU ? BLR,09:30,No check-in baggage included,3841,9,6,6,0,0,415.0,155
Air India,Banglore,New Delhi,BLR ? DEL,16:10,No info,10216,3,3,6,0,0,800.0,170
Air India,Mumbai,Hyderabad,BOM ? HYD,22:25,No info,3100,21,5,1,0,0,1265.0,80
Air India,Delhi,Cochin,DEL ? HYD ? BOM ? COK,19:15 22 Mar,No info,8245,21,3,3,0,0,1035.0,1560
Air India,Banglore,New Delhi,BLR ? CCU ? DEL,19:50,1 Long layover,14594,1,3,4,0,0,665.0,525
Jet Airways,Delhi,Cochin,DEL ? BDQ ? BOM ? COK,12:35 02 Jun,No info,14237,1,6,5,0,0,1105.0,1090
Air India,Kolkata,Banglore,CCU ? JAI ? DEL ? BLR,23:15,No info,13164,21,5,1,0,0,500.0,895
Jet Airways,Delhi,Cochin,DEL ? BOM ? COK,04:25 10 Jun,No info,14924,9,6,6,0,0,1255.0,450
Jet Airways,Kolkata,Banglore,CCU ? BOM ? BLR,16:20 22 May,In-flight meal not included,10844,21,5,1,0,0,1270.0,1150
Jet Airways,Kolkata,Banglore,CCU ? GAU ? BLR,17:35,In-flight meal not included,7064,6,5,0,0,0,620.0,435
Vistara,Kolkata,Banglore,CCU ? DEL ? BLR,18:50,No info,9555,24,5,4,0,0,430.0,700
Multiple carriers,Delhi,Cochin,DEL ? BOM ? COK,19:15,No info,7155,24,6,0,0,0,635.0,520
Multiple carriers,Delhi,Cochin,DEL ? BOM ? COK,19:00,No info,12192,9,6,6,0,0,480.0,660
Air Asia,Delhi,Cochin,DEL ? BLR ? COK,07:10 19 May,No info,7353,18,5,5,0,0,1005.0,865
IndiGo,Delhi,Cochin,DEL ? HYD ? COK,12:10,No info,5054,27,6,3,0,0,455.0,275
Multiple carriers,Delhi,Cochin,DEL ? IXU ? BOM ? COK,01:30 16 Jun,No info,18485,15,6,5,0,0,1070.0,460
Jet Airways,Kolkata,Banglore,CCU ? BOM ? BLR,18:15,In-flight meal not included,10844,6,6,3,0,0,390.0,705
Jet Airways,Banglore,Delhi,BLR ? DEL,11:20,In-flight meal not included,6144,18,5,5,0,0,500.0,180
IndiGo,Mumbai,Hyderabad,BOM ? HYD,20:35,No info,2754,1,5,2,0,0,1145.0,90
Multiple carriers,Delhi,Cochin,DEL ? BOM ? COK,01:35 28 Mar,No info,12327,27,3,2,0,0,905.0,630
SpiceJet,Kolkata,Banglore,CCU ? BLR,09:30,No check-in baggage included,3841,6,5,0,0,0,415.0,155
Jet Airways,Delhi,Cochin,DEL ? BOM ? COK,04:25 19 May,In-flight meal not included,12373,18,5,5,0,0,1370.0,335
Air India,Delhi,Cochin,DEL ? GOI ? BOM ? COK,19:15 22 May,No info,10231,21,5,1,0,0,1320.0,1275
IndiGo,Delhi,Cochin,DEL ? BOM ? COK,21:00,No info,7318,21,5,1,0,0,555.0,705
Jet Airways,Banglore,New Delhi,BLR ? BOM ? DEL,07:40 07 Mar,No info,16736,6,3,2,0,0,700.0,1200
IndiGo,Delhi,Cochin,DEL ? LKO ? COK,03:35 10 Jun,No info,6195,9,6,6,0,0,1310.0,345
SpiceJet,Mumbai,Hyderabad,BOM ? HYD,07:15,No info,2753,6,6,3,0,0,345.0,90
SpiceJet,Chennai,Kolkata,MAA ? CCU,12:05,No check-in baggage included,3807,24,3,6,0,0,570.0,155
Jet Airways,Delhi,Cochin,DEL ? IDR ? BOM ? COK,04:25 05 Mar,No info,20064,3,3,6,0,0,325.0,2820
IndiGo,Delhi,Cochin,DEL ? COK,00:20 22 Jun,No info,5406,21,6,4,0,0,1265.0,195
Air India,Delhi,Cochin,DEL ? GOI ? BOM ? COK,19:15 02 Jun,No info,10441,1,6,5,0,0,1320.0,1275
Jet Airways,Kolkata,Banglore,CCU ? DEL ? BLR,09:45 07 May,In-flight meal not included,8066,6,5,0,0,0,1225.0,800
Air India,Banglore,Delhi,BLR ? DEL,19:45,No info,6961,27,6,3,0,0,1020.0,165
Vistara,Delhi,Cochin,DEL ? COK,17:50,No info,5586,21,3,3,0,0,895.0,175
Air India,Delhi,Cochin,DEL ? BLR ? COK,23:00,No info,7384,1,6,5,0,0,1060.0,320
Jet Airways,Banglore,New Delhi,BLR ? BOM ? DEL,09:00 02 Mar,No info,20800,1,3,4,0,0,700.0,1280
Jet Airways,Kolkata,Banglore,CCU ? BOM ? BLR,12:00,No info,13941,12,5,6,0,0,390.0,330
Jet Airways,Banglore,Delhi,BLR ? DEL,11:20,In-flight meal not included,5198,3,5,4,0,0,500.0,180
SpiceJet,Chennai,Kolkata,MAA ? CCU,12:05,No check-in baggage included,3807,18,3,0,0,0,570.0,155
Multiple carriers,Delhi,Cochin,DEL ? HYD ? COK,22:20,No info,13838,3,3,6,0,0,585.0,755
Air India,Delhi,Cochin,DEL ? HYD ? MAA ? COK,09:25 25 Jun,No info,11185,24,6,0,0,0,425.0,1580
Jet Airways,Banglore,Delhi,BLR ? DEL,18:10,In-flight meal not included,7229,21,6,4,0,0,915.0,175
Jet Airways,Delhi,Cochin,DEL ? BOM ? COK,04:25 13 Jun,In-flight meal not included,10262,12,6,2,0,0,1310.0,395
Air Asia,Kolkata,Banglore,CCU ? BLR,22:05,No info,4384,9,3,5,0,0,1175.0,150
Jet Airways,Delhi,Cochin,DEL ? AMD ? BOM ? COK,12:35 28 Jun,No info,12819,27,6,3,0,0,805.0,1390
Jet Airways,Kolkata,Banglore,CCU ? BOM ? BLR,10:05 07 May,In-flight meal not included,7757,6,5,0,0,0,1270.0,775
Air India,Delhi,Cochin,DEL ? BLR ? COK,23:00 22 Apr,No info,7174,21,4,6,0,0,1230.0,1590
IndiGo,Delhi,Cochin,DEL ? HYD ? COK,22:30,No info,6674,1,6,5,0,0,715.0,635
IndiGo,Mumbai,Hyderabad,BOM ? HYD,21:40,No info,2227,18,5,5,0,0,1205.0,95
Jet Airways,Delhi,Cochin,DEL ? JAI ? BOM ? COK,12:35 13 Jun,No info,13014,12,6,2,0,0,1170.0,1025
IndiGo,Mumbai,Hyderabad,BOM ? HYD,18:25,No info,3175,21,3,3,0,0,1015.0,90
IndiGo,Kolkata,Banglore,CCU ? BLR,12:20,No info,6565,1,3,4,0,0,575.0,165
Jet Airways,Kolkata,Banglore,CCU ? BOM ? BLR,23:35 02 Apr,No info,12681,1,4,0,0,0,1135.0,1720
Vistara,Chennai,Kolkata,MAA ? CCU,09:20,No info,3687,1,6,5,0,0,425.0,135
Jet Airways,Mumbai,Hyderabad,BOM ? HYD,21:05,In-flight meal not included,3210,15,6,5,0,0,1175.0,90
IndiGo,Kolkata,Banglore,CCU ? BLR,23:05,No info,4778,6,3,2,0,0,1225.0,160
Multiple carriers,Delhi,Cochin,DEL ? BOM ? COK,19:00,No info,10877,3,6,0,0,0,685.0,455
Vistara,Kolkata,Banglore,CCU ? DEL ? BLR,10:45 25 May,No info,9187,24,5,4,0,0,1220.0,865
Air India,Banglore,New Delhi,BLR ? COK ? DEL,23:20 16 Mar,No info,6850,15,3,4,0,0,1320.0,1520
Jet Airways,Kolkata,Banglore,CCU ? BOM ? BLR,18:15,No info,14781,12,5,6,0,0,505.0,590
Air India,Kolkata,Banglore,CCU ? GAU ? DEL ? BLR,08:55 07 May,No info,13227,6,5,0,0,0,1005.0,970
Vistara,Banglore,Delhi,BLR ? DEL,09:40,No info,4668,9,5,3,0,0,420.0,160
Jet Airways,Kolkata,Banglore,CCU ? BOM ? BLR,12:00,No info,14178,24,5,4,0,0,390.0,330
Jet Airways,Kolkata,Banglore,CCU ? DEL ? BLR,09:45 07 May,In-flight meal not included,8066,6,5,0,0,0,1020.0,1005
IndiGo,Banglore,Delhi,BLR ? DEL,15:50,No info,3943,6,5,0,0,0,780.0,170
Multiple carriers,Delhi,Cochin,DEL ? BOM ? COK,19:00,No info,11200,1,6,5,0,0,450.0,690
Jet Airways,Kolkata,Banglore,CCU ? BOM ? BLR,04:40 19 May,In-flight meal not included,8586,18,5,5,0,0,1135.0,585
Jet Airways,Kolkata,Banglore,CCU ? BOM ? BLR,10:05 13 Jun,No info,13044,12,6,2,0,0,1270.0,775
Multiple carriers,Delhi,Cochin,DEL ? BOM ? COK,19:15,No info,8099,3,6,0,0,0,555.0,600
Jet Airways,Delhi,Cochin,DEL ? BOM ? COK,04:25 16 Jun,In-flight meal not included,10262,15,6,5,0,0,1050.0,655
Multiple carriers,Delhi,Cochin,DEL ? IXU ? BOM ? COK,01:30 25 Jun,No info,18275,24,6,0,0,0,1070.0,460
Multiple carriers,Delhi,Cochin,DEL ? BOM ? COK,21:00,No info,8475,27,5,0,0,0,360.0,900
SpiceJet,Kolkata,Banglore,CCU ? BLR,00:40 07 Apr,No info,3873,6,4,5,0,0,1340.0,140
IndiGo,Mumbai,Hyderabad,BOM ? HYD,22:50,No info,2227,21,6,4,0,0,1280.0,90
Jet Airways,Delhi,Cochin,DEL ? IDR ? BOM ? COK,19:45 07 Mar,In-flight meal not included,16389,6,3,2,0,0,325.0,2300
Air India,Banglore,Delhi,BLR ? DEL,08:55,No info,5228,3,5,4,0,0,370.0,165
Air India,Banglore,New Delhi,BLR ? MAA ? DEL,08:55 19 Mar,No info,5092,21,3,3,0,0,710.0,1265
IndiGo,Banglore,New Delhi,BLR ? DEL,00:15 13 Mar,No info,4777,9,3,5,0,0,1280.0,175
Air Asia,Banglore,New Delhi,BLR ? DEL,08:40,No info,3383,24,3,6,0,0,350.0,170
Vistara,Kolkata,Banglore,CCU ? DEL ? BLR,09:05 22 May,No info,8452,21,5,1,0,0,430.0,1555
IndiGo,Banglore,Delhi,BLR ? DEL,02:20 28 May,No info,3943,27,5,0,0,0,1410.0,170
Air India,Mumbai,Hyderabad,BOM ? HYD,22:25,No info,3100,24,6,0,0,0,1265.0,80
IndiGo,Delhi,Cochin,DEL ? BOM ? COK,01:35 07 Mar,No info,14871,6,3,2,0,0,550.0,985
Jet Airways,Banglore,Delhi,BLR ? DEL,14:05,No info,8016,21,6,4,0,0,670.0,175
Multiple carriers,Delhi,Cochin,DEL ? BOM ? COK,19:00,No info,11789,12,6,2,0,0,360.0,780
Multiple carriers,Delhi,Cochin,DEL ? BOM ? COK,19:00,No info,10529,15,5,2,0,0,700.0,440
Air Asia,Banglore,New Delhi,BLR ? DEL,08:40,No info,5615,15,3,4,0,0,350.0,170
SpiceJet,Kolkata,Banglore,CCU ? MAA ? BLR,20:20,No info,4649,6,6,3,0,0,905.0,315
Air India,Kolkata,Banglore,CCU ? IXR ? DEL ? BLR,23:15,No info,12723,9,6,6,0,0,350.0,1045
Jet Airways,Kolkata,Banglore,CCU ? BOM ? BLR,18:15,In-flight meal not included,10844,24,5,4,0,0,390.0,705
Jet Airways,Delhi,Cochin,DEL ? BOM ? COK,19:00 04 Jun,No info,14714,3,6,0,0,0,1255.0,1325
Vistara,Delhi,Cochin,DEL ? COK,17:50,No info,6216,12,6,2,0,0,880.0,190
IndiGo,Kolkata,Banglore,CCU ? BLR,12:20,No info,4148,15,3,4,0,0,575.0,165
IndiGo,Delhi,Cochin,DEL ? HYD ? COK,12:00,No info,5647,6,3,2,0,0,400.0,320
Jet Airways,Kolkata,Banglore,CCU ? BOM ? BLR,18:15,In-flight meal not included,10844,15,5,2,0,0,505.0,590
IndiGo,Delhi,Cochin,DEL ? HYD ? COK,12:10,No info,6818,9,5,3,0,0,305.0,425
Air India,Delhi,Cochin,DEL ? GOI ? BOM ? COK,07:40 28 May,No info,13643,27,5,0,0,0,655.0,1245
Multiple carriers,Delhi,Cochin,DEL ? BOM ? COK,21:00,No info,6358,27,3,2,0,0,420.0,840
Jet Airways,Delhi,Cochin,DEL ? BOM ? COK,19:00,No info,14714,1,6,5,0,0,780.0,360
SpiceJet,Delhi,Cochin,DEL ? PNQ ? COK,13:15,No info,6460,21,4,6,0,0,525.0,270
Jet Airways,Kolkata,Banglore,CCU ? BOM ? BLR,12:00 13 May,In-flight meal not included,9663,12,5,6,0,0,1270.0,890
Jet Airways,Kolkata,Banglore,CCU ? BOM ? BLR,10:05 22 May,No info,13941,21,5,1,0,0,390.0,1655
Jet Airways,Delhi,Cochin,DEL ? BOM ? COK,19:45 28 Mar,In-flight meal not included,5963,27,3,2,0,0,1185.0,1440
Jet Airways,Delhi,Cochin,DEL ? JAI ? BOM ? COK,12:35 16 Jun,No info,13014,15,6,5,0,0,1170.0,1025
Jet Airways,Kolkata,Banglore,CCU ? BOM ? BLR,09:20 10 May,In-flight meal not included,9663,9,5,3,0,0,990.0,1010
IndiGo,Banglore,Delhi,BLR ? DEL,15:50,No info,4423,6,4,5,0,0,780.0,170
Jet Airways,Delhi,Cochin,DEL ? JDH ? BOM ? COK,19:00,No info,21219,6,5,0,0,0,700.0,440
IndiGo,Delhi,Cochin,DEL ? BOM ? COK,01:30 25 May,No info,7503,24,5,4,0,0,1115.0,415
IndiGo,Kolkata,Banglore,CCU ? BLR,00:05 25 Jun,No info,4804,24,6,0,0,0,1285.0,160
Jet Airways,Delhi,Cochin,DEL ? JAI ? BOM ? COK,12:35 10 May,No info,15129,9,5,3,0,0,580.0,1615
Multiple carriers,Delhi,Cochin,DEL ? HYD ? MAA ? COK,21:20,No info,6197,27,3,2,0,0,430.0,850
SpiceJet,Chennai,Kolkata,MAA ? CCU,20:05,No info,3597,27,5,0,0,0,1065.0,140
Multiple carriers,Delhi,Cochin,DEL ? BOM ? COK,19:15,No info,9100,27,3,2,0,0,450.0,705
Jet Airways,Mumbai,Hyderabad,BOM ? HYD,08:30,In-flight meal not included,4050,1,6,5,0,0,425.0,85
Multiple carriers,Delhi,Cochin,DEL ? BOM ? COK,01:30 07 Jun,No info,7723,6,6,3,0,0,600.0,930
Jet Airways,Delhi,Cochin,DEL ? AMD ? BOM ? COK,19:00 10 May,No info,15129,9,5,3,0,0,1385.0,1195
Jet Airways,Delhi,Cochin,DEL ? BOM ? COK,19:00,In-flight meal not included,12373,18,5,5,0,0,480.0,660
IndiGo,Banglore,Delhi,BLR ? DEL,02:20 04 May,No info,4591,3,5,4,0,0,1410.0,170
SpiceJet,Chennai,Kolkata,MAA ? CCU,10:35,No info,6300,9,3,5,0,0,500.0,135
Air India,Banglore,New Delhi,BLR ? DEL,19:45,No info,5176,24,3,6,0,0,1020.0,165
Multiple carriers,Delhi,Cochin,DEL ? BOM ? COK,19:00,No info,12717,15,6,5,0,0,540.0,600
Air India,Chennai,Kolkata,MAA ? CCU,13:55,No info,4405,18,3,0,0,0,700.0,135
SpiceJet,Delhi,Cochin,DEL ? MAA ? COK,22:05,No info,6749,21,4,6,0,0,945.0,380
Jet Airways,Kolkata,Banglore,CCU ? GAU ? BLR,17:35,In-flight meal not included,7064,12,5,6,0,0,620.0,435
Jet Airways,Delhi,Cochin,DEL ? BOM ? COK,12:35,No info,16289,21,5,1,0,0,425.0,330
IndiGo,Chennai,Kolkata,MAA ? CCU,14:00,No info,6297,15,3,4,0,0,695.0,145
Jet Airways,Mumbai,Hyderabad,BOM ? HYD,21:05,No info,5678,12,5,6,0,0,1175.0,90
Jet Airways,Kolkata,Banglore,CCU ? BOM ? BLR,09:20 02 May,No info,14388,1,5,2,0,0,1200.0,800
Jet Airways,Banglore,Delhi,BLR ? DEL,08:45,No info,7229,18,4,3,0,0,360.0,165
IndiGo,Kolkata,Banglore,CCU ? BBI ? BLR,16:25,No info,9806,24,3,6,0,0,715.0,270
IndiGo,Delhi,Cochin,DEL ? LKO ? COK,03:35 07 Jun,No info,6195,6,6,3,0,0,1310.0,345
Jet Airways,Kolkata,Banglore,CCU ? BOM ? BLR,18:15 13 Jun,No info,13044,12,6,2,0,0,1135.0,1400
Jet Airways,Delhi,Cochin,DEL ? LKO ? BOM ? COK,04:25 28 Jun,No info,13882,27,6,3,0,0,705.0,1000
Jet Airways,Banglore,New Delhi,BLR ? BOM ? DEL,10:45,In-flight meal not included,8147,24,3,6,0,0,345.0,300
Air India,Delhi,Cochin,DEL ? HYD ? BOM ? COK,07:40 10 Apr,No info,8052,9,4,1,0,0,1035.0,865
Jet Airways,Kolkata,Banglore,CCU ? BOM ? BLR,19:50,No info,14781,1,5,2,0,0,390.0,800
Jet Airways,Kolkata,Banglore,CCU ? DEL ? BLR,22:05,No info,14151,24,5,4,0,0,575.0,750
IndiGo,Kolkata,Banglore,CCU ? NAG ? BLR,23:30,No info,6704,18,5,5,0,0,1085.0,325
Jet Airways,Kolkata,Banglore,CCU ? BOM ? BLR,12:00 02 May,In-flight meal not included,9663,1,5,2,0,0,505.0,1655
IndiGo,Kolkata,Banglore,CCU ? BLR,17:55,No info,4462,18,3,0,0,0,920.0,155
Jet Airways,Delhi,Cochin,DEL ? BDQ ? BOM ? COK,04:25 22 Mar,In-flight meal not included,8367,21,3,3,0,0,645.0,1060
Jet Airways,Delhi,Cochin,DEL ? NAG ? BOM ? COK,04:25 10 Jun,No info,13376,9,6,6,0,0,405.0,1300
Jet Airways,Kolkata,Banglore,CCU ? DEL ? BLR,09:45 22 May,No info,13067,21,5,1,0,0,1225.0,800
IndiGo,Kolkata,Banglore,CCU ? BLR,16:55,No info,5224,21,5,1,0,0,865.0,150
Multiple carriers,Delhi,Cochin,DEL ? BOM ? COK,01:35 22 Mar,No info,13542,21,3,3,0,0,960.0,575
GoAir,Banglore,Delhi,BLR ? DEL,10:40,No info,3419,24,5,4,0,0,465.0,175
Multiple carriers,Delhi,Cochin,DEL ? HYD ? MAA ? COK,21:20,No info,10444,6,3,2,0,0,585.0,695
IndiGo,Kolkata,Banglore,CCU ? BLR,12:10,No info,4804,1,6,5,0,0,575.0,155
Jet Airways,Mumbai,Hyderabad,BOM ? HYD,08:30,In-flight meal not included,4995,21,5,1,0,0,425.0,85
SpiceJet,Delhi,Cochin,DEL ? BLR ? COK,22:50,No info,4957,27,4,5,0,0,1075.0,295
Jet Airways,Delhi,Cochin,DEL ? BOM ? COK,04:25 10 May,No info,15554,9,5,3,0,0,1255.0,450
Jet Airways,Kolkata,Banglore,CCU ? BOM ? BLR,12:00 02 May,In-flight meal not included,9663,1,5,2,0,0,1200.0,960
Jet Airways,Kolkata,Banglore,CCU ? DEL ? BLR,09:45 19 May,No info,14151,18,5,5,0,0,575.0,1450
IndiGo,Delhi,Cochin,DEL ? COK,08:50,No info,5601,6,6,3,0,0,335.0,195
Multiple carriers,Delhi,Cochin,DEL ? BOM ? COK,19:15,No info,7787,15,5,2,0,0,400.0,755
Air India,Banglore,New Delhi,BLR ? MAA ? DEL,23:55,No info,5092,21,3,3,0,0,710.0,725
Jet Airways,Kolkata,Banglore,CCU ? BOM ? BLR,09:20 07 Jun,In-flight meal not included,10844,6,6,3,0,0,1270.0,730
Multiple carriers,Delhi,Cochin,DEL ? IXU ? BOM ? COK,01:35 10 Mar,No info,23583,9,3,5,0,0,1070.0,465
Air India,Kolkata,Banglore,CCU ? BBI ? BOM ? BLR,18:30 13 May,No info,10676,12,5,6,0,0,720.0,1830
SpiceJet,Kolkata,Banglore,CCU ? IXB ? BLR,18:30,No info,10156,6,6,3,0,0,675.0,435
Air Asia,Delhi,Cochin,DEL ? BLR ? COK,07:10 07 Mar,No info,8627,6,3,2,0,0,1005.0,865
Air Asia,Kolkata,Banglore,CCU ? BLR,12:15,No info,4409,21,5,1,0,0,585.0,150
Multiple carriers,Delhi,Cochin,DEL ? HYD ? COK,16:10,No info,9646,18,5,5,0,0,585.0,385
Jet Airways,Banglore,New Delhi,BLR ? BOM ? DEL,12:25 13 Mar,No info,13817,12,3,1,0,0,1285.0,900
Air India,Delhi,Cochin,DEL ? UDR ? BOM ? COK,07:40 10 May,No info,13538,9,5,3,0,0,800.0,1100
Air India,Kolkata,Banglore,CCU ? BBI ? BOM ? BLR,07:55 10 May,No info,9416,9,5,3,0,0,720.0,1195
Jet Airways,Banglore,Delhi,BLR ? DEL,14:05,No info,7229,27,4,5,0,0,670.0,175
Air India,Kolkata,Banglore,CCU ? DEL ? BLR,23:15,No info,10203,1,5,2,0,0,600.0,795
IndiGo,Delhi,Cochin,DEL ? HYD ? COK,00:55 22 May,No info,6778,21,5,1,0,0,970.0,525
IndiGo,Mumbai,Hyderabad,BOM ? HYD,13:30,No info,2754,15,6,5,0,0,720.0,90
Air India,Kolkata,Banglore,CCU ? IXR ? DEL ? BLR,20:25,No info,10991,1,5,2,0,0,350.0,875
Vistara,Banglore,Delhi,BLR ? DEL,14:20,No info,4668,27,5,0,0,0,690.0,170
SpiceJet,Delhi,Cochin,DEL ? PNQ ? COK,13:15,No check-in baggage included,5726,3,6,0,0,0,525.0,270
Air India,Kolkata,Banglore,CCU ? GAU ? DEL ? BLR,23:15,No info,14960,12,6,2,0,0,590.0,805
Air India,Delhi,Cochin,DEL ? MAA ? COK,09:25 22 May,No info,7480,21,5,1,0,0,1240.0,765
Air Asia,Kolkata,Banglore,CCU ? BLR,22:25,No info,4107,21,5,1,0,0,1195.0,150
Jet Airways,Kolkata,Banglore,CCU ? DEL ? BLR,09:45 02 May,No info,11467,1,5,2,0,0,575.0,1450
IndiGo,Delhi,Cochin,DEL ? MAA ? COK,07:25,No info,5796,27,4,5,0,0,120.0,325
Jet Airways,Delhi,Cochin,DEL ? BOM ? COK,19:00,In-flight meal not included,10262,6,6,3,0,0,135.0,1005
Air India,Delhi,Cochin,DEL ? RPR ? NAG ? BOM ? COK,07:40 28 Jun,No info,11543,27,6,3,0,0,315.0,1585
IndiGo,Delhi,Cochin,DEL ? HYD ? COK,12:10,No info,5298,24,4,2,0,0,410.0,320
Air Asia,Delhi,Cochin,DEL ? BLR ? COK,07:10 28 Apr,No info,6451,27,4,5,0,0,1245.0,625
Air India,Kolkata,Banglore,CCU ? BLR,16:45,No info,6245,9,6,6,0,0,855.0,150
Jet Airways,Mumbai,Hyderabad,BOM ? HYD,21:05,In-flight meal not included,2071,27,3,2,0,0,1175.0,90
IndiGo,Kolkata,Banglore,CCU ? BLR,12:20,No info,4804,15,5,2,0,0,575.0,165
Multiple carriers,Delhi,Cochin,DEL ? BOM ? COK,21:00,No info,7005,27,6,3,0,0,450.0,810
Jet Airways,Banglore,New Delhi,BLR ? BOM ? DEL,12:25,No info,12284,18,3,0,0,0,345.0,400
Air India,Kolkata,Banglore,CCU ? DEL ? BLR,20:25,No info,10203,9,5,3,0,0,420.0,805
IndiGo,Delhi,Cochin,DEL ? HYD ? COK,22:30,No info,6938,27,5,0,0,0,860.0,490
Multiple carriers,Delhi,Cochin,DEL ? BOM ? COK,01:30 13 Jun,No info,13377,12,6,2,0,0,600.0,930
Multiple carriers,Delhi,Cochin,DEL ? BOM ? COK,19:15,No info,9779,1,6,5,0,0,555.0,600
Air India,Chennai,Kolkata,MAA ? CCU,13:55,No info,4667,15,5,2,0,0,700.0,135
Jet Airways,Banglore,Delhi,BLR ? DEL,22:50,In-flight meal not included,4544,3,4,2,0,0,1190.0,180
Jet Airways,Delhi,Cochin,DEL ? BOM ? COK,04:25 28 Jun,No info,16079,27,6,3,0,0,1310.0,395
Jet Airways,Kolkata,Banglore,CCU ? BOM ? BLR,19:50 02 Apr,In-flight meal not included,7064,1,4,0,0,0,990.0,1640
Jet Airways,Delhi,Cochin,DEL ? BOM ? COK,19:00,No info,15554,18,5,5,0,0,840.0,300
SpiceJet,Chennai,Kolkata,MAA ? CCU,12:00,No check-in baggage included,3543,18,5,5,0,0,585.0,135
Air India,Banglore,Delhi,BLR ? DEL,16:10,No info,6121,18,4,3,0,0,800.0,170
IndiGo,Delhi,Cochin,DEL ? BOM ? COK,15:30,No info,8075,27,3,2,0,0,505.0,425
Multiple carriers,Delhi,Cochin,DEL ? BOM ? COK,01:30 04 Jun,No info,13377,3,6,0,0,0,690.0,840
Jet Airways,Kolkata,Banglore,CCU ? BOM ? BLR,19:50,No info,14571,24,5,4,0,0,845.0,345
SpiceJet,Banglore,Delhi,BLR ? DEL,08:35,No check-in baggage included,3919,24,4,2,0,0,355.0,160
Jet Airways,Kolkata,Banglore,CCU ? BOM ? BLR,04:45 25 Mar,No info,14231,24,3,6,0,0,1135.0,590
IndiGo,Mumbai,Hyderabad,BOM ? HYD,20:30,No info,2754,15,3,4,0,0,1145.0,85
Air India,Delhi,Cochin,DEL ? BLR ? COK,23:00,No info,8067,21,5,1,0,0,1060.0,320
Vistara,Kolkata,Banglore,CCU ? DEL ? BLR,22:40,No info,8452,6,5,0,0,0,430.0,930
Jet Airways,Banglore,New Delhi,BLR ? BOM ? DEL,11:25 07 Mar,No info,15025,6,3,2,0,0,845.0,1280
Jet Airways,Banglore,New Delhi,BLR ? BOM ? DEL,16:10,No info,26890,1,3,4,0,0,535.0,435
Jet Airways,Delhi,Cochin,DEL ? BOM ? COK,18:50,In-flight meal not included,15103,6,3,2,0,0,780.0,350
Jet Airways,Kolkata,Banglore,CCU ? BOM ? BLR,04:40 25 May,In-flight meal not included,8586,24,5,4,0,0,845.0,875
Jet Airways,Kolkata,Banglore,CCU ? BOM ? BLR,16:20,In-flight meal not included,10844,9,6,6,0,0,505.0,475
Jet Airways,Delhi,Cochin,DEL ? BOM ? COK,04:25 22 May,In-flight meal not included,12898,21,5,1,0,0,1310.0,395
Jet Airways,Kolkata,Banglore,CCU ? BOM ? BLR,08:15 13 May,In-flight meal not included,8586,12,5,6,0,0,390.0,1545
Multiple carriers,Delhi,Cochin,DEL ? BOM ? COK,19:00,No info,11622,9,6,6,0,0,510.0,630
Air India,Delhi,Cochin,DEL ? LKO ? BOM ? COK,19:15 07 May,No info,13538,6,5,0,0,0,740.0,1855
Jet Airways,Delhi,Cochin,DEL ? JAI ? BOM ? COK,04:25 02 Jun,No info,13014,1,6,5,0,0,330.0,1375
Jet Airways,Kolkata,Banglore,CCU ? BOM ? BLR,10:05 10 May,No info,13941,9,5,3,0,0,1135.0,910
Jet Airways,Kolkata,Banglore,CCU ? DEL ? BLR,10:55 19 May,No info,14151,18,5,5,0,0,575.0,1520
Multiple carriers,Delhi,Cochin,DEL ? BOM ? COK,01:35 22 Mar,No info,13542,21,3,3,0,0,1050.0,485
IndiGo,Delhi,Cochin,DEL ? HYD ? COK,22:20,No info,6558,21,3,3,0,0,400.0,940
Air Asia,Kolkata,Banglore,CCU ? DEL ? BLR,19:25,No info,5192,18,5,5,0,0,455.0,710
Vistara,Banglore,Delhi,BLR ? DEL,09:40,No info,4878,1,6,5,0,0,420.0,160
Jet Airways,Delhi,Cochin,DEL ? BOM ? COK,12:35 28 May,In-flight meal not included,12898,27,5,0,0,0,900.0,1295
Air India,Delhi,Cochin,DEL ? BLR ? COK,23:00,No info,7384,9,6,6,0,0,1060.0,320
GoAir,Banglore,Delhi,BLR ? DEL,10:40,No info,3898,3,5,4,0,0,465.0,175
Air Asia,Banglore,Delhi,BLR ? DEL,02:45 07 May,No info,3383,6,5,0,0,0,1435.0,170
IndiGo,Delhi,Cochin,DEL ? BOM ? COK,21:00,No info,6093,24,6,0,0,0,400.0,860
Multiple carriers,Delhi,Cochin,DEL ? BOM ? COK,19:00,No info,12192,12,6,2,0,0,480.0,660
Multiple carriers,Delhi,Cochin,DEL ? BOM ? COK,01:30 13 Jun,No info,6795,12,6,2,0,0,770.0,760
Jet Airways,Banglore,New Delhi,BLR ? BOM ? DEL,07:40 16 Mar,No info,11455,18,3,0,0,0,420.0,1480
IndiGo,Chennai,Kolkata,MAA ? CCU,18:25,No info,3540,1,6,5,0,0,940.0,165
Multiple carriers,Delhi,Cochin,DEL ? BOM ? COK,19:15,No info,15898,27,5,0,0,0,540.0,615
Multiple carriers,Delhi,Cochin,DEL ? BOM ? COK,21:00,No info,9718,3,6,0,0,0,600.0,660
GoAir,Kolkata,Banglore,CCU ? AMD ? BLR,00:15 16 May,No info,7831,15,5,2,0,0,1000.0,455
IndiGo,Delhi,Cochin,DEL ? BOM ? COK,21:00,No info,6416,3,6,0,0,0,510.0,750
Vistara,Chennai,Kolkata,MAA ? CCU,09:20,No info,3739,27,3,2,0,0,425.0,135
Vistara,Kolkata,Banglore,CCU ? DEL ? BLR,23:25,No info,8085,6,5,0,0,0,430.0,975
IndiGo,Banglore,Delhi,BLR ? DEL,19:55,No info,4823,3,5,4,0,0,1015.0,180
Jet Airways,Delhi,Cochin,DEL ? NAG ? BOM ? COK,12:35 10 Jun,No info,13376,9,6,6,0,0,875.0,1320
Vistara,Kolkata,Banglore,CCU ? DEL ? BLR,10:45 16 May,No info,8452,15,5,2,0,0,1220.0,865
Jet Airways,Kolkata,Banglore,CCU ? BOM ? BLR,22:35 07 Jun,In-flight meal not included,10844,6,6,3,0,0,1200.0,1595
Vistara,Delhi,Cochin,DEL ? COK,09:10,No info,4851,27,3,2,0,0,360.0,190
Multiple carriers,Delhi,Cochin,DEL ? BOM ? COK,01:30 16 Jun,No info,6795,15,6,5,0,0,1140.0,390
IndiGo,Banglore,Delhi,BLR ? DEL,11:20,No info,4823,18,5,5,0,0,510.0,170
Jet Airways,Delhi,Cochin,DEL ? BOM ? COK,04:25 10 Jun,In-flight meal not included,10577,9,6,6,0,0,1255.0,450
Jet Airways,Delhi,Cochin,DEL ? BOM ? COK,19:45 28 Mar,No info,12032,27,3,2,0,0,1250.0,1375
Air Asia,Delhi,Cochin,DEL ? BLR ? COK,13:25,No info,9330,1,6,5,0,0,475.0,330
Vistara,Kolkata,Banglore,CCU ? DEL ? BLR,22:55,No info,8977,1,4,0,0,0,1020.0,355
Multiple carriers,Delhi,Cochin,DEL ? BOM ? COK,21:00,No info,7005,1,6,5,0,0,770.0,490
Jet Airways,Kolkata,Banglore,CCU ? BOM ? BLR,20:45,In-flight meal not included,10844,18,5,5,0,0,845.0,400
Multiple carriers,Delhi,Cochin,DEL ? BOM ? COK,12:35,No info,12192,24,6,0,0,0,230.0,525
Air India,Banglore,New Delhi,BLR ? DEL,12:45,No info,4441,24,3,6,0,0,600.0,165
Multiple carriers,Delhi,Cochin,DEL ? BOM ? COK,19:15,No info,7575,9,5,3,0,0,635.0,520
IndiGo,Kolkata,Banglore,CCU ? BLR,07:15,No info,4804,21,6,4,0,0,280.0,155
SpiceJet,Chennai,Kolkata,MAA ? CCU,12:00,No info,3597,6,6,3,0,0,585.0,135
Air India,Kolkata,Banglore,CCU ? DEL ? BLR,20:25 07 Jun,No info,10413,6,6,3,0,0,1050.0,1615
Jet Airways,Banglore,Delhi,BLR ? DEL,08:45,No info,8016,9,6,6,0,0,360.0,165
Jet Airways,Kolkata,Banglore,CCU ? BOM ? BLR,12:00 10 Jun,In-flight meal not included,10844,9,6,6,0,0,1200.0,960
Jet Airways,Kolkata,Banglore,CCU ? BOM ? BLR,09:20 13 May,In-flight meal not included,9663,12,5,6,0,0,990.0,1010
IndiGo,Delhi,Cochin,DEL ? BOM ? COK,01:30 19 May,No info,6069,18,5,5,0,0,1225.0,305
IndiGo,Delhi,Cochin,DEL ? HYD ? COK,22:30,No info,6442,27,5,0,0,0,715.0,635
Multiple carriers,Delhi,Cochin,DEL ? BOM ? COK,21:00,No info,13587,1,6,5,0,0,540.0,720
Air India,Mumbai,Hyderabad,BOM ? HYD,20:45,No info,3100,9,5,3,0,0,1170.0,75
Jet Airways,Kolkata,Banglore,CCU ? BOM ? BLR,18:15,No info,14781,21,5,1,0,0,390.0,705
Jet Airways,Delhi,Cochin,DEL ? BOM ? COK,19:00 22 May,In-flight meal not included,12898,21,5,1,0,0,1310.0,1270
IndiGo,Kolkata,Banglore,CCU ? BLR,16:55,No info,4804,18,6,1,0,0,865.0,150
SpiceJet,Kolkata,Banglore,CCU ? BLR,11:25,No info,4174,15,4,0,0,0,540.0,145
IndiGo,Banglore,Delhi,BLR ? DEL,02:20 25 May,No info,4591,24,5,4,0,0,1410.0,170
Jet Airways,Kolkata,Banglore,CCU ? BOM ? BLR,19:50 07 May,In-flight meal not included,9663,6,5,0,0,0,990.0,1640
Multiple carriers,Delhi,Cochin,DEL ? BOM ? COK,19:15,No info,8266,15,5,2,0,0,525.0,630
IndiGo,Banglore,Delhi,BLR ? DEL,10:05,No info,4823,6,5,0,0,0,430.0,175
Air India,Delhi,Cochin,DEL ? COK,21:10,No info,6094,21,5,1,0,0,1085.0,185
Jet Airways,Kolkata,Banglore,CCU ? BOM ? BLR,04:40 25 May,No info,14178,24,5,4,0,0,1270.0,450
Jet Airways,Delhi,Cochin,DEL ? NAG ? BOM ? COK,12:35 10 Jun,No info,13376,9,6,6,0,0,405.0,1790
Air India,Mumbai,Hyderabad,BOM ? HYD,22:25,No info,2575,24,3,6,0,0,1265.0,80
Vistara,Mumbai,Hyderabad,BOM ? DEL ? HYD,19:55,No info,12395,6,3,2,0,0,450.0,745
IndiGo,Delhi,Cochin,DEL ? BOM ? COK,21:00,No info,10351,27,3,2,0,0,550.0,710
Air Asia,Kolkata,Banglore,CCU ? DEL ? BLR,23:30,No info,5192,21,5,1,0,0,455.0,955
Multiple carriers,Delhi,Cochin,DEL ? BOM ? COK,21:00,No info,7670,15,5,2,0,0,770.0,490
Air India,Banglore,New Delhi,BLR ? CCU ? GAU ? DEL,22:10 16 Mar,No info,11161,18,3,0,0,0,665.0,2105
Jet Airways,Kolkata,Banglore,CCU ? DEL ? BLR,18:00 25 May,No info,14151,24,5,4,0,0,1225.0,1295
IndiGo,Kolkata,Banglore,CCU ? HYD ? BLR,20:05,No info,4775,6,5,0,0,0,915.0,290
Air India,Delhi,Cochin,DEL ? HYD ? MAA ? COK,09:25 07 Mar,No info,12865,6,3,2,0,0,785.0,1220
Air India,Mumbai,Hyderabad,BOM ? HYD,20:45,No info,5462,6,3,2,0,0,1170.0,75
SpiceJet,Delhi,Cochin,DEL ? MAA ? COK,11:20,No info,8382,9,3,5,0,0,370.0,310
Jet Airways,Banglore,Delhi,BLR ? DEL,20:45,In-flight meal not included,4544,24,4,2,0,0,1065.0,180
Jet Airways,Banglore,Delhi,BLR ? DEL,18:10,In-flight meal not included,4544,1,4,0,0,0,915.0,175
Jet Airways,Kolkata,Banglore,CCU ? BOM ? BLR,23:35,No info,14781,18,5,5,0,0,990.0,425
SpiceJet,Delhi,Cochin,DEL ? PNQ ? COK,13:15,No check-in baggage included,5158,27,5,0,0,0,525.0,270
Jet Airways,Mumbai,Hyderabad,BOM ? HYD,17:20,No info,5678,21,3,3,0,0,950.0,90
Jet Airways,Delhi,Cochin,DEL ? JDH ? BOM ? COK,19:00,No info,18804,9,6,6,0,0,700.0,440
IndiGo,Mumbai,Hyderabad,BOM ? HYD,10:40,No info,4049,3,6,0,0,0,550.0,90
IndiGo,Kolkata,Banglore,CCU ? BLR,12:55,No info,6565,24,3,6,0,0,610.0,165
Jet Airways,Delhi,Cochin,DEL ? BOM ? COK,12:35 19 May,In-flight meal not included,12373,18,5,5,0,0,1095.0,1100
Air India,Banglore,New Delhi,BLR ? DEL,19:45,No info,4441,18,3,0,0,0,1020.0,165
SpiceJet,Chennai,Kolkata,MAA ? CCU,20:05,No info,3597,18,5,5,0,0,1065.0,140
Jet Airways,Mumbai,Hyderabad,BOM ? HYD,21:05,No info,5678,18,6,1,0,0,1175.0,90
Air India,Delhi,Cochin,DEL ? HYD ? MAA ? COK,09:25 10 Mar,No info,10660,9,3,5,0,0,585.0,1420
Jet Airways,Banglore,Delhi,BLR ? DEL,08:45,In-flight meal not included,4544,21,4,6,0,0,360.0,165
IndiGo,Banglore,Delhi,BLR ? DEL,11:20,No info,4823,24,5,4,0,0,510.0,170
Air India,Kolkata,Banglore,CCU ? VNS ? DEL ? BLR,23:15,No info,14214,9,5,3,0,0,870.0,525
Jet Airways,Kolkata,Banglore,CCU ? BOM ? BLR,16:20,No info,14781,1,5,2,0,0,505.0,475
Multiple carriers,Delhi,Cochin,DEL ? BOM ? COK,01:35 02 Mar,No info,23533,1,3,4,0,0,1140.0,395
Jet Airways,Delhi,Cochin,DEL ? BOM ? COK,18:50 10 Mar,In-flight meal not included,14053,9,3,5,0,0,1155.0,1415
Jet Airways,Delhi,Cochin,DEL ? BOM ? COK,19:00 28 Jun,In-flight meal not included,10262,27,6,3,0,0,1310.0,1270
IndiGo,Banglore,Delhi,BLR ? DEL,22:50,No info,4823,21,6,4,0,0,1200.0,170
Air India,Delhi,Cochin,DEL ? BLR ? COK,08:15 19 May,No info,8361,18,5,5,0,0,1060.0,875
Air India,Delhi,Cochin,DEL ? NAG ? BOM ? COK,19:15 10 Jun,No info,10493,9,6,6,0,0,355.0,2240
Multiple carriers,Delhi,Cochin,DEL ? BOM ? COK,13:20,No info,17057,3,3,6,0,0,425.0,375
Air India,Delhi,Cochin,DEL ? HYD ? BOM ? COK,19:15 19 May,No info,12392,18,5,5,0,0,1035.0,1560
IndiGo,Delhi,Cochin,DEL ? BOM ? COK,01:30 13 Jun,No info,5883,12,6,2,0,0,685.0,845
Jet Airways,Delhi,Cochin,DEL ? BOM ? COK,19:00,In-flight meal not included,12898,21,5,1,0,0,690.0,450
Jet Airways,Delhi,Cochin,DEL ? BOM ? COK,19:00,No info,16079,21,5,1,0,0,135.0,1005
Multiple carriers,Delhi,Cochin,DEL ? BOM ? COK,12:35,No info,10678,12,6,2,0,0,295.0,460
Air India,Banglore,New Delhi,BLR ? BOM ? IDR ? DEL,11:10 02 Mar,No info,20999,1,3,4,0,0,405.0,1705
IndiGo,Banglore,New Delhi,BLR ? BOM ? DEL,00:35 19 Mar,No info,6575,21,3,3,0,0,1175.0,300
Jet Airways,Delhi,Cochin,DEL ? JAI ? BOM ? COK,04:25 22 May,No info,15129,21,5,1,0,0,1170.0,535
Jet Airways,Kolkata,Banglore,CCU ? BOM ? BLR,18:15 07 Jun,In-flight meal not included,10844,6,6,3,0,0,1135.0,1400
Air India,Banglore,New Delhi,BLR ? BBI ? DEL,23:45,No info,11654,3,3,6,0,0,570.0,855
IndiGo,Kolkata,Banglore,CCU ? MAA ? BLR,13:00,No info,5069,1,4,0,0,0,490.0,290
Air India,Banglore,Delhi,BLR ? DEL,08:55,No info,5176,1,4,0,0,0,370.0,165
Jet Airways,Delhi,Cochin,DEL ? IDR ? BOM ? COK,04:25 10 Jun,No info,13292,9,6,6,0,0,330.0,1375
IndiGo,Delhi,Cochin,DEL ? BLR ? COK,07:45,No info,6386,6,6,3,0,0,120.0,345
Jet Airways,Delhi,Cochin,DEL ? AMD ? BOM ? COK,19:00 22 May,No info,15129,21,5,1,0,0,805.0,1775
Air India,Kolkata,Banglore,CCU ? BLR,23:20,No info,4435,6,3,2,0,0,1245.0,155
IndiGo,Banglore,Delhi,BLR ? DEL,02:20 19 May,No info,4591,18,5,5,0,0,1410.0,170
Jet Airways,Banglore,New Delhi,BLR ? BOM ? DEL,23:00,In-flight meal not included,7832,21,3,3,0,0,345.0,1035
IndiGo,Kolkata,Banglore,CCU ? BLR,07:15,No info,4174,12,4,4,0,0,280.0,155
Multiple carriers,Delhi,Cochin,DEL ? BOM ? COK,15:30,No info,6148,27,3,2,0,0,420.0,510
Multiple carriers,Delhi,Cochin,DEL ? BOM ? COK,19:15,No info,9149,27,5,0,0,0,555.0,600
Multiple carriers,Delhi,Cochin,DEL ? HYD ? MAA ? COK,21:20,No info,6128,27,3,2,0,0,785.0,495
IndiGo,Delhi,Cochin,DEL ? HYD ? COK,22:20,No info,6412,27,3,2,0,0,970.0,370
Multiple carriers,Delhi,Cochin,DEL ? BOM ? COK,21:00,No info,8073,18,5,5,0,0,480.0,780
Jet Airways,Delhi,Cochin,DEL ? COK,14:15,In-flight meal not included,4256,24,6,0,0,0,660.0,195
Air India,Kolkata,Banglore,CCU ? DEL ? AMD ? BLR,05:25 13 May,No info,14634,12,5,6,0,0,600.0,1165
Multiple carriers,Delhi,Cochin,DEL ? BOM ? COK,21:00,No info,14067,21,5,1,0,0,780.0,480
IndiGo,Kolkata,Banglore,CCU ? BLR,18:05,No info,4804,6,5,0,0,0,930.0,155
SpiceJet,Kolkata,Banglore,CCU ? BLR,19:40,No info,4911,21,4,6,0,0,1030.0,150
IndiGo,Delhi,Cochin,DEL ? HYD ? COK,22:30,No info,6412,9,6,6,0,0,970.0,380
SpiceJet,Chennai,Kolkata,MAA ? CCU,10:35,No check-in baggage included,3543,15,6,5,0,0,500.0,135
IndiGo,Chennai,Kolkata,MAA ? CCU,14:00,No info,3858,6,6,3,0,0,695.0,145
Air India,Kolkata,Banglore,CCU ? BBI ? BOM ? BLR,07:55 16 May,No info,9941,15,5,2,0,0,720.0,1195
Jet Airways,Banglore,Delhi,BLR ? DEL,11:20,No info,7229,9,4,1,0,0,500.0,180
GoAir,Banglore,New Delhi,BLR ? GOI ? DEL,20:15,No info,8352,3,3,6,0,0,945.0,270
Jet Airways,Kolkata,Banglore,CCU ? DEL ? BLR,22:05,No info,14151,12,5,6,0,0,575.0,750
Multiple carriers,Delhi,Cochin,DEL ? BOM ? COK,01:30 07 Jun,No info,6795,6,6,3,0,0,1065.0,465
IndiGo,Kolkata,Banglore,CCU ? BLR,22:55,No info,4804,3,5,4,0,0,1220.0,155
Air India,Delhi,Cochin,DEL ? TRV ? COK,06:50 07 Jun,No info,6587,6,6,3,0,0,315.0,1535
GoAir,Delhi,Cochin,DEL ? AMD ? COK,13:35,No info,4106,3,4,2,0,0,445.0,370
Air India,Kolkata,Banglore,CCU ? BLR,16:45,No info,5510,18,4,3,0,0,855.0,150
Jet Airways,Delhi,Cochin,DEL ? JAI ? BOM ? COK,19:00,No info,15129,9,5,3,0,0,580.0,560
Jet Airways,Delhi,Cochin,DEL ? JAI ? BOM ? COK,04:25 10 May,In-flight meal not included,13029,9,5,3,0,0,580.0,1125
IndiGo,Delhi,Cochin,DEL ? MAA ? COK,12:30,No info,6582,15,6,5,0,0,435.0,315
Multiple carriers,Delhi,Cochin,DEL ? BOM ? COK,01:30 28 Jun,In-flight meal not included,5797,27,6,3,0,0,1065.0,465
Jet Airways,Kolkata,Banglore,CCU ? DEL ? BLR,10:55 13 Jun,No info,12692,12,6,2,0,0,1225.0,870
SpiceJet,Chennai,Kolkata,MAA ? CCU,10:35,No check-in baggage included,3332,27,3,2,0,0,500.0,135
Air India,Kolkata,Banglore,CCU ? BBI ? BOM ? BLR,07:55 10 Jun,No info,10151,9,6,6,0,0,720.0,1195
IndiGo,Delhi,Cochin,DEL ? MAA ? COK,07:25,No info,5046,6,4,5,0,0,120.0,325
Air India,Delhi,Cochin,DEL ? BLR ? COK,23:00,No info,8907,15,6,5,0,0,370.0,1010
Air India,Banglore,Delhi,BLR ? DEL,23:55,No info,5228,6,5,0,0,0,1265.0,170
IndiGo,Delhi,Cochin,DEL ? LKO ? COK,10:10,No info,13753,3,3,6,0,0,335.0,275
Jet Airways,Banglore,New Delhi,BLR ? BOM ? DEL,21:20,In-flight meal not included,11087,9,3,5,0,0,535.0,745
Jet Airways,Kolkata,Banglore,CCU ? BOM ? BLR,23:35,No info,14781,18,5,5,0,0,845.0,570
IndiGo,Kolkata,Banglore,CCU ? BLR,14:05,No info,5224,6,5,0,0,0,690.0,155
Jet Airways,Banglore,Delhi,BLR ? DEL,18:10,In-flight meal not included,3702,6,5,0,0,0,915.0,175
IndiGo,Mumbai,Hyderabad,BOM ? HYD,20:30,No info,2754,18,3,0,0,0,1145.0,85
Air Asia,Banglore,Delhi,BLR ? DEL,13:55,No info,3383,24,5,4,0,0,670.0,165
Air India,Banglore,Delhi,BLR ? DEL,16:10,No info,5228,15,4,0,0,0,800.0,170
IndiGo,Delhi,Cochin,DEL ? BOM ? COK,01:30 28 May,No info,5054,27,5,0,0,0,1225.0,305
Jet Airways,Banglore,New Delhi,BLR ? BOM ? DEL,19:10,No info,13555,18,3,0,0,0,535.0,615
Multiple carriers,Delhi,Cochin,DEL ? BOM ? COK,01:30 02 Jun,No info,7408,1,6,5,0,0,1020.0,510
IndiGo,Kolkata,Banglore,CCU ? BLR,16:55,No info,5224,24,5,4,0,0,865.0,150
IndiGo,Banglore,New Delhi,BLR ? HYD ? DEL,17:05,No info,9694,1,3,4,0,0,730.0,295
IndiGo,Delhi,Cochin,DEL ? BOM ? COK,01:35 22 Mar,No info,7318,21,3,3,0,0,1030.0,505
IndiGo,Delhi,Cochin,DEL ? HYD ? COK,12:10,No info,5054,21,5,1,0,0,455.0,275
Jet Airways,Banglore,Delhi,BLR ? DEL,22:00,In-flight meal not included,4030,1,5,2,0,0,1135.0,185
Jet Airways,Banglore,New Delhi,BLR ? BOM ? DEL,18:25,No info,16736,6,3,2,0,0,480.0,625
Air India,Mumbai,Hyderabad,BOM ? HYD,20:45,No info,2050,18,3,0,0,0,1170.0,75
Air India,Mumbai,Hyderabad,BOM ? AMD ? ISK ? HYD,14:50,No info,9977,12,3,1,0,0,95.0,795
Jet Airways,Delhi,Cochin,DEL ? JAI ? BOM ? COK,04:25 07 Jun,In-flight meal not included,10368,6,6,3,0,0,330.0,1375
IndiGo,Delhi,Cochin,DEL ? AMD ? COK,13:40,No info,6755,9,3,5,0,0,465.0,355
Jet Airways,Banglore,Delhi,BLR ? DEL,18:10,In-flight meal not included,3502,15,5,2,0,0,915.0,175
Air India,Banglore,Delhi,BLR ? DEL,12:45,No info,6961,24,6,0,0,0,600.0,165
Jet Airways,Banglore,Delhi,BLR ? DEL,18:45,In-flight meal not included,4544,9,4,1,0,0,950.0,175
SpiceJet,Kolkata,Banglore,CCU ? BLR,17:25,No check-in baggage included,3841,18,5,5,0,0,895.0,150
Jet Airways,Mumbai,Hyderabad,BOM ? DED ? DEL ? HYD,16:50 07 Mar,No info,24115,6,3,2,0,0,860.0,1590
Vistara,Kolkata,Banglore,CCU ? DEL ? BLR,09:05 25 May,No info,9502,24,5,4,0,0,430.0,1555
Air India,Mumbai,Hyderabad,BOM ? HYD,07:40,No info,3100,1,4,0,0,0,380.0,80
SpiceJet,Banglore,Delhi,BLR ? DEL,08:35,No check-in baggage included,4319,15,4,0,0,0,355.0,160
IndiGo,Mumbai,Hyderabad,BOM ? HYD,21:40,No info,2227,1,5,2,0,0,1205.0,95
SpiceJet,Kolkata,Banglore,CCU ? BLR,00:40 25 Mar,No info,5831,24,3,6,0,0,1340.0,140
IndiGo,Kolkata,Banglore,CCU ? BLR,00:05 10 Jun,No info,4804,9,6,6,0,0,1285.0,160
IndiGo,Delhi,Cochin,DEL ? HYD ? COK,12:10,No info,5458,6,6,3,0,0,455.0,275
Jet Airways,Banglore,Delhi,BLR ? DEL,22:00,In-flight meal not included,7229,9,6,6,0,0,1135.0,185
Jet Airways,Kolkata,Banglore,CCU ? BOM ? BLR,10:05 07 Jun,No info,14571,6,6,3,0,0,1135.0,910
SpiceJet,Banglore,Delhi,BLR ? DEL,00:05 10 Jun,No check-in baggage included,3919,9,6,6,0,0,1270.0,175
Multiple carriers,Delhi,Cochin,DEL ? HYD ? COK,16:10,No info,6916,9,3,5,0,0,425.0,545
Jet Airways,Delhi,Cochin,DEL ? BOM ? COK,04:25 28 Mar,In-flight meal not included,6960,27,3,2,0,0,780.0,925
Jet Airways,Banglore,New Delhi,BLR ? MAA ? DEL,14:25,No info,16757,6,3,2,0,0,585.0,280
IndiGo,Delhi,Cochin,DEL ? BOM ? COK,01:35 07 Mar,No info,14871,6,3,2,0,0,960.0,575
IndiGo,Delhi,Cochin,DEL ? HYD ? COK,12:10,No info,5054,12,6,2,0,0,455.0,275
Air India,Delhi,Cochin,DEL ? LKO ? BOM ? COK,19:15 04 Jun,No info,12488,3,6,0,0,0,740.0,1855
IndiGo,Banglore,Delhi,BLR ? DEL,21:20,No info,4823,15,4,0,0,0,1105.0,175
Air India,Delhi,Cochin,DEL ? BHO ? BOM ? COK,19:15 10 Mar,No info,14483,9,3,5,0,0,355.0,2240
Air India,Delhi,Cochin,DEL ? HYD ? BOM ? COK,19:15 25 Jun,No info,11989,24,6,0,0,0,1035.0,1560
Jet Airways,Delhi,Cochin,DEL ? BOM ? COK,19:00 22 May,No info,16079,21,5,1,0,0,1370.0,1210
Jet Airways,Kolkata,Banglore,CCU ? DEL ? BLR,10:55 07 May,No info,13067,6,5,0,0,0,575.0,1520
IndiGo,Delhi,Cochin,DEL ? HYD ? COK,16:10,No info,6818,12,6,2,0,0,305.0,665
Jet Airways,Kolkata,Banglore,CCU ? BOM ? BLR,08:15 13 May,No info,13941,12,5,6,0,0,505.0,1430
Multiple carriers,Delhi,Cochin,DEL ? BOM ? COK,19:00,No info,12927,24,6,0,0,0,540.0,600
IndiGo,Kolkata,Banglore,CCU ? BLR,00:50 16 May,No info,4804,15,5,2,0,0,1335.0,155
Jet Airways,Delhi,Cochin,DEL ? BOM ? COK,12:35 02 Apr,In-flight meal not included,5406,1,4,0,0,0,960.0,1235
IndiGo,Delhi,Cochin,DEL ? BOM ? COK,01:35 22 Mar,No info,7318,21,3,3,0,0,645.0,890
IndiGo,Chennai,Kolkata,MAA ? CCU,10:15,No info,3384,21,3,3,0,0,475.0,140
Air Asia,Delhi,Cochin,DEL ? BLR ? COK,06:35 04 Jun,No info,11410,3,6,0,0,0,1245.0,590
Jet Airways,Banglore,New Delhi,BLR ? BOM ? DEL,13:15,In-flight meal not included,9134,15,3,4,0,0,345.0,450
Jet Airways,Banglore,New Delhi,BLR ? BOM ? DEL,21:20,In-flight meal not included,7832,21,3,3,0,0,845.0,435
Jet Airways,Banglore,New Delhi,BLR ? BOM ? DEL,07:40 07 Mar,No info,14815,6,3,2,0,0,535.0,1365
IndiGo,Banglore,Delhi,BLR ? DEL,02:20 04 Jun,No info,4591,3,6,0,0,0,1410.0,170
Jet Airways,Delhi,Cochin,DEL ? BOM ? COK,19:00 10 May,In-flight meal not included,12373,9,5,3,0,0,1370.0,1210
Air Asia,Banglore,New Delhi,BLR ? DEL,08:40,No info,4284,9,3,5,0,0,350.0,170
Jet Airways,Kolkata,Banglore,CCU ? BOM ? BLR,04:40 19 May,No info,13941,18,5,5,0,0,345.0,1375
Jet Airways,Delhi,Cochin,DEL ? BOM ? COK,18:50 10 Mar,No info,16289,9,3,5,0,0,1045.0,1525
IndiGo,Delhi,Cochin,DEL ? PNQ ? COK,04:35 25 Jun,No info,9165,24,6,0,0,0,1410.0,305
Jet Airways,Banglore,Delhi,BLR ? DEL,08:45,No info,8016,21,6,4,0,0,360.0,165
Air Asia,Kolkata,Banglore,CCU ? DEL ? BLR,10:40 02 Apr,No info,5192,1,4,0,0,0,1360.0,720
Jet Airways,Kolkata,Banglore,CCU ? BOM ? BLR,08:15 10 Jun,No info,14939,9,6,6,0,0,1270.0,665
Jet Airways,Banglore,New Delhi,BLR ? BOM ? DEL,09:30 02 Mar,No info,25735,1,3,4,0,0,700.0,1310
Multiple carriers,Delhi,Cochin,DEL ? BOM ? COK,19:00,No info,14502,3,6,0,0,0,600.0,540
Jet Airways,Banglore,New Delhi,BLR ? BOM ? DEL,12:25 13 Mar,No info,13817,12,3,1,0,0,1375.0,810
Jet Airways,Kolkata,Banglore,CCU ? DEL ? BLR,18:00,No info,14151,24,5,4,0,0,575.0,505
Multiple carriers,Delhi,Cochin,DEL ? BOM ? COK,19:15,No info,15077,6,3,2,0,0,645.0,510
Multiple carriers,Delhi,Cochin,DEL ? BOM ? COK,19:00,No info,12192,12,6,2,0,0,540.0,600
SpiceJet,Mumbai,Hyderabad,BOM ? HYD,14:45,No check-in baggage included,1965,21,5,1,0,0,795.0,90
IndiGo,Chennai,Kolkata,MAA ? CCU,10:15,No info,3850,18,5,5,0,0,475.0,140
IndiGo,Mumbai,Hyderabad,BOM ? HYD,18:25,No info,3175,1,6,5,0,0,1015.0,90
Jet Airways,Banglore,Delhi,BLR ? DEL,22:00,No info,7229,21,5,1,0,0,1135.0,185
Jet Airways,Delhi,Cochin,DEL ? BOM ? COK,19:00 28 May,No info,16079,27,5,0,0,0,1155.0,1425
IndiGo,Mumbai,Hyderabad,BOM ? HYD,10:40,No info,4392,27,3,2,0,0,550.0,90
Jet Airways,Banglore,New Delhi,BLR ? BOM ? DEL,00:45 16 Mar,No info,54826,18,3,0,0,0,1120.0,365
Jet Airways,Delhi,Cochin,DEL ? JAI ? BOM ? COK,19:00,In-flight meal not included,10368,15,6,5,0,0,580.0,560
Jet Airways,Delhi,Cochin,DEL ? BOM ? COK,19:00 28 May,In-flight meal not included,12898,27,5,0,0,0,1370.0,1210
Air India,Kolkata,Banglore,CCU ? GAU ? DEL ? BLR,12:30 02 May,No info,14960,1,5,2,0,0,1005.0,1185
IndiGo,Delhi,Cochin,DEL ? HYD ? COK,22:30,No info,6442,27,5,0,0,0,515.0,835
SpiceJet,Chennai,Kolkata,MAA ? CCU,10:35,No info,3597,21,5,1,0,0,500.0,135
Jet Airways,Delhi,Cochin,DEL ? JDH ? BOM ? COK,19:00,No info,18804,6,6,3,0,0,700.0,440
Vistara,Delhi,Cochin,DEL ? COK,09:10,No info,6111,15,3,4,0,0,360.0,190
IndiGo,Delhi,Cochin,DEL ? COK,00:20 10 Jun,No info,6015,9,6,6,0,0,1265.0,195
Air India,Banglore,Delhi,BLR ? DEL,16:10,No info,6121,18,5,5,0,0,800.0,170
Jet Airways,Kolkata,Banglore,CCU ? GAU ? BLR,17:35,In-flight meal not included,6287,24,5,4,0,0,620.0,435
Jet Airways,Banglore,Delhi,BLR ? DEL,18:10,No info,7229,9,5,3,0,0,915.0,175
IndiGo,Delhi,Cochin,DEL ? HYD ? COK,16:10,No info,6442,12,6,2,0,0,515.0,455
Jet Airways,Banglore,Delhi,BLR ? DEL,18:10,In-flight meal not included,4544,27,4,5,0,0,915.0,175
Air India,Kolkata,Banglore,CCU ? BOM ? COK ? BLR,13:45 13 Jun,No info,11542,12,6,2,0,0,565.0,1700
Jet Airways,Delhi,Cochin,DEL ? BOM ? COK,04:25 22 May,No info,16079,21,5,1,0,0,1185.0,520
Multiple carriers,Delhi,Cochin,DEL ? HYD ? COK,16:10,No info,6076,27,3,2,0,0,425.0,545
Air India,Kolkata,Banglore,CCU ? DEL ? COK ? BLR,01:20 02 Apr,No info,10408,1,4,0,0,0,600.0,920
Air India,Delhi,Cochin,DEL ? NAG ? BOM ? COK,19:15 28 Mar,No info,8446,27,3,2,0,0,355.0,2240
GoAir,Banglore,New Delhi,BLR ? DEL,10:40,No info,13663,1,3,4,0,0,465.0,175
Air India,Delhi,Cochin,DEL ? BLR ? COK,08:15 16 May,No info,10671,15,5,2,0,0,1230.0,705
Air Asia,Banglore,Delhi,BLR ? DEL,02:45 19 Jun,No info,3383,18,6,1,0,0,1435.0,170
Multiple carriers,Delhi,Cochin,DEL ? BOM ? COK,01:30 10 May,No info,9021,9,5,3,0,0,620.0,910
Multiple carriers,Delhi,Cochin,DEL ? BOM ? COK,19:15,No info,14533,18,5,5,0,0,540.0,615
Jet Airways,Delhi,Cochin,DEL ? LKO ? BOM ? COK,04:25 07 Jun,In-flight meal not included,11992,6,6,3,0,0,705.0,1000
IndiGo,Chennai,Kolkata,MAA ? CCU,15:35,No info,3597,12,5,6,0,0,795.0,140
IndiGo,Banglore,Delhi,BLR ? DEL,04:15,No info,4077,9,6,6,0,0,90.0,165
Multiple carriers,Delhi,Cochin,DEL ? HYD ? COK,16:10,No info,9646,12,6,2,0,0,425.0,545
SpiceJet,Kolkata,Banglore,CCU ? BLR,00:40 02 Apr,No info,3873,1,4,0,0,0,1340.0,140
Jet Airways,Delhi,Cochin,DEL ? AMD ? BOM ? COK,19:00 10 May,No info,15129,9,5,3,0,0,1150.0,1430
IndiGo,Delhi,Cochin,DEL ? BOM ? COK,01:30 10 Jun,No info,6104,9,6,6,0,0,1050.0,480
Jet Airways,Delhi,Cochin,DEL ? AMD ? BOM ? COK,04:25 08 Mar,In-flight meal not included,16022,6,3,2,0,0,1150.0,1995
Jet Airways,Banglore,New Delhi,BLR ? MAA ? DEL,00:30 13 Mar,In-flight meal not included,10562,9,3,5,0,0,585.0,885
Air India,Delhi,Cochin,DEL ? MAA ? COK,09:25 10 Mar,No info,10945,9,3,5,0,0,365.0,1640
SpiceJet,Kolkata,Banglore,CCU ? BLR,11:25,No info,3873,27,5,0,0,0,540.0,145
Jet Airways,Mumbai,Hyderabad,BOM ? HYD,04:25,In-flight meal not included,1840,27,3,2,0,0,175.0,90
IndiGo,Delhi,Cochin,DEL ? HYD ? COK,12:00,No info,9585,3,3,6,0,0,295.0,425
Jet Airways,Mumbai,Hyderabad,BOM ? HYD,21:05,In-flight meal not included,3210,18,5,5,0,0,1175.0,90
IndiGo,Delhi,Cochin,DEL ? BLR ? COK,20:00,No info,6147,9,5,3,0,0,910.0,290
Jet Airways,Kolkata,Banglore,CCU ? DEL ? BLR,23:35,In-flight meal not included,7341,9,5,3,0,0,1020.0,395
Air India,Delhi,Cochin,DEL ? BOM ? COK,19:15,No info,8372,21,5,1,0,0,540.0,615
Multiple carriers,Delhi,Cochin,DEL ? BOM ? COK,19:00,No info,10877,27,6,3,0,0,450.0,690
Air India,Delhi,Cochin,DEL ? GOI ? BOM ? COK,19:15 10 May,No info,10441,9,5,3,0,0,1320.0,1275
IndiGo,Delhi,Cochin,DEL ? BOM ? COK,21:00,No info,13611,6,3,2,0,0,285.0,975
Jet Airways,Banglore,New Delhi,BLR ? BOM ? DEL,10:45 13 Mar,In-flight meal not included,11087,9,3,5,0,0,535.0,1550
Jet Airways,Delhi,Cochin,DEL ? BOM ? COK,19:45 28 Mar,In-flight meal not included,5963,27,3,2,0,0,1155.0,1470
IndiGo,Chennai,Kolkata,MAA ? CCU,15:35,No info,3597,24,5,4,0,0,795.0,140
Jet Airways,Kolkata,Banglore,CCU ? BOM ? BLR,10:05 13 Jun,In-flight meal not included,8529,12,6,2,0,0,1135.0,910
Multiple carriers,Delhi,Cochin,DEL ? BOM ? COK,19:00,No info,10678,12,6,2,0,0,295.0,845
IndiGo,Delhi,Cochin,DEL ? BOM ? COK,21:00,No info,8285,27,3,2,0,0,505.0,755
Jet Airways,Delhi,Cochin,DEL ? BOM ? COK,12:35,No info,18371,12,6,2,0,0,135.0,620
Jet Airways,Kolkata,Banglore,CCU ? DEL ? BLR,09:45 07 Jun,No info,12692,6,6,3,0,0,1225.0,800
IndiGo,Banglore,Delhi,BLR ? DEL,08:50,No info,4423,24,4,2,0,0,365.0,165
Jet Airways,Banglore,Delhi,BLR ? DEL,22:50,In-flight meal not included,7229,9,6,6,0,0,1190.0,180
IndiGo,Banglore,New Delhi,BLR ? DEL,02:20 04 Mar,No info,6144,3,3,6,0,0,1410.0,170
Jet Airways,Delhi,Cochin,DEL ? NAG ? BOM ? COK,04:25 02 Jun,In-flight meal not included,10919,1,6,5,0,0,405.0,1300
IndiGo,Kolkata,Banglore,CCU ? BLR,00:05 28 Mar,No info,4148,27,3,2,0,0,1285.0,160
SpiceJet,Banglore,New Delhi,BLR ? DEL,23:20,No check-in baggage included,3873,24,3,6,0,0,1230.0,170
Jet Airways,Delhi,Cochin,DEL ? JAI ? BOM ? COK,18:50,No info,11702,21,3,3,0,0,580.0,550
IndiGo,Delhi,Cochin,DEL ? BOM ? COK,01:35 07 Mar,No info,14871,6,3,2,0,0,1030.0,505
Air India,Banglore,New Delhi,BLR ? BOM ? IDR ? DEL,11:10 16 Mar,No info,11234,18,3,0,0,0,405.0,1705
IndiGo,Delhi,Cochin,DEL ? HYD ? COK,22:30,No info,6938,6,6,3,0,0,860.0,490
IndiGo,Delhi,Cochin,DEL ? BOM ? COK,21:00,No info,6093,12,6,2,0,0,510.0,750
IndiGo,Banglore,Delhi,BLR ? DEL,13:00,No info,3943,15,5,2,0,0,610.0,170
Jet Airways,Mumbai,Hyderabad,BOM ? HYD,11:50,No info,8040,6,6,3,0,0,620.0,90
Jet Airways,Delhi,Cochin,DEL ? AMD ? BOM ? COK,12:35 10 May,No info,15129,9,5,3,0,0,1385.0,810
SpiceJet,Chennai,Kolkata,MAA ? CCU,20:05,No info,3597,9,5,3,0,0,1065.0,140
Vistara,Kolkata,Banglore,CCU ? DEL ? BLR,18:50,No info,8610,6,5,0,0,0,430.0,700
Jet Airways,Kolkata,Banglore,CCU ? DEL ? BLR,23:35,No info,13067,1,5,2,0,0,1020.0,395
SpiceJet,Banglore,Delhi,BLR ? DEL,12:20,No info,4991,9,5,3,0,0,570.0,170
SpiceJet,Kolkata,Banglore,CCU ? MAA ? BLR,20:20,No info,4649,1,4,0,0,0,905.0,315
SpiceJet,Chennai,Kolkata,MAA ? CCU,10:35,No info,3597,18,5,5,0,0,500.0,135
Jet Airways,Delhi,Cochin,DEL ? BOM ? COK,19:00,In-flight meal not included,12898,21,5,1,0,0,480.0,660
Jet Airways,Delhi,Cochin,DEL ? IXC ? BOM ? COK,19:45 28 Mar,In-flight meal not included,9296,27,3,2,0,0,380.0,2245
IndiGo,Banglore,New Delhi,BLR ? DEL,19:45,No info,8855,3,3,6,0,0,1015.0,170
Jet Airways,Delhi,Cochin,DEL ? BOM ? COK,19:00 07 Jun,In-flight meal not included,10262,6,6,3,0,0,1310.0,1270
IndiGo,Banglore,Delhi,BLR ? DEL,08:50,No info,3943,24,6,0,0,0,365.0,165
Multiple carriers,Delhi,Cochin,DEL ? BOM ? COK,19:15,No info,9001,3,6,0,0,0,770.0,385
Multiple carriers,Delhi,Cochin,DEL ? BOM ? COK,01:30 19 May,No info,7670,18,5,5,0,0,620.0,910
Multiple carriers,Delhi,Cochin,DEL ? BOM ? COK,01:30 04 Jun,No info,7530,3,6,0,0,0,1065.0,465
IndiGo,Kolkata,Banglore,CCU ? PAT ? BLR,14:15,No info,8443,1,5,2,0,0,560.0,295
SpiceJet,Delhi,Cochin,DEL ? MAA ? COK,11:20,No info,5351,1,4,0,0,0,365.0,315
Vistara,Delhi,Cochin,DEL ? COK,09:10,No info,6688,21,3,3,0,0,360.0,190
Jet Airways,Banglore,New Delhi,BLR ? BOM ? DEL,19:10 13 Mar,In-flight meal not included,11087,12,3,1,0,0,1235.0,1355
Air India,Banglore,New Delhi,BLR ? CCU ? BBI ? DEL,12:05 16 Mar,No info,7664,15,3,4,0,0,350.0,1815
IndiGo,Kolkata,Banglore,CCU ? HYD ? BLR,20:30,No info,4775,15,4,0,0,0,915.0,315
GoAir,Kolkata,Banglore,CCU ? BLR,17:55,No info,3514,27,6,3,0,0,920.0,155
Jet Airways,Delhi,Cochin,DEL ? NAG ? BOM ? COK,04:25 25 Jun,No info,13376,24,6,0,0,0,405.0,1300
Jet Airways,Delhi,Cochin,DEL ? ATQ ? BOM ? COK,12:35 13 Jun,No info,14300,12,6,2,0,0,490.0,1705
Air India,Delhi,Cochin,DEL ? MAA ? COK,09:25 28 Jun,No info,7480,27,6,3,0,0,1240.0,765
IndiGo,Mumbai,Hyderabad,BOM ? HYD,22:50,No info,2227,12,5,6,0,0,1280.0,90
Air Asia,Delhi,Cochin,DEL ? BLR ? COK,22:25,No info,7452,18,5,5,0,0,475.0,870
Air Asia,Kolkata,Banglore,CCU ? BLR,12:55,No info,4409,24,5,4,0,0,620.0,155
Air India,Kolkata,Banglore,CCU ? BBI ? HYD ? BLR,11:05 04 Apr,No info,4647,3,4,2,0,0,550.0,1555
SpiceJet,Chennai,Kolkata,MAA ? CCU,12:05,No check-in baggage included,3332,21,3,3,0,0,570.0,155
Air India,Delhi,Cochin,DEL ? BOM ? COK,19:15,No info,6902,27,3,2,0,0,600.0,555
Air Asia,Kolkata,Banglore,CCU ? BBI ? BLR,23:30,No info,6857,6,6,3,0,0,1195.0,215
Jet Airways,Delhi,Cochin,DEL ? BOM ? COK,04:25 10 May,In-flight meal not included,12373,9,5,3,0,0,1155.0,550
Multiple carriers,Delhi,Cochin,DEL ? BOM ? COK,19:00,No info,11789,15,6,5,0,0,700.0,440
Air India,Delhi,Cochin,DEL ? HYD ? BOM ? COK,07:40 10 May,No info,13039,9,5,3,0,0,1035.0,865
Jet Airways,Banglore,New Delhi,BLR ? BOM ? DEL,11:25 13 Mar,In-flight meal not included,11087,12,3,1,0,0,1375.0,750
Vistara,Kolkata,Banglore,CCU ? DEL ? BLR,23:25 19 May,No info,9345,18,5,5,0,0,1220.0,1625
SpiceJet,Mumbai,Hyderabad,BOM ? HYD,00:15 25 Jun,No check-in baggage included,1965,24,6,0,0,0,1365.0,90
IndiGo,Delhi,Cochin,DEL ? BOM ? COK,21:00,No info,6093,3,6,0,0,0,450.0,810
Jet Airways,Kolkata,Banglore,CCU ? BOM ? BLR,08:15 10 Jun,In-flight meal not included,11841,9,6,6,0,0,1135.0,800
Jet Airways,Kolkata,Banglore,CCU ? BOM ? BLR,10:05 10 May,In-flight meal not included,9663,9,5,3,0,0,1270.0,775
Jet Airways,Delhi,Cochin,DEL ? BOM ? COK,19:00 07 Jun,No info,14714,6,6,3,0,0,1155.0,1425
Jet Airways,Kolkata,Banglore,CCU ? BOM ? BLR,22:35 13 Jun,In-flight meal not included,8529,12,6,2,0,0,1135.0,1660
IndiGo,Delhi,Cochin,DEL ? HYD ? COK,12:10,No info,5073,6,4,5,0,0,455.0,275
Jet Airways,Banglore,Delhi,BLR ? DEL,10:10,No info,7229,24,4,2,0,0,430.0,180
Air India,Delhi,Cochin,DEL ? BOM ? COK,19:15,No info,9194,6,6,3,0,0,600.0,555
Multiple carriers,Delhi,Cochin,DEL ? BOM ? COK,19:00,No info,11789,12,6,2,0,0,700.0,440
SpiceJet,Mumbai,Hyderabad,BOM ? HYD,14:45,No info,2017,12,6,2,0,0,795.0,90
Air India,Kolkata,Banglore,CCU ? VNS ? DEL ? BLR,12:30 07 Jun,No info,15894,6,6,3,0,0,870.0,1320
IndiGo,Banglore,Delhi,BLR ? DEL,04:15,No info,3419,9,5,3,0,0,90.0,165
Jet Airways,Delhi,Cochin,DEL ? JAI ? BOM ? COK,04:25 10 Jun,In-flight meal not included,10368,9,6,6,0,0,330.0,1375
IndiGo,Delhi,Cochin,DEL ? BLR ? COK,20:00,No info,6027,24,4,2,0,0,910.0,290
Air India,Delhi,Cochin,DEL ? MAA ? COK,09:25 19 May,No info,7480,18,5,5,0,0,1240.0,765
SpiceJet,Kolkata,Banglore,CCU ? PNQ ? BLR,17:15,No info,7189,12,6,2,0,0,515.0,520
Air India,Banglore,New Delhi,BLR ? DEL,12:45,No info,7276,15,3,4,0,0,600.0,165
Jet Airways,Delhi,Cochin,DEL ? BOM ? COK,04:25 07 Mar,No info,15764,6,3,2,0,0,690.0,1015
Jet Airways,Delhi,Cochin,DEL ? BOM ? COK,04:25 07 Jun,No info,14714,6,6,3,0,0,1155.0,550
Multiple carriers,Delhi,Cochin,DEL ? BOM ? COK,01:30 22 May,No info,7888,21,5,1,0,0,1020.0,510
Jet Airways,Delhi,Cochin,DEL ? BOM ? COK,04:25 07 Jun,In-flight meal not included,10262,6,6,3,0,0,480.0,1225
Jet Airways,Delhi,Cochin,DEL ? ATQ ? BOM ? COK,04:25 19 May,In-flight meal not included,15318,18,5,5,0,0,1200.0,505
Jet Airways,Kolkata,Banglore,CCU ? GAU ? BLR,17:35,In-flight meal not included,5608,1,5,2,0,0,620.0,435
Jet Airways,Kolkata,Banglore,CCU ? BOM ? BLR,18:15,No info,12681,1,4,0,0,0,505.0,590
Air India,Delhi,Cochin,DEL ? HYD ? MAA ? COK,09:25 07 Mar,No info,9417,6,3,2,0,0,1035.0,970
Multiple carriers,Delhi,Cochin,DEL ? BOM ? COK,21:00,No info,17057,3,3,6,0,0,425.0,835
Multiple carriers,Delhi,Cochin,DEL ? BOM ? COK,21:00,No info,12537,27,3,2,0,0,780.0,480
Air India,Delhi,Cochin,DEL ? GOI ? BOM ? COK,19:15 28 May,No info,10651,27,5,0,0,0,1320.0,1275
Vistara,Delhi,Cochin,DEL ? COK,09:10,No info,6741,1,6,5,0,0,360.0,190
Jet Airways,Kolkata,Banglore,CCU ? BOM ? BLR,22:35 25 May,In-flight meal not included,10844,24,5,4,0,0,1200.0,1595
Air India,Delhi,Cochin,DEL ? CCU ? BOM ? COK,19:15 28 May,No info,13381,27,5,0,0,0,865.0,1730
IndiGo,Banglore,Delhi,BLR ? DEL,08:50,No info,4423,6,4,5,0,0,365.0,165
Jet Airways,Mumbai,Hyderabad,BOM ? HYD,21:05,No info,5678,27,5,0,0,0,1175.0,90
Jet Airways,Delhi,Cochin,DEL ? IDR ? BOM ? COK,12:35 22 May,In-flight meal not included,12719,21,5,1,0,0,575.0,1620
IndiGo,Delhi,Cochin,DEL ? HYD ? COK,12:10,No info,5054,1,6,5,0,0,455.0,275
Air India,Delhi,Cochin,DEL ? MAA ? COK,09:25 25 May,No info,7480,24,5,4,0,0,585.0,1420
Air India,Banglore,Delhi,BLR ? DEL,19:45,No info,6961,3,6,0,0,0,1020.0,165
SpiceJet,Kolkata,Banglore,CCU ? BLR,19:40,No check-in baggage included,3841,24,4,2,0,0,1030.0,150
IndiGo,Banglore,Delhi,BLR ? DEL,00:15 04 Jun,No info,3943,3,6,0,0,0,1275.0,180
Jet Airways,Banglore,Delhi,BLR ? DEL,11:20,No info,7229,3,5,4,0,0,500.0,180
SpiceJet,Banglore,Delhi,BLR ? DEL,12:20,No check-in baggage included,4319,15,5,2,0,0,570.0,170
IndiGo,Banglore,Delhi,BLR ? DEL,15:50,No info,4423,24,4,2,0,0,780.0,170
Jet Airways,Delhi,Cochin,DEL ? BOM ? COK,04:25 22 May,No info,16079,21,5,1,0,0,1370.0,335
Jet Airways,Banglore,Delhi,BLR ? DEL,22:50,In-flight meal not included,7754,21,6,4,0,0,1190.0,180
Air India,Delhi,Cochin,DEL ? HYD ? MAA ? COK,09:25 02 Jun,No info,10467,1,6,5,0,0,795.0,1210
Jet Airways,Delhi,Cochin,DEL ? BOM ? COK,12:35 04 Jun,No info,14714,3,6,0,0,0,1050.0,1145
Air India,Kolkata,Banglore,CCU ? GAU ? BLR,21:05 02 May,No info,7452,1,5,2,0,0,1005.0,1700
Air India,Delhi,Cochin,DEL ? UDR ? BOM ? COK,19:15 22 May,No info,13276,21,5,1,0,0,800.0,1795
Air India,Banglore,New Delhi,BLR ? BOM ? NAG ? DEL,10:35 02 Mar,No info,31783,1,3,4,0,0,530.0,1545
Air India,Chennai,Kolkata,MAA ? CCU,13:55,No info,4667,1,5,2,0,0,700.0,135
Jet Airways,Banglore,Delhi,BLR ? DEL,18:10,In-flight meal not included,7229,15,6,5,0,0,915.0,175
Jet Airways,Delhi,Cochin,DEL ? BDQ ? BOM ? COK,12:35 16 Jun,No info,14237,15,6,5,0,0,1105.0,1090
Multiple carriers,Delhi,Cochin,DEL ? BOM ? COK,19:15,No info,8266,15,5,2,0,0,620.0,535
Jet Airways,Delhi,Cochin,DEL ? LKO ? BOM ? COK,04:25 25 Jun,No info,13882,24,6,0,0,0,565.0,1140
IndiGo,Banglore,Delhi,BLR ? DEL,22:50,No info,4823,6,5,0,0,0,1200.0,170
Air Asia,Banglore,Delhi,BLR ? DEL,02:45 25 May,No info,4483,24,5,4,0,0,1435.0,170
Air India,Banglore,Delhi,BLR ? DEL,08:55,No info,6961,12,6,2,0,0,370.0,165
Jet Airways,Kolkata,Banglore,CCU ? BOM ? BLR,10:05 13 May,In-flight meal not included,9663,12,5,6,0,0,1135.0,910
Jet Airways,Delhi,Cochin,DEL ? AMD ? BOM ? COK,04:25 20 May,No info,16704,18,5,5,0,0,1385.0,1760
IndiGo,Mumbai,Hyderabad,BOM ? HYD,10:40,No info,4049,12,5,6,0,0,550.0,90
SpiceJet,Chennai,Kolkata,MAA ? CCU,10:35,No check-in baggage included,3807,24,3,6,0,0,500.0,135
IndiGo,Delhi,Cochin,DEL ? HYD ? COK,22:30,No info,6442,9,6,6,0,0,410.0,940
Jet Airways,Banglore,New Delhi,BLR ? BOM ? DEL,07:40 16 Mar,In-flight meal not included,7832,15,3,4,0,0,420.0,1480
IndiGo,Delhi,Cochin,DEL ? HYD ? COK,22:30,No info,6442,24,6,0,0,0,515.0,835
IndiGo,Banglore,Delhi,BLR ? DEL,22:50,No info,4823,21,4,6,0,0,1200.0,170
Jet Airways,Banglore,New Delhi,BLR ? BOM ? DEL,05:05 07 Mar,No info,13555,6,3,2,0,0,345.0,1400
GoAir,Delhi,Cochin,DEL ? BOM ? COK,19:35,No info,5135,6,4,5,0,0,635.0,540
Air Asia,Banglore,Delhi,BLR ? DEL,02:45 16 May,No info,3383,15,5,2,0,0,1435.0,170
GoAir,Delhi,Cochin,DEL ? AMD ? COK,13:35,No info,5842,15,6,5,0,0,445.0,370
Jet Airways,Delhi,Cochin,DEL ? AMD ? BOM ? COK,04:25 19 May,No info,16704,18,5,5,0,0,805.0,900
Air India,Kolkata,Banglore,CCU ? BOM ? BLR,07:55 02 May,No info,8366,1,5,2,0,0,1010.0,905
SpiceJet,Mumbai,Hyderabad,BOM ? HYD,07:15,No check-in baggage included,1965,9,5,3,0,0,345.0,90
SpiceJet,Kolkata,Banglore,CCU ? BLR,19:40,No info,3873,6,6,3,0,0,1030.0,150
Jet Airways,Banglore,New Delhi,BLR ? BOM ? DEL,20:20,No info,27992,1,3,4,0,0,480.0,740
Multiple carriers,Delhi,Cochin,DEL ? BOM ? COK,12:35,No info,10678,6,6,3,0,0,295.0,460
Air India,Banglore,New Delhi,BLR ? BOM ? DEL,23:15,No info,6824,21,3,3,0,0,530.0,865
Air India,Delhi,Cochin,DEL ? AMD ? BOM ? COK,19:15 13 Jun,No info,9443,12,6,2,0,0,300.0,2295
Multiple carriers,Delhi,Cochin,DEL ? BOM ? COK,19:15,No info,13378,21,3,3,0,0,425.0,730
IndiGo,Banglore,Delhi,BLR ? DEL,06:50,No info,3943,1,5,2,0,0,240.0,170
IndiGo,Delhi,Cochin,DEL ? BOM ? COK,21:00,No info,7191,18,5,5,0,0,685.0,575
SpiceJet,Banglore,Delhi,BLR ? DEL,08:35,No info,3625,27,6,3,0,0,355.0,160
GoAir,Delhi,Cochin,DEL ? AMD ? COK,13:35,No info,6841,27,5,0,0,0,445.0,370
Jet Airways,Kolkata,Banglore,CCU ? BOM ? BLR,23:25,In-flight meal not included,11134,24,3,6,0,0,1015.0,390
Jet Airways,Kolkata,Banglore,CCU ? BOM ? BLR,20:45 07 Jun,No info,14571,6,6,3,0,0,1135.0,1550
Air India,Banglore,New Delhi,BLR ? CCU ? BBI ? HYD ? DEL,12:15 02 Mar,No info,12346,1,3,4,0,0,350.0,1825
Jet Airways,Banglore,Delhi,BLR ? DEL,20:45,In-flight meal not included,4544,21,4,6,0,0,1065.0,180
Jet Airways,Delhi,Cochin,DEL ? NAG ? BOM ? COK,04:25 10 Jun,No info,13376,9,6,6,0,0,875.0,830
Jet Airways,Banglore,New Delhi,BLR ? BOM ? DEL,12:25 13 Mar,In-flight meal not included,11087,12,3,1,0,0,1135.0,1050
SpiceJet,Kolkata,Banglore,CCU ? BLR,11:30,No info,5515,3,3,6,0,0,540.0,150
IndiGo,Kolkata,Banglore,CCU ? BLR,07:15,No info,4804,27,6,3,0,0,280.0,155
IndiGo,Chennai,Kolkata,MAA ? CCU,15:35,No info,3597,12,6,2,0,0,795.0,140
Multiple carriers,Delhi,Cochin,DEL ? BOM ? COK,19:15,No info,15353,6,3,2,0,0,360.0,795
Jet Airways,Kolkata,Banglore,CCU ? BOM ? BLR,16:20,In-flight meal not included,9899,12,6,2,0,0,390.0,590
IndiGo,Banglore,New Delhi,BLR ? DEL,21:20,No info,7303,24,3,6,0,0,1105.0,175
Jet Airways,Banglore,New Delhi,BLR ? BOM ? DEL,21:20,No info,13817,12,3,1,0,0,535.0,745
Jet Airways,Delhi,Cochin,DEL ? AMD ? BOM ? COK,19:45 07 Mar,No info,19329,6,3,2,0,0,1150.0,1475
Jet Airways,Delhi,Cochin,DEL ? BOM ? COK,12:35,No info,16289,12,6,2,0,0,425.0,330
Jet Airways,Kolkata,Banglore,CCU ? BOM ? BLR,10:05 16 May,In-flight meal not included,9663,15,5,2,0,0,1135.0,910
Air India,Delhi,Cochin,DEL ? HYD ? MAA ? COK,09:25 04 Jun,No info,10975,3,6,0,0,0,585.0,1420
Air Asia,Kolkata,Banglore,CCU ? BLR,12:55,No info,4384,18,3,0,0,0,620.0,155
Jet Airways,Delhi,Cochin,DEL ? BOM ? COK,19:00,No info,14714,12,6,2,0,0,540.0,600
Jet Airways,Delhi,Cochin,DEL ? NAG ? BOM ? COK,04:25 13 Jun,In-flight meal not included,10919,12,6,2,0,0,875.0,830
Jet Airways,Kolkata,Banglore,CCU ? BOM ? BLR,04:40 22 May,No info,14388,21,5,1,0,0,845.0,875
Multiple carriers,Delhi,Cochin,DEL ? BOM ? COK,19:00,No info,10877,15,6,5,0,0,685.0,455
Jet Airways,Delhi,Cochin,DEL ? AMD ? BOM ? COK,12:35 10 May,No info,15129,9,5,3,0,0,1385.0,810
IndiGo,Delhi,Cochin,DEL ? BOM ? COK,21:00,No info,7191,6,5,0,0,0,450.0,810
GoAir,Kolkata,Banglore,CCU ? BOM ? BLR,07:45 02 May,No info,6686,1,5,2,0,0,1410.0,495
Multiple carriers,Delhi,Cochin,DEL ? BOM ? COK,01:30 04 Jun,No info,7530,3,6,0,0,0,770.0,760
IndiGo,Delhi,Cochin,DEL ? HYD ? COK,22:30,No info,6442,15,6,5,0,0,455.0,895
Jet Airways,Delhi,Cochin,DEL ? BOM ? COK,12:35 28 Jun,In-flight meal not included,10262,27,6,3,0,0,540.0,1655
Jet Airways,Banglore,New Delhi,BLR ? BOM ? DEL,09:30 13 Mar,No info,13817,12,3,1,0,0,1135.0,875
Jet Airways,Kolkata,Banglore,CCU ? BOM ? BLR,23:35,No info,13626,12,6,2,0,0,845.0,570
Jet Airways,Kolkata,Banglore,CCU ? BOM ? BLR,10:05 13 May,No info,14388,12,5,6,0,0,1135.0,910
IndiGo,Kolkata,Banglore,CCU ? BLR,07:15,No info,4804,27,4,5,0,0,280.0,155
IndiGo,Delhi,Cochin,DEL ? COK,17:35,No info,5406,21,3,3,0,0,870.0,185
SpiceJet,Delhi,Cochin,DEL ? BLR ? COK,22:50,No info,4611,3,4,2,0,0,1075.0,295
IndiGo,Kolkata,Banglore,CCU ? MAA ? BLR,13:00,No info,5069,9,6,6,0,0,490.0,290
GoAir,Banglore,Delhi,BLR ? DEL,10:40,No info,3898,6,6,3,0,0,465.0,175
IndiGo,Mumbai,Hyderabad,BOM ? HYD,13:30,No info,2754,6,6,3,0,0,720.0,90
Multiple carriers,Delhi,Cochin,DEL ? BOM ? COK,01:30 28 May,In-flight meal not included,6943,27,5,0,0,0,900.0,630
Jet Airways,Kolkata,Banglore,CCU ? BOM ? BLR,18:15,No info,14781,18,5,5,0,0,345.0,750
Jet Airways,Delhi,Cochin,DEL ? BOM ? COK,19:00,No info,16079,21,5,1,0,0,780.0,360
IndiGo,Banglore,New Delhi,BLR ? DEL,19:45,No info,8033,15,3,4,0,0,1015.0,170
IndiGo,Banglore,New Delhi,BLR ? DEL,21:20,No info,6860,9,3,5,0,0,1105.0,175
Multiple carriers,Delhi,Cochin,DEL ? BOM ? COK,19:15,No info,6953,27,3,2,0,0,700.0,455
IndiGo,Banglore,Delhi,BLR ? DEL,10:05,No info,4823,12,5,6,0,0,430.0,175
IndiGo,Kolkata,Banglore,CCU ? BLR,07:15,No info,4174,9,4,1,0,0,280.0,155
Jet Airways,Delhi,Cochin,DEL ? AMD ? BOM ? COK,19:00 28 Jun,No info,12819,27,6,3,0,0,805.0,1775
Jet Airways,Kolkata,Banglore,CCU ? BOM ? BLR,04:40 16 May,In-flight meal not included,9663,15,5,2,0,0,1270.0,450
SpiceJet,Kolkata,Banglore,CCU ? BLR,09:30,No check-in baggage included,3841,3,5,4,0,0,415.0,155
IndiGo,Delhi,Cochin,DEL ? COK,08:50,No info,5000,27,6,3,0,0,335.0,195
Air India,Banglore,New Delhi,BLR ? CCU ? GAU ? DEL,22:10,Change airports,13366,1,3,4,0,0,350.0,980
Vistara,Mumbai,Hyderabad,BOM ? DEL ? HYD,16:45 07 Mar,No info,12395,6,3,2,0,0,1315.0,1130
Air India,Kolkata,Banglore,CCU ? GAU ? BLR,21:05 16 May,No info,7452,15,5,2,0,0,1005.0,1700
Jet Airways,Delhi,Cochin,DEL ? BOM ? COK,19:00 19 May,No info,15554,18,5,5,0,0,1185.0,1395
Jet Airways,Kolkata,Banglore,CCU ? DEL ? BLR,15:05 07 May,No info,13067,6,5,0,0,0,1020.0,1325
IndiGo,Kolkata,Banglore,CCU ? BLR,17:45,No info,6565,1,3,4,0,0,910.0,155
SpiceJet,Mumbai,Hyderabad,BOM ? HYD,07:15,No check-in baggage included,1965,24,5,4,0,0,345.0,90
SpiceJet,Chennai,Kolkata,MAA ? CCU,12:05,No check-in baggage included,3332,27,3,2,0,0,570.0,155
IndiGo,Banglore,New Delhi,BLR ? LKO ? DEL,10:10,No info,6208,21,3,3,0,0,325.0,285
Air India,Banglore,New Delhi,BLR ? GAU ? DEL,18:40 16 Mar,No info,11161,18,3,0,0,0,830.0,1730
Air India,Kolkata,Banglore,CCU ? DEL ? COK ? BLR,13:45 13 Jun,No info,12224,12,6,2,0,0,600.0,1665
Jet Airways,Kolkata,Banglore,CCU ? BOM ? BLR,12:00 02 May,In-flight meal not included,9663,1,5,2,0,0,1135.0,1025
Jet Airways,Banglore,New Delhi,BLR ? BOM ? DEL,15:15,No info,12284,18,3,0,0,0,535.0,380
Air India,Delhi,Cochin,DEL ? MAA ? COK,09:25 28 May,No info,7480,27,5,0,0,0,1040.0,965
Jet Airways,Delhi,Cochin,DEL ? BOM ? COK,04:25 07 Mar,No info,17024,6,3,2,0,0,1155.0,550
Jet Airways,Kolkata,Banglore,CCU ? DEL ? BLR,19:10 07 Jun,No info,14151,6,6,3,0,0,1225.0,1365
IndiGo,Kolkata,Banglore,CCU ? BLR,19:50,No info,4804,21,6,4,0,0,1035.0,155
IndiGo,Delhi,Cochin,DEL ? BOM ? COK,21:00,No info,6069,18,5,5,0,0,960.0,300
Vistara,Banglore,New Delhi,BLR ? AMD ? DEL,21:55,No info,6065,21,3,3,0,0,400.0,915
Jet Airways,Kolkata,Banglore,CCU ? DEL ? BLR,09:45 19 May,No info,14151,18,5,5,0,0,1225.0,800
Jet Airways,Kolkata,Banglore,CCU ? BOM ? BLR,12:00 25 Mar,No info,14231,24,3,6,0,0,1135.0,1025
Vistara,Mumbai,Hyderabad,BOM ? DEL ? HYD,09:25 07 Mar,No info,12395,6,3,2,0,0,940.0,1065
IndiGo,Delhi,Cochin,DEL ? MAA ? COK,07:25,No info,5636,24,4,2,0,0,120.0,325
Air India,Delhi,Cochin,DEL ? BLR ? COK,23:00,No info,5232,6,4,5,0,0,1060.0,320
Jet Airways,Delhi,Cochin,DEL ? BOM ? COK,04:25 02 Jun,No info,14714,1,6,5,0,0,840.0,865
IndiGo,Chennai,Kolkata,MAA ? CCU,10:15,No info,3850,6,5,0,0,0,475.0,140
Air India,Delhi,Cochin,DEL ? BLR ? COK,09:35 28 May,No info,7258,27,5,0,0,0,1060.0,955
Jet Airways,Banglore,New Delhi,BLR ? BOM ? DEL,20:20 07 Mar,No info,17471,6,3,2,0,0,1285.0,1375
SpiceJet,Banglore,Delhi,BLR ? DEL,00:05 10 May,No info,4423,9,5,3,0,0,1270.0,175
IndiGo,Mumbai,Hyderabad,BOM ? HYD,22:50,No info,2227,18,6,1,0,0,1280.0,90
Multiple carriers,Delhi,Cochin,DEL ? BOM ? COK,01:30 25 Jun,No info,13377,24,6,0,0,0,600.0,930
Jet Airways,Banglore,Delhi,BLR ? DEL,11:20,No info,8016,12,6,2,0,0,500.0,180
Air India,Banglore,New Delhi,BLR ? HYD ? DEL,08:50 13 Mar,No info,5626,9,3,5,0,0,410.0,1560
IndiGo,Banglore,New Delhi,BLR ? DEL,19:45,No info,6860,21,3,3,0,0,1015.0,170
IndiGo,Delhi,Cochin,DEL ? BOM ? COK,01:30 02 Jun,No info,6628,1,6,5,0,0,1115.0,415
Jet Airways,Delhi,Cochin,DEL ? BOM ? COK,12:35 07 Jun,In-flight meal not included,11627,6,6,3,0,0,780.0,1415
SpiceJet,Kolkata,Banglore,CCU ? BLR,19:40,No info,4174,9,6,6,0,0,1030.0,150
Jet Airways,Delhi,Cochin,DEL ? BOM ? COK,04:25 02 Jun,No info,14714,1,6,5,0,0,1095.0,610
Jet Airways,Kolkata,Banglore,CCU ? DEL ? BLR,21:05,No info,14151,12,5,6,0,0,575.0,690
Jet Airways,Delhi,Cochin,DEL ? BOM ? COK,19:00 28 May,In-flight meal not included,12898,27,5,0,0,0,960.0,1620
Jet Airways,Delhi,Cochin,DEL ? BOM ? COK,04:25 19 May,In-flight meal not included,12373,18,5,5,0,0,1310.0,395
IndiGo,Banglore,Delhi,BLR ? DEL,13:00,No info,3943,18,6,1,0,0,610.0,170
Air Asia,Kolkata,Banglore,CCU ? IXR ? DEL ? BLR,23:30,No info,7870,9,6,6,0,0,910.0,500
Jet Airways,Banglore,Delhi,BLR ? DEL,22:00,No info,8016,18,6,1,0,0,1135.0,185
Air India,Delhi,Cochin,DEL ? HYD ? MAA ? COK,09:25 16 May,No info,10975,15,5,2,0,0,785.0,1220
IndiGo,Chennai,Kolkata,MAA ? CCU,10:15,No info,3850,27,5,0,0,0,475.0,140
IndiGo,Kolkata,Banglore,CCU ? BLR,23:10,No info,4804,18,6,1,0,0,1225.0,165
Jet Airways,Delhi,Cochin,DEL ? BOM ? COK,04:25 10 Mar,No info,15554,9,3,5,0,0,1250.0,455
SpiceJet,Kolkata,Banglore,CCU ? BLR,09:35,No info,4465,18,3,0,0,0,415.0,160
Jet Airways,Kolkata,Banglore,CCU ? BOM ? BLR,10:05 10 Jun,In-flight meal not included,11841,9,6,6,0,0,1270.0,775
Multiple carriers,Delhi,Cochin,DEL ? BOM ? COK,19:15,No info,19332,9,3,5,0,0,480.0,675
SpiceJet,Kolkata,Banglore,CCU ? BLR,19:40,No check-in baggage included,3841,21,6,4,0,0,1030.0,150
IndiGo,Banglore,Delhi,BLR ? DEL,13:00,No info,4591,12,4,4,0,0,610.0,170
IndiGo,Kolkata,Banglore,CCU ? HYD ? BLR,20:05,No info,5192,24,5,4,0,0,915.0,290
Jet Airways,Delhi,Cochin,DEL ? BOM ? COK,12:35 10 Jun,In-flight meal not included,10577,9,6,6,0,0,1095.0,1100
Jet Airways,Delhi,Cochin,DEL ? JAI ? BOM ? COK,04:25 19 May,No info,15129,18,5,5,0,0,1170.0,535
Multiple carriers,Delhi,Cochin,DEL ? BOM ? COK,19:00,No info,11789,6,6,3,0,0,360.0,780
Air India,Delhi,Cochin,DEL ? BOM ? COK,07:40 16 Jun,No info,8372,15,6,5,0,0,1260.0,640
Multiple carriers,Delhi,Cochin,DEL ? BOM ? COK,19:15,No info,8266,9,5,3,0,0,360.0,795
Jet Airways,Kolkata,Banglore,CCU ? BOM ? BLR,19:50,No info,14781,6,5,0,0,0,390.0,800
Vistara,Banglore,Delhi,BLR ? DEL,19:35,No info,5613,21,4,6,0,0,1020.0,155
Jet Airways,Banglore,Delhi,BLR ? DEL,18:10,No info,7229,24,4,2,0,0,915.0,175
IndiGo,Delhi,Cochin,DEL ? BOM ? COK,21:00,No info,6093,24,6,0,0,0,510.0,750
Jet Airways,Delhi,Cochin,DEL ? BHO ? BOM ? COK,12:35,In-flight meal not included,15544,21,5,1,0,0,330.0,425
GoAir,Delhi,Cochin,DEL ? AMD ? COK,13:35,No info,6296,18,5,5,0,0,445.0,370
IndiGo,Kolkata,Banglore,CCU ? BLR,12:20,No info,4804,27,4,5,0,0,575.0,165
Air Asia,Banglore,New Delhi,BLR ? DEL,08:40,No info,4284,18,3,0,0,0,350.0,170
IndiGo,Delhi,Cochin,DEL ? HYD ? COK,22:20,No info,6558,21,3,3,0,0,455.0,885
IndiGo,Delhi,Cochin,DEL ? LKO ? COK,03:35 25 Jun,No info,5775,24,6,0,0,0,1310.0,345
SpiceJet,Chennai,Kolkata,MAA ? CCU,10:35,No check-in baggage included,3543,21,6,4,0,0,500.0,135
Jet Airways,Delhi,Cochin,DEL ? BOM ? COK,18:50,No info,17024,6,3,2,0,0,595.0,535
Jet Airways,Mumbai,Hyderabad,BOM ? HYD,08:30,In-flight meal not included,4050,9,6,6,0,0,425.0,85
Air India,Mumbai,Hyderabad,BOM ? BHO ? DEL ? HYD,15:15 07 Mar,No info,14219,6,3,2,0,0,360.0,1995
Jet Airways,Banglore,New Delhi,BLR ? BOM ? DEL,18:25,No info,26890,1,3,4,0,0,700.0,405
Air India,Delhi,Cochin,DEL ? AMD ? BOM ? COK,19:15 16 Jun,No info,9653,15,6,5,0,0,1185.0,1410
IndiGo,Banglore,Delhi,BLR ? DEL,08:50,No info,3943,21,6,4,0,0,365.0,165
Jet Airways,Kolkata,Banglore,CCU ? BOM ? BLR,16:20 19 May,In-flight meal not included,10844,18,5,5,0,0,845.0,1575
Jet Airways,Kolkata,Banglore,CCU ? BOM ? BLR,04:40 02 Apr,In-flight meal not included,8849,1,4,0,0,0,1270.0,450
IndiGo,Mumbai,Hyderabad,BOM ? HYD,03:10,No info,2754,12,6,2,0,0,100.0,90
Air India,Delhi,Cochin,DEL ? CCU ? BOM ? COK,19:15 22 Mar,No info,10756,21,3,3,0,0,410.0,2185
Jet Airways,Kolkata,Banglore,CCU ? DEL ? BLR,21:05 22 May,No info,14151,21,5,1,0,0,1020.0,1685
Jet Airways,Kolkata,Banglore,CCU ? BOM ? BLR,20:45,In-flight meal not included,9899,12,6,2,0,0,505.0,740
Jet Airways,Delhi,Cochin,DEL ? BOM ? COK,04:25 22 Mar,No info,12242,21,3,3,0,0,1320.0,385
Jet Airways,Delhi,Cochin,DEL ? JAI ? BOM ? COK,12:35 10 Jun,In-flight meal not included,10368,9,6,6,0,0,1170.0,1025
IndiGo,Mumbai,Hyderabad,BOM ? HYD,10:40,No info,5755,24,5,4,0,0,550.0,90
Jet Airways,Delhi,Cochin,DEL ? BOM ? COK,04:25 16 Jun,In-flight meal not included,10262,15,6,5,0,0,1095.0,610
SpiceJet,Kolkata,Banglore,CCU ? PNQ ? BLR,17:15,No info,6643,6,6,3,0,0,515.0,520
Multiple carriers Premium economy,Delhi,Cochin,DEL ? BOM ? COK,21:00,No info,9845,21,3,3,0,0,450.0,810
Jet Airways,Kolkata,Banglore,CCU ? BOM ? BLR,12:00 25 Mar,In-flight meal not included,11134,24,3,6,0,0,1135.0,1025
SpiceJet,Delhi,Cochin,DEL ? MAA ? COK,11:20,No info,5583,1,6,5,0,0,365.0,315
IndiGo,Delhi,Cochin,DEL ? BOM ? COK,21:00,No info,6069,15,5,2,0,0,960.0,300
Jet Airways,Banglore,New Delhi,BLR ? BOM ? DEL,20:20,No info,13817,12,3,1,0,0,345.0,875
Air India,Delhi,Cochin,DEL ? AMD ? BOM ? COK,19:15 07 Mar,No info,10283,6,3,2,0,0,300.0,2295
Air India,Kolkata,Banglore,CCU ? GAU ? BLR,21:05,No info,7795,24,3,6,0,0,590.0,675
Multiple carriers,Delhi,Cochin,DEL ? BOM ? COK,07:40,In-flight meal not included,13977,9,3,5,0,0,20.0,440
Jet Airways,Delhi,Cochin,DEL ? NAG ? BOM ? COK,04:25 02 Jun,In-flight meal not included,10919,1,6,5,0,0,405.0,1300
IndiGo,Kolkata,Banglore,CCU ? BLR,23:05,No info,6038,3,3,6,0,0,1225.0,160
IndiGo,Delhi,Cochin,DEL ? COK,08:50,No info,5601,21,5,1,0,0,335.0,195
IndiGo,Delhi,Cochin,DEL ? BOM ? COK,21:00,No info,12351,9,3,5,0,0,450.0,810
Air India,Delhi,Cochin,DEL ? COK,08:00,No info,6094,15,4,0,0,0,310.0,170
Multiple carriers,Delhi,Cochin,DEL ? BOM ? COK,19:15,No info,7575,15,5,2,0,0,635.0,520
Jet Airways,Delhi,Cochin,DEL ? BOM ? COK,04:25 28 May,No info,16079,27,5,0,0,0,1310.0,395
Jet Airways,Delhi,Cochin,DEL ? BOM ? COK,19:00 16 Jun,In-flight meal not included,10262,15,6,5,0,0,1155.0,1425
Air Asia,Delhi,Cochin,DEL ? BLR ? COK,22:25,No info,13470,9,6,6,0,0,1005.0,340
Jet Airways,Banglore,Delhi,BLR ? DEL,14:05,No info,8016,27,6,3,0,0,670.0,175
Jet Airways,Delhi,Cochin,DEL ? BOM ? COK,18:50 10 Mar,No info,16289,9,3,5,0,0,1095.0,1475
Jet Airways,Delhi,Cochin,DEL ? BOM ? COK,04:25 07 Jun,In-flight meal not included,10262,6,6,3,0,0,1185.0,520
IndiGo,Banglore,Delhi,BLR ? DEL,21:20,No info,4823,27,6,3,0,0,1105.0,175
Vistara,Banglore,Delhi,BLR ? DEL,12:35,No info,5403,9,4,1,0,0,585.0,170
Jet Airways,Delhi,Cochin,DEL ? BOM ? COK,19:00 19 May,In-flight meal not included,12373,18,5,5,0,0,1050.0,1530
SpiceJet,Mumbai,Hyderabad,BOM ? JLR ? HYD,22:25,No info,13552,6,3,2,0,0,850.0,495
Jet Airways,Kolkata,Banglore,CCU ? BOM ? BLR,20:45,In-flight meal not included,10844,9,5,3,0,0,505.0,740
Air India,Mumbai,Hyderabad,BOM ? JDH ? DEL ? HYD,23:45,No info,22619,6,3,2,0,0,580.0,845
Multiple carriers,Delhi,Cochin,DEL ? BOM ? COK,19:15,No info,8625,27,5,0,0,0,635.0,520
IndiGo,Banglore,New Delhi,BLR ? DEL,08:45,No info,4777,24,3,6,0,0,360.0,165
IndiGo,Delhi,Cochin,DEL ? COK,08:50,No info,5000,21,6,4,0,0,335.0,195
Jet Airways,Delhi,Cochin,DEL ? AMD ? BOM ? COK,19:45 07 Mar,No info,21954,6,3,2,0,0,1150.0,1475
Jet Airways,Delhi,Cochin,DEL ? BOM ? COK,04:25 04 Jun,In-flight meal not included,11627,3,6,0,0,0,690.0,1015
Jet Airways,Kolkata,Banglore,CCU ? BOM ? BLR,04:40 25 May,No info,13731,24,5,4,0,0,845.0,875
IndiGo,Banglore,Delhi,BLR ? DEL,01:00 04 Apr,No info,3943,3,4,2,0,0,1330.0,170
Jet Airways,Banglore,New Delhi,BLR ? BOM ? DEL,23:00,In-flight meal not included,6992,21,3,3,0,0,535.0,845
Jet Airways,Kolkata,Banglore,CCU ? BOM ? BLR,04:40 07 May,No info,13941,6,5,0,0,0,1135.0,585
Jet Airways,Delhi,Cochin,DEL ? BOM ? COK,19:00,No info,14924,12,6,2,0,0,480.0,660
Jet Airways,Delhi,Cochin,DEL ? BOM ? COK,12:35,No info,18371,27,6,3,0,0,135.0,620
IndiGo,Chennai,Kolkata,MAA ? CCU,21:55,No info,7295,3,3,6,0,0,1175.0,140
Air India,Banglore,New Delhi,BLR ? GOI ? DEL,16:40 13 Mar,No info,9292,9,3,5,0,0,1020.0,1420
Jet Airways,Kolkata,Banglore,CCU ? BOM ? BLR,08:15 02 May,No info,13941,1,5,2,0,0,1200.0,735
IndiGo,Kolkata,Banglore,CCU ? HYD ? BLR,09:50,No info,4150,24,3,6,0,0,255.0,335
Jet Airways,Kolkata,Banglore,CCU ? BOM ? BLR,23:35 02 Apr,No info,12681,1,4,0,0,0,1200.0,1655
IndiGo,Delhi,Cochin,DEL ? COK,08:50,No info,5601,3,6,0,0,0,335.0,195
Air India,Kolkata,Banglore,CCU ? GAU ? DEL ? BLR,08:55 22 May,No info,14960,21,5,1,0,0,590.0,1385
Multiple carriers,Delhi,Cochin,DEL ? BOM ? COK,01:30 07 Jun,No info,13377,6,6,3,0,0,960.0,570
IndiGo,Mumbai,Hyderabad,BOM ? HYD,13:25,No info,3342,21,3,3,0,0,720.0,85
Jet Airways,Banglore,Delhi,BLR ? DEL,14:05,No info,8016,6,6,3,0,0,670.0,175
Jet Airways,Banglore,New Delhi,BLR ? BOM ? DEL,23:00,No info,16736,6,3,2,0,0,345.0,1035
Jet Airways,Kolkata,Banglore,CCU ? BOM ? BLR,19:40 25 Mar,In-flight meal not included,10031,24,3,6,0,0,1270.0,1350
Air India,Delhi,Cochin,DEL ? BLR ? COK,08:15 22 Apr,No info,7258,21,4,6,0,0,1230.0,705
Jet Airways,Banglore,Delhi,BLR ? DEL,08:45,In-flight meal not included,4030,15,5,2,0,0,360.0,165
Air India,Delhi,Cochin,DEL ? CCU ? BOM ? COK,19:15 25 Jun,No info,13381,24,6,0,0,0,865.0,1730
Jet Airways,Delhi,Cochin,DEL ? AMD ? BOM ? COK,04:25 26 May,No info,16704,24,5,4,0,0,1385.0,1760
Multiple carriers,Delhi,Cochin,DEL ? BOM ? COK,21:00,No info,13587,24,6,0,0,0,540.0,720
Jet Airways,Mumbai,Hyderabad,BOM ? HYD,04:20,No info,5678,24,5,4,0,0,175.0,85
Jet Airways,Kolkata,Banglore,CCU ? BOM ? BLR,09:20 02 Apr,In-flight meal not included,7064,1,4,0,0,0,390.0,1610
IndiGo,Mumbai,Hyderabad,BOM ? HYD,03:10,No info,2754,3,6,0,0,0,100.0,90
Vistara,Banglore,Delhi,BLR ? DEL,12:35,No info,4668,1,5,2,0,0,585.0,170
Air Asia,Kolkata,Banglore,CCU ? BLR,22:25,No info,4107,21,6,4,0,0,1195.0,150
IndiGo,Delhi,Cochin,DEL ? BOM ? COK,21:00,No info,5894,12,6,2,0,0,295.0,965
Jet Airways,Delhi,Cochin,DEL ? BOM ? COK,04:25 07 Jun,In-flight meal not included,10262,6,6,3,0,0,1050.0,655
Jet Airways,Kolkata,Banglore,CCU ? BOM ? BLR,08:15 10 May,No info,13941,9,5,3,0,0,990.0,945
Air Asia,Delhi,Cochin,DEL ? BLR ? COK,07:10 28 Apr,No info,6451,27,4,5,0,0,1005.0,865
Air India,Delhi,Cochin,DEL ? HYD ? MAA ? COK,09:25 28 Jun,No info,10975,27,6,3,0,0,585.0,1420
Air India,Delhi,Cochin,DEL ? JAI ? BOM ? COK,07:40 07 Mar,No info,14746,6,3,2,0,0,720.0,1180
Air Asia,Delhi,Cochin,DEL ? BLR ? COK,07:10 07 Jun,No info,11410,6,6,3,0,0,1245.0,625
SpiceJet,Kolkata,Banglore,CCU ? BLR,09:30,No check-in baggage included,3841,1,5,2,0,0,415.0,155
Air India,Delhi,Cochin,DEL ? CCU ? BOM ? COK,07:40 04 Jun,No info,13381,3,6,0,0,0,410.0,1490
Multiple carriers,Delhi,Cochin,DEL ? BOM ? COK,01:30 10 May,No info,15078,9,5,3,0,0,690.0,840
Air India,Kolkata,Banglore,CCU ? BOM ? BLR,18:30,No info,8891,9,5,3,0,0,565.0,545
Jet Airways,Kolkata,Banglore,CCU ? BOM ? BLR,10:05 10 May,In-flight meal not included,7757,9,5,3,0,0,845.0,1200
Air India,Banglore,Delhi,BLR ? DEL,08:45,No info,4441,9,4,1,0,0,345.0,180
Jet Airways,Kolkata,Banglore,CCU ? BOM ? BLR,18:10 25 Mar,In-flight meal not included,10031,24,3,6,0,0,1185.0,1345
IndiGo,Banglore,Delhi,BLR ? DEL,15:50,No info,4823,12,4,4,0,0,780.0,170
Air India,Kolkata,Banglore,CCU ? BOM ? BLR,18:30,No info,8576,24,5,4,0,0,565.0,545
Jet Airways,Banglore,New Delhi,BLR ? BOM ? DEL,16:10 13 Mar,In-flight meal not included,11087,12,3,1,0,0,1235.0,1175
Jet Airways,Delhi,Cochin,DEL ? BOM ? COK,12:35 19 May,In-flight meal not included,12373,18,5,5,0,0,600.0,1595
Air India,Kolkata,Banglore,CCU ? BOM ? GOI ? BLR,05:35 22 May,No info,11432,21,5,1,0,0,565.0,1210
IndiGo,Mumbai,Hyderabad,BOM ? HYD,18:25,No info,3175,15,6,5,0,0,1015.0,90
IndiGo,Kolkata,Banglore,CCU ? BLR,12:20,No info,4804,12,5,6,0,0,575.0,165
Jet Airways,Delhi,Cochin,DEL ? JAI ? BOM ? COK,12:35 28 Jun,No info,13014,27,6,3,0,0,580.0,1615
Multiple carriers,Delhi,Cochin,DEL ? HYD ? COK,22:20,In-flight meal not included,7563,6,3,2,0,0,430.0,910
SpiceJet,Kolkata,Banglore,CCU ? BLR,11:25,No info,3873,27,6,3,0,0,540.0,145
IndiGo,Delhi,Cochin,DEL ? HYD ? COK,00:55 22 May,No info,6282,21,5,1,0,0,715.0,780
Multiple carriers,Delhi,Cochin,DEL ? BOM ? COK,19:00,No info,11200,1,6,5,0,0,510.0,630
Vistara,Banglore,Delhi,BLR ? DEL,22:15,No info,5613,24,4,2,0,0,1170.0,165
IndiGo,Delhi,Cochin,DEL ? COK,17:35,No info,5601,9,6,6,0,0,860.0,195
Jet Airways,Delhi,Cochin,DEL ? BOM ? COK,12:35 16 Jun,In-flight meal not included,10262,15,6,5,0,0,840.0,1355
IndiGo,Banglore,New Delhi,BLR ? DEL,22:55,No info,14306,1,3,4,0,0,1200.0,175
Jet Airways,Kolkata,Banglore,CCU ? BOM ? BLR,20:45 02 Apr,In-flight meal not included,7064,1,4,0,0,0,1200.0,1485
Jet Airways,Delhi,Cochin,DEL ? BOM ? COK,19:00,No info,18371,27,6,3,0,0,425.0,715
Air India,Delhi,Cochin,DEL ? CCU ? BOM ? COK,19:15 19 May,No info,13591,18,5,5,0,0,1215.0,1380
Jet Airways,Delhi,Cochin,DEL ? JAI ? BOM ? COK,12:35 02 Jun,In-flight meal not included,10368,1,6,5,0,0,580.0,1615
Multiple carriers,Delhi,Cochin,DEL ? IXU ? BOM ? COK,01:30 13 Jun,No info,18275,12,6,2,0,0,1070.0,460
IndiGo,Banglore,Delhi,BLR ? DEL,01:00 28 May,No info,3749,27,5,0,0,0,1330.0,170
Air Asia,Kolkata,Banglore,CCU ? IXR ? DEL ? BLR,23:30,No info,6810,6,6,3,0,0,910.0,500
Multiple carriers,Delhi,Cochin,DEL ? BOM ? COK,21:00,No info,7485,21,5,1,0,0,700.0,560
Air India,Kolkata,Banglore,CCU ? BLR,16:45,No info,5510,27,5,0,0,0,855.0,150
Jet Airways,Delhi,Cochin,DEL ? BOM ? COK,04:25 04 Jun,In-flight meal not included,10262,3,6,0,0,0,1095.0,610
Multiple carriers,Delhi,Cochin,DEL ? HYD ? COK,16:10,No info,6723,24,6,0,0,0,430.0,540
Multiple carriers,Delhi,Cochin,DEL ? BOM ? COK,15:30,No info,8307,21,3,3,0,0,480.0,450
GoAir,Delhi,Cochin,DEL ? HYD ? COK,13:35,No info,6146,21,4,6,0,0,355.0,460
Jet Airways,Delhi,Cochin,DEL ? AMD ? BOM ? COK,12:35 28 May,No info,15129,27,5,0,0,0,805.0,1390
Jet Airways,Kolkata,Banglore,CCU ? BOM ? BLR,12:00,No info,14388,1,5,2,0,0,390.0,330
Jet Airways,Banglore,Delhi,BLR ? DEL,08:45,In-flight meal not included,4544,6,4,5,0,0,360.0,165
Jet Airways,Banglore,Delhi,BLR ? DEL,14:05,In-flight meal not included,5198,12,4,4,0,0,670.0,175
IndiGo,Delhi,Cochin,DEL ? BOM ? COK,01:30 19 May,No info,7503,18,5,5,0,0,555.0,975
GoAir,Banglore,New Delhi,BLR ? GOI ? DEL,20:15,No info,12314,1,3,4,0,0,945.0,270
Air India,Delhi,Cochin,DEL ? BOM ? COK,19:15,No info,8372,15,5,2,0,0,780.0,375
Jet Airways,Kolkata,Banglore,CCU ? BOM ? BLR,23:35,No info,14781,21,5,1,0,0,990.0,425
Jet Airways,Banglore,Delhi,BLR ? DEL,22:50,No info,8016,24,6,0,0,0,1190.0,180
IndiGo,Chennai,Kolkata,MAA ? CCU,10:15,No info,6297,12,3,1,0,0,475.0,140
Jet Airways,Kolkata,Banglore,CCU ? BOM ? BLR,09:20 02 May,No info,14388,1,5,2,0,0,505.0,1495
GoAir,Delhi,Cochin,DEL ? AMD ? COK,13:35,No info,6393,1,6,5,0,0,445.0,370
Jet Airways,Kolkata,Banglore,CCU ? BOM ? BLR,10:05 10 Jun,No info,14939,9,6,6,0,0,1270.0,775
Jet Airways,Kolkata,Banglore,CCU ? BOM ? BLR,19:50,No info,14781,21,5,1,0,0,505.0,685
IndiGo,Delhi,Cochin,DEL ? BOM ? COK,21:00,No info,14871,6,3,2,0,0,450.0,810
SpiceJet,Banglore,Delhi,BLR ? DEL,12:20,No check-in baggage included,4319,6,4,5,0,0,570.0,170
Jet Airways,Kolkata,Banglore,CCU ? DEL ? BLR,09:45 16 May,No info,13067,15,5,2,0,0,1020.0,1005
Jet Airways,Banglore,New Delhi,BLR ? BOM ? DEL,08:15 02 Mar,No info,26890,1,3,4,0,0,1015.0,920
Jet Airways,Banglore,New Delhi,BLR ? BOM ? DEL,13:15,In-flight meal not included,9134,15,3,4,0,0,420.0,375
IndiGo,Banglore,Delhi,BLR ? DEL,00:15 04 Apr,No info,3943,3,4,2,0,0,1275.0,180
Air India,Delhi,Cochin,DEL ? BOM ? COK,19:15,No info,8879,24,6,0,0,0,420.0,735
Jet Airways,Kolkata,Banglore,CCU ? BOM ? BLR,12:00 25 May,No info,14571,24,5,4,0,0,1135.0,1025
IndiGo,Kolkata,Banglore,CCU ? BLR,12:10,No info,5644,15,6,5,0,0,575.0,155
Jet Airways,Kolkata,Banglore,CCU ? BOM ? BLR,04:40 10 Jun,In-flight meal not included,9663,9,6,6,0,0,390.0,1330
Jet Airways,Kolkata,Banglore,CCU ? BOM ? BLR,23:35,No info,14571,9,6,6,0,0,845.0,570
SpiceJet,Banglore,Delhi,BLR ? DEL,00:05 10 Jun,No info,3971,9,6,6,0,0,1270.0,175
Jet Airways,Delhi,Cochin,DEL ? BOM ? COK,18:50,No info,17024,6,3,2,0,0,540.0,590
SpiceJet,Kolkata,Banglore,CCU ? BLR,19:40,No check-in baggage included,3841,15,5,2,0,0,1030.0,150
Jet Airways,Delhi,Cochin,DEL ? BOM ? COK,19:00 28 May,In-flight meal not included,12898,27,5,0,0,0,1185.0,1395
Jet Airways,Delhi,Cochin,DEL ? NAG ? BOM ? COK,04:25 07 Jun,No info,13376,6,6,3,0,0,875.0,830
Jet Airways,Delhi,Cochin,DEL ? IDR ? BOM ? COK,12:35 16 Jun,In-flight meal not included,9905,15,6,5,0,0,1285.0,910
Multiple carriers,Delhi,Cochin,DEL ? BOM ? COK,21:00,No info,13587,15,6,5,0,0,480.0,780
Multiple carriers,Delhi,Cochin,DEL ? BOM ? COK,21:00,No info,7740,24,6,0,0,0,360.0,900
Multiple carriers,Delhi,Cochin,DEL ? BOM ? COK,12:35,No info,9794,21,5,1,0,0,360.0,395
Jet Airways,Banglore,New Delhi,BLR ? BOM ? DEL,21:20 07 Mar,No info,17471,6,3,2,0,0,1370.0,1350
Jet Airways,Delhi,Cochin,DEL ? IXC ? BOM ? COK,04:25 10 Mar,In-flight meal not included,15129,9,3,5,0,0,825.0,880
Jet Airways,Kolkata,Banglore,CCU ? DEL ? BLR,14:25 02 May,No info,11467,1,5,2,0,0,575.0,1730
Air India,Kolkata,Banglore,CCU ? MAA ? BLR,14:35 13 Jun,No info,6528,12,6,2,0,0,875.0,1440
Multiple carriers,Delhi,Cochin,DEL ? BOM ? COK,19:15,No info,8266,27,6,3,0,0,450.0,705
IndiGo,Delhi,Cochin,DEL ? HYD ? COK,22:20,No info,6442,6,3,2,0,0,400.0,940
Jet Airways,Delhi,Cochin,DEL ? BOM ? COK,12:35 13 Jun,In-flight meal not included,10262,12,6,2,0,0,1370.0,825
Jet Airways,Mumbai,Hyderabad,BOM ? HYD,08:35,No info,17501,1,3,4,0,0,430.0,85
Air India,Banglore,Delhi,BLR ? DEL,08:55,No info,8273,24,5,4,0,0,370.0,165
Air India,Delhi,Cochin,DEL ? LKO ? BOM ? COK,19:15 22 Mar,No info,10703,21,3,3,0,0,1110.0,1485
Multiple carriers,Delhi,Cochin,DEL ? BOM ? COK,01:30 16 Jun,No info,8510,15,6,5,0,0,600.0,930
IndiGo,Mumbai,Hyderabad,BOM ? HYD,21:35,No info,2754,15,3,4,0,0,1205.0,90
IndiGo,Mumbai,Hyderabad,BOM ? HYD,22:50,No info,2227,18,5,5,0,0,1280.0,90
Multiple carriers,Delhi,Cochin,DEL ? IXU ? BOM ? COK,01:30 28 Jun,No info,18275,27,6,3,0,0,1070.0,460
SpiceJet,Delhi,Cochin,DEL ? PNQ ? COK,13:15,No check-in baggage included,6356,21,4,6,0,0,525.0,270
Jet Airways,Kolkata,Banglore,CCU ? BOM ? BLR,20:45,No info,14781,15,5,2,0,0,845.0,400
Jet Airways,Delhi,Cochin,DEL ? JAI ? BOM ? COK,12:35 28 May,In-flight meal not included,13029,27,5,0,0,0,580.0,1615
GoAir,Banglore,Delhi,BLR ? DEL,14:30,No info,4340,1,5,2,0,0,700.0,170
Air India,Kolkata,Banglore,CCU ? DEL ? COK ? BLR,13:45 13 Jun,No info,12224,12,6,2,0,0,1050.0,1215
Jet Airways,Kolkata,Banglore,CCU ? BOM ? BLR,18:15 25 May,In-flight meal not included,10844,24,5,4,0,0,990.0,1545
IndiGo,Kolkata,Banglore,CCU ? BLR,12:20,No info,4174,15,4,0,0,0,575.0,165
Air India,Banglore,New Delhi,BLR ? HYD ? VGA ? DEL,22:55 02 Mar,No info,14887,1,3,4,0,0,1020.0,1795
Multiple carriers,Delhi,Cochin,DEL ? BOM ? COK,19:15,No info,12853,9,4,1,0,0,540.0,615
Air Asia,Banglore,Delhi,BLR ? DEL,13:55,No info,3383,15,5,2,0,0,670.0,165
GoAir,Banglore,New Delhi,BLR ? DEL,14:35,No info,11111,1,3,4,0,0,700.0,175
Jet Airways,Banglore,Delhi,BLR ? DEL,20:45,No info,7229,1,4,0,0,0,1065.0,180
Jet Airways,Banglore,Delhi,BLR ? DEL,20:45,In-flight meal not included,4030,6,5,0,0,0,1065.0,180
IndiGo,Delhi,Cochin,DEL ? BOM ? COK,01:35 04 Mar,No info,14871,3,3,6,0,0,900.0,635
Jet Airways,Delhi,Cochin,DEL ? BOM ? COK,04:25 28 May,In-flight meal not included,12898,27,5,0,0,0,1185.0,520
Multiple carriers,Delhi,Cochin,DEL ? BOM ? COK,19:15,No info,14533,18,5,5,0,0,690.0,465
Air India,Delhi,Cochin,DEL ? BLR ? COK,08:15 07 Jun,No info,7258,6,6,3,0,0,1060.0,875
SpiceJet,Delhi,Cochin,DEL ? PNQ ? COK,13:15,No info,4812,1,4,0,0,0,525.0,270
Jet Airways,Kolkata,Banglore,CCU ? DEL ? BLR,21:05,In-flight meal not included,12384,9,5,3,0,0,575.0,690
Air India,Delhi,Cochin,DEL ? JAI ? BOM ? COK,07:40 07 Jun,No info,8603,6,6,3,0,0,720.0,1180
Air India,Delhi,Cochin,DEL ? JAI ? BOM ? COK,19:15,No info,8603,6,6,3,0,0,720.0,435
Jet Airways,Kolkata,Banglore,CCU ? BOM ? BLR,23:25,No info,14231,24,3,6,0,0,835.0,570
Jet Airways,Delhi,Cochin,DEL ? AMD ? BOM ? COK,04:25 11 May,No info,15129,9,5,3,0,0,1385.0,1760
Air Asia,Delhi,Cochin,DEL ? BLR ? COK,07:10 02 Jun,No info,11410,1,6,5,0,0,1245.0,625
Air India,Banglore,New Delhi,BLR ? BOM ? BHO ? DEL,09:25 13 Mar,No info,12725,12,3,1,0,0,530.0,1475
Jet Airways,Delhi,Cochin,DEL ? IDR ? BOM ? COK,12:35 10 Jun,No info,13292,9,6,6,0,0,575.0,1620
SpiceJet,Kolkata,Banglore,CCU ? BLR,09:30,No info,3873,24,4,2,0,0,415.0,155
IndiGo,Chennai,Kolkata,MAA ? CCU,10:15,No info,3850,15,6,5,0,0,475.0,140
SpiceJet,Kolkata,Banglore,CCU ? KNU ? BLR,18:50,No info,8479,9,6,6,0,0,695.0,435
Jet Airways,Kolkata,Banglore,CCU ? DEL ? BLR,23:35,No info,14151,24,5,4,0,0,575.0,840
Air India,Banglore,Delhi,BLR ? DEL,08:55,No info,5228,24,4,2,0,0,370.0,165
Vistara,Kolkata,Banglore,CCU ? DEL ? BLR,09:05 10 Jun,No info,9397,9,6,6,0,0,430.0,1555
Jet Airways,Mumbai,Hyderabad,BOM ? HYD,08:30,In-flight meal not included,4995,18,6,1,0,0,425.0,85
Air India,Delhi,Cochin,DEL ? AMD ? BOM ? COK,19:15 02 Jun,No info,10651,1,6,5,0,0,1185.0,1410
Air Asia,Banglore,Delhi,BLR ? DEL,07:45,No info,4282,3,4,2,0,0,295.0,170
Air India,Kolkata,Banglore,CCU ? JAI ? BOM ? BLR,21:50,No info,10697,21,5,1,0,0,500.0,810
Jet Airways,Kolkata,Banglore,CCU ? DEL ? BLR,14:25 22 May,In-flight meal not included,9314,21,5,1,0,0,575.0,1730
IndiGo,Chennai,Kolkata,MAA ? CCU,07:40,No info,3540,27,6,3,0,0,315.0,145
Air India,Delhi,Cochin,DEL ? AMD ? BOM ? COK,19:15 13 Jun,No info,9443,12,6,2,0,0,1000.0,1595
Multiple carriers,Delhi,Cochin,DEL ? BOM ? COK,15:30,No info,15147,6,3,2,0,0,450.0,480
Jet Airways,Banglore,Delhi,BLR ? DEL,11:20,No info,8016,27,6,3,0,0,500.0,180
IndiGo,Mumbai,Hyderabad,BOM ? HYD,22:50,No info,2437,24,5,4,0,0,1280.0,90
IndiGo,Delhi,Cochin,DEL ? BOM ? COK,01:30 28 May,No info,6104,27,5,0,0,0,635.0,895
SpiceJet,Mumbai,Hyderabad,BOM ? HYD,00:15 07 Jun,No check-in baggage included,1965,6,6,3,0,0,1365.0,90
Multiple carriers,Delhi,Cochin,DEL ? BOM ? COK,21:00,No info,7408,12,6,2,0,0,780.0,480
IndiGo,Mumbai,Hyderabad,BOM ? HYD,07:55,No info,4049,18,6,1,0,0,385.0,90
Jet Airways,Banglore,Delhi,BLR ? DEL,22:50,No info,8016,1,6,5,0,0,1190.0,180
Multiple carriers,Delhi,Cochin,DEL ? BOM ? COK,19:00,No info,10197,9,5,3,0,0,420.0,720
Jet Airways,Kolkata,Banglore,CCU ? BOM ? BLR,08:15 02 May,In-flight meal not included,10844,1,5,2,0,0,1270.0,665
Jet Airways,Kolkata,Banglore,CCU ? DEL ? BLR,19:10 10 Jun,No info,12692,9,6,6,0,0,1020.0,1570
Jet Airways,Kolkata,Banglore,CCU ? BOM ? BLR,16:20,No info,14781,6,5,0,0,0,505.0,475
GoAir,Kolkata,Banglore,CCU ? BOM ? BLR,07:45 25 May,No info,7335,24,5,4,0,0,1410.0,495
Jet Airways,Banglore,Delhi,BLR ? DEL,11:20,No info,7229,27,5,0,0,0,500.0,180
Vistara,Banglore,New Delhi,BLR ? DEL,00:05 28 Mar,No info,4353,24,3,6,0,0,1270.0,175
Jet Airways,Kolkata,Banglore,CCU ? BOM ? BLR,08:15 19 May,No info,13941,18,5,5,0,0,1200.0,735
Jet Airways,Banglore,New Delhi,BLR ? MAA ? DEL,14:25,No info,12295,12,3,1,0,0,585.0,280
Jet Airways,Delhi,Cochin,DEL ? BOM ? COK,12:35 28 May,In-flight meal not included,12898,27,5,0,0,0,1370.0,825
Vistara,Kolkata,Banglore,CCU ? DEL ? BLR,22:40,No info,7927,9,5,3,0,0,430.0,930
Air Asia,Banglore,Delhi,BLR ? DEL,02:45 16 Apr,No info,4483,15,4,0,0,0,1435.0,170
Jet Airways,Banglore,New Delhi,BLR ? BOM ? DEL,18:25,No info,19225,6,3,2,0,0,700.0,405
GoAir,Delhi,Cochin,DEL ? AMD ? COK,13:35,No info,4692,24,4,2,0,0,445.0,370
Jet Airways,Banglore,New Delhi,BLR ? BOM ? DEL,09:30 16 Mar,No info,13555,18,3,0,0,0,1285.0,725
IndiGo,Delhi,Cochin,DEL ? BOM ? COK,01:30 10 Apr,No info,6270,9,4,1,0,0,900.0,630
Jet Airways,Kolkata,Banglore,CCU ? BOM ? BLR,16:20 07 May,No info,13584,6,5,0,0,0,1135.0,1285
Jet Airways,Delhi,Cochin,DEL ? MAA ? BOM ? COK,18:50 22 Mar,No info,13180,21,3,3,0,0,970.0,1600
Jet Airways,Kolkata,Banglore,CCU ? DEL ? BLR,18:00 13 May,No info,14151,12,5,6,0,0,1225.0,1295
Vistara,Delhi,Cochin,DEL ? COK,09:10,No info,6216,12,5,6,0,0,360.0,190
Multiple carriers,Delhi,Cochin,DEL ? BOM ? COK,18:50,No info,15135,3,3,6,0,0,450.0,680
Multiple carriers,Delhi,Cochin,DEL ? BOM ? COK,21:00,In-flight meal not included,15136,6,3,2,0,0,690.0,570
Jet Airways,Delhi,Cochin,DEL ? BOM ? COK,19:00,In-flight meal not included,10262,27,6,3,0,0,135.0,1005
Jet Airways,Kolkata,Banglore,CCU ? DEL ? BLR,22:05,In-flight meal not included,12384,18,5,5,0,0,575.0,750
Jet Airways,Kolkata,Banglore,CCU ? DEL ? BLR,19:10,In-flight meal not included,9314,1,4,0,0,0,575.0,575
Jet Airways,Kolkata,Banglore,CCU ? DEL ? BLR,18:00 07 May,In-flight meal not included,9314,6,5,0,0,0,1020.0,1500
Air India,Delhi,Cochin,DEL ? BOM ? COK,19:15,No info,10454,1,6,5,0,0,540.0,615
Air India,Delhi,Cochin,DEL ? BOM ? COK,07:40 19 May,No info,8372,18,5,5,0,0,1380.0,520
Jet Airways,Delhi,Cochin,DEL ? BOM ? COK,04:25 10 Mar,In-flight meal not included,11848,9,3,5,0,0,1185.0,520
IndiGo,Delhi,Cochin,DEL ? BOM ? COK,21:00,No info,6416,1,6,5,0,0,510.0,750
IndiGo,Mumbai,Hyderabad,BOM ? HYD,10:40,No info,3342,1,4,0,0,0,550.0,90
Jet Airways,Kolkata,Banglore,CCU ? BOM ? PNQ ? BLR,07:25 07 Jun,In-flight meal not included,10118,6,6,3,0,0,390.0,1495
Air India,Kolkata,Banglore,CCU ? GAU ? DEL ? BLR,12:30 13 Jun,No info,14960,12,6,2,0,0,1005.0,1185
IndiGo,Delhi,Cochin,DEL ? HYD ? COK,16:10,No info,6818,15,6,5,0,0,305.0,665
Air India,Kolkata,Banglore,CCU ? BLR,16:45,No info,5510,12,6,2,0,0,855.0,150
Jet Airways,Kolkata,Banglore,CCU ? BOM ? BLR,09:20 22 May,No info,14388,21,5,1,0,0,390.0,1610
Multiple carriers,Delhi,Cochin,DEL ? HYD ? COK,22:30,No info,7038,3,6,0,0,0,895.0,455
Multiple carriers,Delhi,Cochin,DEL ? BOM ? COK,19:15,No info,8266,9,5,3,0,0,525.0,630
Jet Airways,Delhi,Cochin,DEL ? ATQ ? BOM ? COK,19:00 28 Jun,No info,14300,27,6,3,0,0,1100.0,1480
Air India,Kolkata,Banglore,CCU ? BOM ? BLR,07:55 10 May,No info,8366,9,5,3,0,0,565.0,1350
Jet Airways,Banglore,New Delhi,BLR ? BOM ? DEL,10:25 07 Mar,No info,17261,6,3,2,0,0,1370.0,695
Vistara,Kolkata,Banglore,CCU ? DEL ? BLR,09:05 07 Jun,No info,8452,6,6,3,0,0,430.0,1555
IndiGo,Kolkata,Banglore,CCU ? GAU ? BLR,20:30,No info,8567,1,4,0,0,0,910.0,320
Multiple carriers,Delhi,Cochin,DEL ? HYD ? COK,22:30,No info,9646,15,6,5,0,0,425.0,925
Air India,Delhi,Cochin,DEL ? GOI ? BOM ? COK,19:15 10 Apr,No info,8341,9,4,1,0,0,1320.0,1275
Jet Airways,Delhi,Cochin,DEL ? BOM ? COK,19:00 10 May,In-flight meal not included,12373,9,5,3,0,0,1050.0,1530
SpiceJet,Chennai,Kolkata,MAA ? CCU,20:05,No check-in baggage included,3543,21,6,4,0,0,1065.0,140
Jet Airways,Kolkata,Banglore,CCU ? DEL ? BLR,23:35,In-flight meal not included,13994,9,6,6,0,0,1020.0,395
IndiGo,Banglore,New Delhi,BLR ? DEL,06:50,No info,4777,24,3,6,0,0,240.0,170
Multiple carriers,Delhi,Cochin,DEL ? HYD ? COK,22:30,No info,7038,1,6,5,0,0,895.0,455
IndiGo,Mumbai,Hyderabad,BOM ? HYD,18:25,No info,3175,3,4,2,0,0,1015.0,90
Multiple carriers,Delhi,Cochin,DEL ? BOM ? COK,21:00,No info,7408,9,6,6,0,0,600.0,660
IndiGo,Banglore,Delhi,BLR ? DEL,00:15 16 Jun,No info,3943,15,6,5,0,0,1275.0,180
Jet Airways,Delhi,Cochin,DEL ? BOM ? COK,04:25 07 Mar,No info,15974,6,3,2,0,0,480.0,1225
SpiceJet,Kolkata,Banglore,CCU ? BLR,09:30,No info,3873,27,5,0,0,0,415.0,155
IndiGo,Banglore,Delhi,BLR ? DEL,13:00,No info,4423,15,4,0,0,0,610.0,170
Jet Airways,Delhi,Cochin,DEL ? JAI ? BOM ? COK,04:25 28 May,No info,15129,27,5,0,0,0,580.0,1125
IndiGo,Delhi,Cochin,DEL ? BOM ? COK,21:00,No info,8285,21,3,3,0,0,505.0,755
Air India,Mumbai,Hyderabad,BOM ? HYD,07:40,No info,3100,6,6,3,0,0,380.0,80
Air India,Banglore,New Delhi,BLR ? BOM ? BHO ? DEL,09:25 02 Mar,No info,25430,1,3,4,0,0,530.0,1475
SpiceJet,Mumbai,Hyderabad,BOM ? HYD,14:30,No check-in baggage included,2385,18,3,0,0,0,790.0,80
Jet Airways,Kolkata,Banglore,CCU ? GAU ? BLR,17:35,No info,11316,6,6,3,0,0,620.0,435
Jet Airways,Delhi,Cochin,DEL ? BOM ? COK,19:00,In-flight meal not included,10262,15,6,5,0,0,135.0,1005
Air India,Kolkata,Banglore,CCU ? IXR ? BBI ? BLR,13:15,No info,7662,24,5,4,0,0,350.0,445
Jet Airways,Kolkata,Banglore,CCU ? BOM ? BLR,19:40 25 Mar,No info,14231,24,3,6,0,0,1015.0,1605
IndiGo,Delhi,Cochin,DEL ? BOM ? COK,21:00,No info,6838,9,6,6,0,0,555.0,705
Jet Airways,Delhi,Cochin,DEL ? NAG ? BOM ? COK,04:25 16 Jun,No info,13376,15,6,5,0,0,405.0,1300
Jet Airways,Delhi,Cochin,DEL ? BOM ? COK,19:00 25 Jun,In-flight meal not included,10262,24,6,0,0,0,900.0,1680
IndiGo,Delhi,Cochin,DEL ? BOM ? COK,15:30,No info,8574,27,3,2,0,0,450.0,480
Jet Airways,Banglore,New Delhi,BLR ? BOM ? DEL,07:40 13 Mar,In-flight meal not included,7832,9,3,5,0,0,1285.0,615
Multiple carriers,Delhi,Cochin,DEL ? BOM ? COK,19:00,No info,12192,24,6,0,0,0,230.0,910
Jet Airways,Mumbai,Hyderabad,BOM ? HYD,11:50,In-flight meal not included,4050,15,6,5,0,0,620.0,90
GoAir,Banglore,Delhi,BLR ? DEL,10:40,No info,6722,12,4,4,0,0,465.0,175
Jet Airways,Kolkata,Banglore,CCU ? BOM ? BLR,16:20 10 Jun,In-flight meal not included,10844,9,6,6,0,0,1200.0,1220
Multiple carriers,Delhi,Cochin,DEL ? BOM ? COK,21:00,No info,7408,15,6,5,0,0,420.0,840
Jet Airways,Delhi,Cochin,DEL ? BOM ? COK,04:25 22 Mar,No info,14189,21,3,3,0,0,1250.0,455
SpiceJet,Kolkata,Banglore,CCU ? BLR,19:40,No check-in baggage included,3841,24,5,4,0,0,1030.0,150
Jet Airways,Kolkata,Banglore,CCU ? BOM ? BLR,04:40 10 May,In-flight meal not included,8586,9,5,3,0,0,845.0,875
Multiple carriers,Delhi,Cochin,DEL ? BOM ? COK,19:15,No info,7155,27,6,3,0,0,635.0,520
Jet Airways,Kolkata,Banglore,CCU ? BOM ? BLR,18:15,In-flight meal not included,9899,12,6,2,0,0,505.0,590
Jet Airways,Kolkata,Banglore,CCU ? BOM ? BLR,19:50,No info,14571,6,6,3,0,0,505.0,685
IndiGo,Banglore,Delhi,BLR ? DEL,21:50,No info,4823,18,5,5,0,0,1135.0,175
Jet Airways,Banglore,Delhi,BLR ? DEL,11:20,In-flight meal not included,4544,9,5,3,0,0,500.0,180
Air India,Banglore,New Delhi,BLR ? AMD ? DEL,20:30,1 Long layover,14752,1,3,4,0,0,30.0,1200
Air India,Kolkata,Banglore,CCU ? BOM ? COK ? BLR,13:45 10 May,No info,11542,9,5,3,0,0,565.0,1700
Jet Airways,Delhi,Cochin,DEL ? COK,13:05,In-flight meal not included,7202,21,5,1,0,0,590.0,195
Multiple carriers,Delhi,Cochin,DEL ? BOM ? COK,19:00,No info,11098,9,6,6,0,0,635.0,505
Air India,Mumbai,Hyderabad,BOM ? HYD,20:45,No info,2575,27,3,2,0,0,1170.0,75
Multiple carriers,Delhi,Cochin,DEL ? BOM ? COK,01:35 28 Mar,No info,6673,27,3,2,0,0,780.0,755
IndiGo,Banglore,New Delhi,BLR ? DEL,21:45,No info,14306,1,3,4,0,0,1135.0,170
Jet Airways,Delhi,Cochin,DEL ? BOM ? COK,04:25 19 May,No info,15554,18,5,5,0,0,1310.0,395
Jet Airways,Kolkata,Banglore,CCU ? DEL ? BLR,14:25 16 May,In-flight meal not included,9314,15,5,2,0,0,575.0,1730
Jet Airways,Mumbai,Hyderabad,BOM ? HYD,08:00,In-flight meal not included,4995,9,3,5,0,0,390.0,90
Jet Airways,Banglore,New Delhi,BLR ? BOM ? DEL,07:40 19 Mar,In-flight meal not included,7832,21,3,3,0,0,700.0,1200
Jet Airways,Kolkata,Banglore,CCU ? BOM ? BLR,08:15 22 May,In-flight meal not included,8586,21,5,1,0,0,505.0,1430
Air India,Delhi,Cochin,DEL ? COK,08:00,No info,6094,27,4,5,0,0,310.0,170
Jet Airways,Delhi,Cochin,DEL ? IDR ? BOM ? COK,19:00,No info,13292,24,6,0,0,0,330.0,810
Jet Airways,Delhi,Cochin,DEL ? JAI ? BOM ? COK,04:25 10 Jun,In-flight meal not included,10368,9,6,6,0,0,330.0,1375
Multiple carriers,Delhi,Cochin,DEL ? BOM ? COK,21:00,No info,9718,27,5,0,0,0,600.0,660
Jet Airways,Banglore,New Delhi,BLR ? BOM ? DEL,07:40 19 Mar,In-flight meal not included,7412,21,3,3,0,0,535.0,1365
Air India,Delhi,Cochin,DEL ? GOI ? BOM ? COK,19:15 07 Jun,No info,10441,6,6,3,0,0,1320.0,1275
IndiGo,Delhi,Cochin,DEL ? BOM ? COK,01:35 04 Mar,No info,14871,3,3,6,0,0,645.0,890
Jet Airways,Delhi,Cochin,DEL ? BOM ? COK,19:00,No info,15554,18,5,5,0,0,480.0,660
Jet Airways,Banglore,New Delhi,BLR ? BOM ? DEL,19:10,No info,36235,1,3,4,0,0,845.0,305
IndiGo,Mumbai,Hyderabad,BOM ? HYD,18:25,No info,3175,24,3,6,0,0,1015.0,90
SpiceJet,Chennai,Kolkata,MAA ? CCU,20:05,No info,3597,24,5,4,0,0,1065.0,140
SpiceJet,Mumbai,Hyderabad,BOM ? HYD,14:45,No check-in baggage included,1965,27,6,3,0,0,795.0,90
Multiple carriers,Delhi,Cochin,DEL ? BOM ? COK,19:00,No info,12717,24,6,0,0,0,600.0,540
IndiGo,Delhi,Cochin,DEL ? COK,17:40,No info,6015,3,6,0,0,0,865.0,195
Air Asia,Banglore,New Delhi,BLR ? DEL,02:10 10 Mar,No info,5615,9,3,5,0,0,1405.0,165
Multiple carriers,Delhi,Cochin,DEL ? BOM ? COK,01:35 28 Mar,No info,7845,27,3,2,0,0,1140.0,395
Jet Airways,Kolkata,Banglore,CCU ? BOM ? BLR,22:35 10 Jun,In-flight meal not included,10844,9,6,6,0,0,1270.0,1525
Jet Airways,Banglore,New Delhi,BLR ? BOM ? DEL,05:05 13 Mar,No info,27210,15,3,4,0,0,1285.0,460
IndiGo,Kolkata,Banglore,CCU ? BLR,16:55,No info,4174,6,4,5,0,0,865.0,150
Multiple carriers,Delhi,Cochin,DEL ? BOM ? COK,21:00,No info,6883,21,3,3,0,0,480.0,780
Multiple carriers,Delhi,Cochin,DEL ? BOM ? COK,21:00,No info,6883,21,3,3,0,0,540.0,720
Jet Airways,Kolkata,Banglore,CCU ? GAU ? BLR,17:35,No info,8355,21,5,1,0,0,620.0,435
SpiceJet,Banglore,New Delhi,BLR ? DEL,23:20,No check-in baggage included,5469,24,3,6,0,0,1230.0,170
Jet Airways,Banglore,Delhi,BLR ? DEL,08:45,In-flight meal not included,6478,27,6,3,0,0,360.0,165
Vistara,Banglore,New Delhi,BLR ? DEL,22:20,No info,11913,3,3,6,0,0,1180.0,160
IndiGo,Delhi,Cochin,DEL ? BOM ? COK,01:30 22 May,No info,7006,21,5,1,0,0,1115.0,415
Jet Airways,Kolkata,Banglore,CCU ? BOM ? BLR,22:35,No info,12681,1,4,0,0,0,990.0,365
Jet Airways,Delhi,Cochin,DEL ? AMD ? BOM ? COK,19:00 22 May,No info,15129,21,5,1,0,0,1385.0,1195
Multiple carriers,Delhi,Cochin,DEL ? BOM ? COK,21:00,No info,13587,15,6,5,0,0,840.0,420
Jet Airways,Delhi,Cochin,DEL ? BOM ? COK,19:00 02 Jun,No info,14714,1,6,5,0,0,1155.0,1425
IndiGo,Banglore,New Delhi,BLR ? HYD ? DEL,12:20,No info,6220,3,3,6,0,0,450.0,290
Jet Airways,Delhi,Cochin,DEL ? BOM ? COK,12:35,In-flight meal not included,10262,6,6,3,0,0,425.0,330
Air India,Kolkata,Banglore,CCU ? BOM ? BLR,18:30,No info,8576,12,5,6,0,0,565.0,545
Jet Airways,Kolkata,Banglore,CCU ? BOM ? BLR,20:40 25 Mar,In-flight meal not included,10031,24,3,6,0,0,1185.0,1495
Jet Airways,Delhi,Cochin,DEL ? AMD ? BOM ? COK,19:00 25 Jun,No info,12819,24,6,0,0,0,1150.0,1430
GoAir,Delhi,Cochin,DEL ? AMD ? COK,13:35,No info,5052,15,4,0,0,0,445.0,370
Jet Airways,Banglore,New Delhi,BLR ? BOM ? DEL,08:15 02 Mar,No info,22270,1,3,4,0,0,480.0,1455
Vistara,Banglore,Delhi,BLR ? DEL,09:40,No info,5613,27,4,5,0,0,420.0,160
SpiceJet,Kolkata,Banglore,CCU ? BLR,11:25,No info,3873,1,4,0,0,0,540.0,145
IndiGo,Delhi,Cochin,DEL ? COK,08:50,No info,6015,15,5,2,0,0,335.0,195
Jet Airways,Kolkata,Banglore,CCU ? BOM ? BLR,12:00,In-flight meal not included,10844,9,6,6,0,0,390.0,330
SpiceJet,Mumbai,Hyderabad,BOM ? HYD,14:45,No info,2227,12,5,6,0,0,795.0,90
Jet Airways,Banglore,Delhi,BLR ? DEL,22:50,No info,7229,1,4,0,0,0,1190.0,180
Jet Airways,Delhi,Cochin,DEL ? JAI ? BOM ? COK,19:00,In-flight meal not included,10368,6,6,3,0,0,330.0,810
Jet Airways,Delhi,Cochin,DEL ? BOM ? COK,04:25 22 May,In-flight meal not included,12898,21,5,1,0,0,1050.0,655
Multiple carriers,Delhi,Cochin,DEL ? BOM ? COK,19:00,No info,12192,12,6,2,0,0,420.0,720
Jet Airways,Kolkata,Banglore,CCU ? DEL ? BLR,23:35,No info,12121,9,5,3,0,0,575.0,840
Air India,Delhi,Cochin,DEL ? CCU ? BOM ? COK,07:40 28 May,No info,16163,27,5,0,0,0,410.0,1490
Jet Airways,Banglore,New Delhi,BLR ? BOM ? DEL,18:25,No info,12284,18,3,0,0,0,345.0,760
IndiGo,Banglore,Delhi,BLR ? DEL,22:15,No info,5780,21,6,4,0,0,1170.0,165
Jet Airways,Mumbai,Hyderabad,BOM ? HYD,11:50,In-flight meal not included,4995,9,5,3,0,0,620.0,90
IndiGo,Delhi,Cochin,DEL ? BLR ? COK,10:05,No info,6496,9,6,6,0,0,310.0,295
Air India,Delhi,Cochin,DEL ? LKO ? BOM ? COK,19:15 13 Jun,No info,12488,12,6,2,0,0,740.0,1855
IndiGo,Banglore,Delhi,BLR ? DEL,10:05,No info,4823,15,5,2,0,0,430.0,175
SpiceJet,Mumbai,Hyderabad,BOM ? HYD,07:15,No check-in baggage included,2647,18,6,1,0,0,345.0,90
IndiGo,Banglore,New Delhi,BLR ? DEL,15:50,No info,12649,3,3,6,0,0,780.0,170
Multiple carriers,Delhi,Cochin,DEL ? BOM ? COK,19:15,No info,8266,12,6,2,0,0,700.0,455
Vistara,Delhi,Cochin,DEL ? COK,09:10,No info,6216,15,5,2,0,0,360.0,190
IndiGo,Banglore,Delhi,BLR ? DEL,04:15,No info,4423,1,4,0,0,0,90.0,165
Jet Airways,Banglore,New Delhi,BLR ? BOM ? DEL,08:15 07 Mar,No info,17996,6,3,2,0,0,480.0,1455
SpiceJet,Delhi,Cochin,DEL ? PNQ ? COK,13:15,No check-in baggage included,5726,15,4,0,0,0,525.0,270
Multiple carriers,Delhi,Cochin,DEL ? BOM ? COK,15:30,No info,15147,6,3,2,0,0,360.0,570
Jet Airways,Delhi,Cochin,DEL ? BOM ? COK,19:00 19 May,No info,15554,18,5,5,0,0,1255.0,1325
Jet Airways,Delhi,Cochin,DEL ? AMD ? BOM ? COK,04:25 26 Jun,No info,12819,24,6,0,0,0,1385.0,1760
Multiple carriers,Delhi,Cochin,DEL ? BOM ? COK,01:30 28 Jun,No info,7198,27,6,3,0,0,1080.0,450
IndiGo,Delhi,Cochin,DEL ? BOM ? COK,21:00,No info,5073,3,4,2,0,0,960.0,300
IndiGo,Banglore,Delhi,BLR ? DEL,00:15 28 Jun,No info,3943,27,6,3,0,0,1275.0,180
Jet Airways,Mumbai,Hyderabad,BOM ? HYD,08:35,In-flight meal not included,3205,27,3,2,0,0,430.0,85
SpiceJet,Banglore,Delhi,BLR ? DEL,08:35,No check-in baggage included,3257,12,5,6,0,0,355.0,160
IndiGo,Kolkata,Banglore,CCU ? BLR,00:50 04 Jun,No info,4804,3,6,0,0,0,1335.0,155
IndiGo,Banglore,New Delhi,BLR ? NAG ? DEL,21:35,No info,10231,9,3,5,0,0,1010.0,285
Jet Airways,Delhi,Cochin,DEL ? BOM ? COK,04:25 22 May,In-flight meal not included,12898,21,5,1,0,0,1255.0,450
IndiGo,Mumbai,Hyderabad,BOM ? HYD,22:45,No info,2227,21,3,3,0,0,1280.0,85
Air India,Kolkata,Banglore,CCU ? BBI ? BOM ? BLR,11:10 02 Apr,No info,9258,1,4,0,0,0,720.0,1390
Jet Airways,Kolkata,Banglore,CCU ? BOM ? BLR,09:20 25 May,In-flight meal not included,9663,24,5,4,0,0,990.0,1010
Jet Airways,Mumbai,Hyderabad,BOM ? HYD,08:30,No info,8040,21,5,1,0,0,425.0,85
GoAir,Banglore,Delhi,BLR ? DEL,23:40,No info,3419,6,6,3,0,0,1255.0,165
Jet Airways,Banglore,Delhi,BLR ? DEL,10:10,No info,8016,1,6,5,0,0,430.0,180
Jet Airways,Banglore,Delhi,BLR ? DEL,20:45,No info,7229,6,4,5,0,0,1065.0,180
GoAir,Delhi,Cochin,DEL ? BOM ? COK,19:35,No info,4959,6,6,3,0,0,635.0,540
Air India,Kolkata,Banglore,CCU ? BBI ? BOM ? BLR,11:10 10 Jun,No info,10151,9,6,6,0,0,720.0,1390
Air India,Delhi,Cochin,DEL ? RPR ? NAG ? BOM ? COK,19:15 19 May,No info,10703,18,5,5,0,0,315.0,2280
Jet Airways,Kolkata,Banglore,CCU ? BOM ? BLR,18:15,In-flight meal not included,10844,9,6,6,0,0,505.0,590
IndiGo,Delhi,Cochin,DEL ? HYD ? COK,22:20,No info,7205,6,3,2,0,0,970.0,370
Jet Airways,Banglore,New Delhi,BLR ? BOM ? DEL,18:25,No info,12284,18,3,0,0,0,535.0,570
Jet Airways,Kolkata,Banglore,CCU ? DEL ? BLR,22:05,In-flight meal not included,13994,9,6,6,0,0,575.0,750
IndiGo,Delhi,Cochin,DEL ? COK,17:40,No info,6015,15,4,0,0,0,865.0,195
IndiGo,Kolkata,Banglore,CCU ? MAA ? BLR,10:30,No info,4226,3,4,2,0,0,375.0,255
Jet Airways,Delhi,Cochin,DEL ? AMD ? BOM ? COK,18:50 22 Mar,No info,9483,21,3,3,0,0,1150.0,1420
Jet Airways,Banglore,Delhi,BLR ? DEL,10:10,In-flight meal not included,5198,15,5,2,0,0,430.0,180
Jet Airways,Delhi,Cochin,DEL ? JAI ? BOM ? COK,19:00,In-flight meal not included,10368,27,6,3,0,0,330.0,810
Vistara,Chennai,Kolkata,MAA ? CCU,20:05,No info,11982,3,6,0,0,0,1065.0,140
Air India,Banglore,New Delhi,BLR ? MAA ? DEL,13:00 16 Mar,No info,8032,15,3,4,0,0,710.0,1510
Air India,Kolkata,Banglore,CCU ? BLR,16:45,No info,5510,15,5,2,0,0,855.0,150
IndiGo,Delhi,Cochin,DEL ? PNQ ? COK,04:35 10 May,No info,8177,9,5,3,0,0,1410.0,305
Air Asia,Delhi,Cochin,DEL ? BLR ? COK,22:25,No info,11410,1,6,5,0,0,1005.0,340
GoAir,Delhi,Cochin,DEL ? BOM ? COK,12:50,No info,9385,21,3,3,0,0,420.0,350
Jet Airways,Delhi,Cochin,DEL ? BOM ? COK,19:00,In-flight meal not included,10262,6,6,3,0,0,600.0,540
SpiceJet,Kolkata,Banglore,CCU ? BLR,11:25,No info,3873,18,6,1,0,0,540.0,145
Multiple carriers,Delhi,Cochin,DEL ? BOM ? COK,18:50,No info,11999,21,3,3,0,0,700.0,430
Jet Airways,Delhi,Cochin,DEL ? ATQ ? BOM ? COK,12:35 28 Jun,No info,14300,27,6,3,0,0,1100.0,1095
SpiceJet,Mumbai,Hyderabad,BOM ? HYD,14:45,No check-in baggage included,2175,12,5,6,0,0,795.0,90
Air India,Delhi,Cochin,DEL ? CCU ? BOM ? COK,07:40 10 May,No info,14431,9,5,3,0,0,410.0,1490
Jet Airways,Banglore,Delhi,BLR ? DEL,08:45,No info,7229,21,5,1,0,0,360.0,165
IndiGo,Kolkata,Banglore,CCU ? HYD ? BLR,23:45,No info,3809,24,5,4,0,0,1160.0,265
Multiple carriers,Delhi,Cochin,DEL ? BOM ? COK,19:15,No info,7354,24,6,0,0,0,450.0,705
Multiple carriers,Delhi,Cochin,DEL ? BOM ? COK,15:30,No info,12537,27,3,2,0,0,480.0,450
Air India,Delhi,Cochin,DEL ? BOM ? COK,19:15,No info,9719,27,5,0,0,0,780.0,375
Jet Airways,Mumbai,Hyderabad,BOM ? HYD,11:50,No info,8040,24,5,4,0,0,620.0,90
Jet Airways,Mumbai,Hyderabad,BOM ? HYD,08:30,In-flight meal not included,4995,24,5,4,0,0,425.0,85
IndiGo,Banglore,Delhi,BLR ? DEL,02:20 07 Apr,No info,4591,6,4,5,0,0,1410.0,170
Air India,Kolkata,Banglore,CCU ? GAU ? BLR,21:05 07 Jun,No info,7662,6,6,3,0,0,1005.0,1700
IndiGo,Chennai,Kolkata,MAA ? CCU,10:15,No info,3850,24,6,0,0,0,475.0,140
IndiGo,Delhi,Cochin,DEL ? HYD ? COK,22:30,No info,6442,3,6,0,0,0,515.0,835
IndiGo,Delhi,Cochin,DEL ? PNQ ? COK,04:35 04 Jun,No info,11378,3,6,0,0,0,1410.0,305
Multiple carriers,Delhi,Cochin,DEL ? BOM ? COK,01:30 28 Jun,No info,13377,27,6,3,0,0,900.0,630
Jet Airways,Kolkata,Banglore,CCU ? BOM ? BLR,20:45,In-flight meal not included,10844,21,5,1,0,0,505.0,740
Jet Airways,Mumbai,Hyderabad,BOM ? HYD,08:30,In-flight meal not included,4995,9,5,3,0,0,425.0,85
Air India,Delhi,Cochin,DEL ? HYD ? MAA ? COK,09:25 28 Mar,No info,6057,27,3,2,0,0,1035.0,970
Air India,Banglore,Delhi,BLR ? DEL,12:45,No info,5176,6,4,5,0,0,600.0,165
Jet Airways,Delhi,Cochin,DEL ? JAI ? BOM ? COK,04:25 10 Jun,No info,13014,9,6,6,0,0,580.0,1125
IndiGo,Banglore,New Delhi,BLR ? HYD ? DEL,20:35,No Info,7917,1,3,4,0,0,975.0,260
SpiceJet,Delhi,Cochin,DEL ? MAA ? COK,11:20,No info,5583,9,6,6,0,0,365.0,315
Jet Airways,Banglore,Delhi,BLR ? DEL,08:45,No info,7229,9,4,1,0,0,360.0,165
IndiGo,Delhi,Cochin,DEL ? BOM ? COK,01:30 19 May,No info,7191,18,5,5,0,0,960.0,570
Jet Airways,Mumbai,Hyderabad,BOM ? HYD,21:05,In-flight meal not included,3210,12,6,2,0,0,1175.0,90
IndiGo,Delhi,Cochin,DEL ? BOM ? COK,01:35 07 Mar,No info,14871,6,3,2,0,0,900.0,635
Multiple carriers,Delhi,Cochin,DEL ? BOM ? COK,19:15,No info,8099,15,5,2,0,0,510.0,645
Air India,Kolkata,Banglore,CCU ? BOM ? BLR,18:30,No info,8366,21,5,1,0,0,565.0,545
IndiGo,Chennai,Kolkata,MAA ? CCU,00:25 10 Mar,No info,6297,9,3,5,0,0,1325.0,140
Multiple carriers,Delhi,Cochin,DEL ? BOM ? COK,21:00,No info,18286,3,3,6,0,0,780.0,480
Jet Airways,Delhi,Cochin,DEL ? BOM ? COK,19:45 07 Mar,No info,17024,6,3,2,0,0,1385.0,1240
Jet Airways,Banglore,Delhi,BLR ? DEL,10:10,In-flight meal not included,6144,24,4,2,0,0,430.0,180
Multiple carriers,Delhi,Cochin,DEL ? BOM ? COK,19:45,No info,13941,9,3,5,0,0,360.0,825
Jet Airways,Banglore,Delhi,BLR ? DEL,22:00,In-flight meal not included,3702,9,5,3,0,0,1135.0,185
SpiceJet,Delhi,Cochin,DEL ? MAA ? COK,11:20,No info,5583,15,5,2,0,0,365.0,315
Air India,Mumbai,Hyderabad,BOM ? DEL ? HYD,09:10 13 Mar,No info,10208,12,3,1,0,0,1180.0,810
Jet Airways,Kolkata,Banglore,CCU ? DEL ? BLR,18:00,In-flight meal not included,12384,6,5,0,0,0,575.0,505
Air India,Kolkata,Banglore,CCU ? DEL ? AMD ? BLR,05:25 07 May,No info,17049,6,5,0,0,0,600.0,1165
IndiGo,Delhi,Cochin,DEL ? BOM ? COK,21:00,No info,7006,24,5,4,0,0,450.0,810
Air India,Kolkata,Banglore,CCU ? IXR ? DEL ? BLR,20:25,No info,12723,12,6,2,0,0,350.0,875
Jet Airways,Delhi,Cochin,DEL ? BOM ? COK,04:25 13 Jun,In-flight meal not included,10577,12,6,2,0,0,480.0,1225
Jet Airways,Banglore,New Delhi,BLR ? BOM ? DEL,19:10,No info,16736,6,3,2,0,0,420.0,730
Jet Airways,Delhi,Cochin,DEL ? BOM ? COK,04:25 25 Jun,In-flight meal not included,10262,24,6,0,0,0,780.0,925
Multiple carriers,Delhi,Cochin,DEL ? BOM ? COK,19:15,No info,7155,24,6,0,0,0,685.0,470
Multiple carriers,Delhi,Cochin,DEL ? BOM ? COK,01:35 04 Mar,No info,15147,3,3,6,0,0,620.0,915
IndiGo,Banglore,Delhi,BLR ? DEL,10:05,No info,4823,12,6,2,0,0,430.0,175
Air India,Banglore,New Delhi,BLR ? BBI ? DEL,16:20,No info,8714,15,3,4,0,0,570.0,410
Jet Airways,Kolkata,Banglore,CCU ? DEL ? BLR,09:45 07 May,No info,10953,6,5,0,0,0,575.0,1450
Air India,Kolkata,Banglore,CCU ? DEL ? BLR,20:25 13 Jun,No info,10203,12,6,2,0,0,1230.0,1435
Jet Airways,Delhi,Cochin,DEL ? BOM ? COK,12:35 19 May,In-flight meal not included,12373,18,5,5,0,0,780.0,1415
Jet Airways,Kolkata,Banglore,CCU ? DEL ? BLR,23:35,No info,14151,12,5,6,0,0,575.0,840
Jet Airways,Kolkata,Banglore,CCU ? DEL ? BLR,14:25 25 May,No info,12121,24,5,4,0,0,575.0,1730
Vistara,Delhi,Cochin,DEL ? COK,09:10,No info,5586,9,4,1,0,0,360.0,190
Jet Airways,Kolkata,Banglore,CCU ? BOM ? BLR,12:00 19 May,In-flight meal not included,10844,18,5,5,0,0,505.0,1655
Jet Airways,Kolkata,Banglore,CCU ? BOM ? BLR,04:40 22 May,In-flight meal not included,8586,21,5,1,0,0,1270.0,450
SpiceJet,Delhi,Cochin,DEL ? BLR ? COK,22:50,No info,5409,6,6,3,0,0,1075.0,295
Multiple carriers,Delhi,Cochin,DEL ? HYD ? MAA ? COK,21:20,No info,7178,21,3,3,0,0,585.0,695
Multiple carriers,Delhi,Cochin,DEL ? BOM ? COK,01:30 25 Jun,In-flight meal not included,5797,24,6,0,0,0,620.0,910
Jet Airways,Kolkata,Banglore,CCU ? BOM ? BLR,19:40 25 Mar,No info,13759,24,3,6,0,0,1185.0,1435
Air India,Kolkata,Banglore,CCU ? DEL ? COK ? BLR,01:20 25 May,No info,13873,24,5,4,0,0,420.0,1100
Jet Airways,Delhi,Cochin,DEL ? BOM ? COK,19:00 22 May,No info,16079,21,5,1,0,0,1255.0,1325
SpiceJet,Mumbai,Hyderabad,BOM ? HYD,14:45,No info,2017,27,6,3,0,0,795.0,90
Jet Airways,Kolkata,Banglore,CCU ? BOM ? BLR,18:15 19 May,In-flight meal not included,10844,18,5,5,0,0,1200.0,1335
SpiceJet,Banglore,Delhi,BLR ? DEL,00:05 25 Apr,No check-in baggage included,3573,24,4,2,0,0,1270.0,175
Jet Airways,Kolkata,Banglore,CCU ? DEL ? BLR,09:45 07 May,In-flight meal not included,8066,6,5,0,0,0,575.0,1450
Jet Airways,Delhi,Cochin,DEL ? BOM ? COK,18:50 10 Mar,In-flight meal not included,14053,9,3,5,0,0,1250.0,1320
Jet Airways,Banglore,New Delhi,BLR ? BOM ? DEL,15:15,No info,12284,18,3,0,0,0,480.0,435
SpiceJet,Delhi,Cochin,DEL ? MAA ? COK,11:20,No info,5351,9,4,1,0,0,365.0,315
Jet Airways,Kolkata,Banglore,CCU ? BOM ? BLR,16:20 02 Apr,In-flight meal not included,7064,1,4,0,0,0,990.0,1430
IndiGo,Delhi,Cochin,DEL ? MAA ? COK,07:25,No info,10394,3,3,6,0,0,125.0,320
Jet Airways,Kolkata,Banglore,CCU ? BOM ? BLR,09:20 16 May,In-flight meal not included,9663,15,5,2,0,0,1135.0,865
Multiple carriers,Delhi,Cochin,DEL ? BOM ? COK,01:30 19 May,No info,13727,18,5,5,0,0,1050.0,480
Jet Airways,Delhi,Cochin,DEL ? BOM ? COK,12:35 13 Jun,In-flight meal not included,10262,12,6,2,0,0,1155.0,1040
IndiGo,Banglore,Delhi,BLR ? DEL,10:05,No info,4823,9,4,1,0,0,430.0,175
Air Asia,Banglore,New Delhi,BLR ? DEL,08:40,No info,7074,3,3,6,0,0,350.0,170
Multiple carriers,Delhi,Cochin,DEL ? BOM ? COK,21:00,No info,17267,6,3,2,0,0,425.0,835
Multiple carriers,Delhi,Cochin,DEL ? BOM ? COK,01:30 22 May,No info,14067,21,5,1,0,0,900.0,630
IndiGo,Banglore,Delhi,BLR ? DEL,11:20,No info,4823,1,5,2,0,0,510.0,170
IndiGo,Banglore,Delhi,BLR ? DEL,22:50,No info,4823,27,4,5,0,0,1200.0,170
Air Asia,Banglore,Delhi,BLR ? DEL,02:45 13 May,No info,4483,12,5,6,0,0,1435.0,170
Air India,Kolkata,Banglore,CCU ? GAU ? DEL ? BLR,23:15,No info,14960,6,6,3,0,0,590.0,805
Air India,Banglore,Delhi,BLR ? DEL,19:45,No info,7171,1,6,5,0,0,1020.0,165
Air India,Kolkata,Banglore,CCU ? DEL ? BLR,08:55 25 Mar,No info,12173,24,3,6,0,0,1230.0,745
Air India,Banglore,New Delhi,BLR ? AMD ? DEL,08:45,No info,11392,3,3,6,0,0,30.0,495
Air India,Kolkata,Banglore,CCU ? DEL ? COK ? BLR,13:45 16 May,No info,16057,15,5,2,0,0,600.0,1665
Jet Airways,Kolkata,Banglore,CCU ? DEL ? BLR,10:55 10 Jun,No info,14151,9,6,6,0,0,1020.0,1075
Jet Airways,Banglore,Delhi,BLR ? DEL,14:05,In-flight meal not included,4030,21,5,1,0,0,670.0,175
IndiGo,Kolkata,Banglore,CCU ? BBI ? BLR,23:15,No info,4226,6,5,0,0,0,1175.0,220
Air India,Delhi,Cochin,DEL ? BOM ? COK,19:15,No info,11050,9,3,5,0,0,240.0,915
Air India,Banglore,Delhi,BLR ? DEL,12:45,No info,6961,21,5,1,0,0,600.0,165
Jet Airways,Kolkata,Banglore,CCU ? BOM ? BLR,09:15 25 Mar,No info,14231,24,3,6,0,0,1270.0,725
Jet Airways,Delhi,Cochin,DEL ? NAG ? BOM ? COK,12:35 28 Jun,In-flight meal not included,10919,27,6,3,0,0,875.0,1320
Air India,Delhi,Cochin,DEL ? LKO ? BOM ? COK,19:15,No info,10913,27,3,2,0,0,420.0,735
IndiGo,Chennai,Kolkata,MAA ? CCU,00:25 28 Jun,No info,5277,27,6,3,0,0,1325.0,140
Multiple carriers,Delhi,Cochin,DEL ? BOM ? COK,21:00,No info,7485,21,5,1,0,0,620.0,640
Jet Airways,Kolkata,Banglore,CCU ? BOM ? BLR,16:20 25 Mar,No info,14231,24,3,6,0,0,1015.0,1405
GoAir,Delhi,Cochin,DEL ? AMD ? COK,13:35,No info,4201,6,4,5,0,0,445.0,370
Air India,Delhi,Cochin,DEL ? COK,17:10,No info,7931,6,3,2,0,0,850.0,180
Multiple carriers,Delhi,Cochin,DEL ? HYD ? COK,22:30,No info,6513,15,5,2,0,0,895.0,455
Jet Airways,Delhi,Cochin,DEL ? BOM ? COK,19:00 07 Jun,No info,14714,6,6,3,0,0,900.0,1680
IndiGo,Kolkata,Banglore,CCU ? NAG ? BLR,23:30,No info,6218,9,5,3,0,0,1085.0,325
Air India,Delhi,Cochin,DEL ? JAI ? BOM ? COK,19:15,No info,8603,27,6,3,0,0,720.0,435
IndiGo,Delhi,Cochin,DEL ? BOM ? COK,21:00,No info,7318,21,5,1,0,0,510.0,750
Multiple carriers,Delhi,Cochin,DEL ? BOM ? COK,19:00,No info,13504,15,6,5,0,0,600.0,540
Multiple carriers,Delhi,Cochin,DEL ? HYD ? COK,22:30,No info,9646,15,5,2,0,0,425.0,925
IndiGo,Kolkata,Banglore,CCU ? BLR,14:05,No info,5224,27,5,0,0,0,690.0,155
Jet Airways,Kolkata,Banglore,CCU ? DEL ? BLR,18:00,No info,12692,12,6,2,0,0,575.0,505
Jet Airways,Kolkata,Banglore,CCU ? GAU ? BLR,17:35,In-flight meal not included,9689,6,6,3,0,0,620.0,435
Air India,Kolkata,Banglore,CCU ? DEL ? COK ? BLR,01:20 10 May,No info,13033,9,5,3,0,0,600.0,920
Jet Airways,Kolkata,Banglore,CCU ? BOM ? BLR,16:20,No info,13626,12,6,2,0,0,390.0,590
IndiGo,Mumbai,Hyderabad,BOM ? HYD,20:35,No info,2754,18,5,5,0,0,1145.0,90
Jet Airways,Kolkata,Banglore,CCU ? DEL ? BLR,09:45 10 May,No info,12121,9,5,3,0,0,1020.0,1005
IndiGo,Banglore,Delhi,BLR ? DEL,04:15,No info,3419,24,4,2,0,0,90.0,165
Air India,Kolkata,Banglore,CCU ? DEL ? COK ? BLR,01:20 22 May,No info,13033,21,5,1,0,0,600.0,920
IndiGo,Kolkata,Banglore,CCU ? BLR,07:15,No info,4174,6,4,5,0,0,280.0,155
Air Asia,Delhi,Cochin,DEL ? BLR ? COK,22:25,No info,6152,27,6,3,0,0,475.0,870
Air India,Delhi,Cochin,DEL ? COK,08:00,No info,5201,27,6,3,0,0,310.0,170
Jet Airways,Banglore,New Delhi,BLR ? BOM ? DEL,16:10,In-flight meal not included,9134,15,3,4,0,0,420.0,550
Air India,Kolkata,Banglore,CCU ? DEL ? COK ? BLR,01:20 19 May,No info,13243,18,5,5,0,0,420.0,1100
Jet Airways,Delhi,Cochin,DEL ? JAI ? BOM ? COK,04:25 28 May,No info,15129,27,5,0,0,0,330.0,1375
Jet Airways,Mumbai,Hyderabad,BOM ? HYD,21:05,In-flight meal not included,2759,9,5,3,0,0,1175.0,90
IndiGo,Banglore,Delhi,BLR ? DEL,08:50,No info,4423,15,5,2,0,0,365.0,165
Vistara,Kolkata,Banglore,CCU ? DEL ? BLR,22:40,No info,9187,18,5,5,0,0,430.0,930
Multiple carriers,Delhi,Cochin,DEL ? HYD ? COK,22:30,No info,7740,18,5,5,0,0,430.0,920
Jet Airways,Banglore,Delhi,BLR ? DEL,22:50,In-flight meal not included,6144,24,5,4,0,0,1190.0,180
Multiple carriers,Delhi,Cochin,DEL ? BOM ? COK,12:35,No info,10877,9,6,6,0,0,295.0,460
IndiGo,Delhi,Cochin,DEL ? HYD ? COK,22:30,No info,6442,15,6,5,0,0,715.0,635
IndiGo,Delhi,Cochin,DEL ? BOM ? COK,15:30,No info,7048,27,3,2,0,0,285.0,645
Multiple carriers,Delhi,Cochin,DEL ? BOM ? COK,01:30 28 Jun,In-flight meal not included,5797,27,6,3,0,0,915.0,615
Air India,Banglore,New Delhi,BLR ? BOM ? AMD ? DEL,23:55,No info,10573,3,3,6,0,0,405.0,1030
IndiGo,Delhi,Cochin,DEL ? BOM ? COK,21:00,No info,7503,15,5,2,0,0,510.0,750
IndiGo,Delhi,Cochin,DEL ? BOM ? COK,01:30 13 Jun,No info,6104,12,6,2,0,0,1050.0,480
Jet Airways,Kolkata,Banglore,CCU ? BOM ? BLR,08:15 10 May,In-flight meal not included,9663,9,5,3,0,0,1270.0,665
Jet Airways,Banglore,Delhi,BLR ? DEL,14:05,In-flight meal not included,5769,3,6,0,0,0,670.0,175
Air India,Mumbai,Hyderabad,BOM ? HYD,15:25,No info,3100,15,6,5,0,0,835.0,90
Jet Airways,Delhi,Cochin,DEL ? BOM ? COK,04:25 19 May,In-flight meal not included,12373,18,5,5,0,0,1050.0,655
SpiceJet,Kolkata,Banglore,CCU ? BLR,11:30,No check-in baggage included,3815,15,3,4,0,0,540.0,150
Jet Airways,Delhi,Cochin,DEL ? ATQ ? BOM ? COK,12:35 16 Jun,No info,14300,15,6,5,0,0,735.0,1460
IndiGo,Banglore,Delhi,BLR ? DEL,10:05,No info,4823,1,6,5,0,0,430.0,175
IndiGo,Mumbai,Hyderabad,BOM ? HYD,20:35,No info,2754,18,6,1,0,0,1145.0,90
Multiple carriers,Delhi,Cochin,DEL ? BOM ? COK,19:15,No info,9736,3,6,0,0,0,360.0,795
Jet Airways,Banglore,New Delhi,BLR ? MAA ? DEL,14:25,In-flight meal not included,7280,21,3,3,0,0,585.0,280
Multiple carriers,Delhi,Cochin,DEL ? BOM ? COK,21:00,No info,7408,9,6,6,0,0,480.0,780
Jet Airways,Kolkata,Banglore,CCU ? BOM ? BLR,12:00 13 Jun,No info,13044,12,6,2,0,0,1200.0,960
Air India,Kolkata,Banglore,CCU ? IXR ? DEL ? BLR,23:15,No info,12723,24,5,4,0,0,350.0,1045
Jet Airways,Kolkata,Banglore,CCU ? BOM ? BLR,04:40 07 May,In-flight meal not included,8586,6,5,0,0,0,990.0,730
IndiGo,Delhi,Cochin,DEL ? BOM ? COK,01:30 13 Jun,No info,6316,12,6,2,0,0,960.0,570
Jet Airways,Delhi,Cochin,DEL ? BOM ? COK,19:00,No info,15554,9,5,3,0,0,540.0,600
SpiceJet,Mumbai,Hyderabad,BOM ? HYD,14:30,No check-in baggage included,2385,15,3,4,0,0,790.0,80
Multiple carriers,Delhi,Cochin,DEL ? BOM ? COK,21:00,No info,13587,9,6,6,0,0,780.0,480
IndiGo,Delhi,Cochin,DEL ? BBI ? COK,08:30,No info,13790,3,3,6,0,0,155.0,355
Air India,Delhi,Cochin,DEL ? HYD ? MAA ? COK,09:25 16 May,No info,10975,15,5,2,0,0,585.0,1420
Jet Airways,Kolkata,Banglore,CCU ? BOM ? BLR,09:20 22 May,No info,14388,21,5,1,0,0,505.0,1495
Multiple carriers,Delhi,Cochin,DEL ? BOM ? COK,01:30 07 Jun,No info,7198,6,6,3,0,0,1080.0,450
Jet Airways,Delhi,Cochin,DEL ? JAI ? BOM ? COK,12:35 10 May,In-flight meal not included,13029,9,5,3,0,0,580.0,1615
Multiple carriers,Delhi,Cochin,DEL ? BOM ? COK,19:15,In-flight meal not included,12717,27,5,0,0,0,425.0,730
IndiGo,Delhi,Cochin,DEL ? BOM ? COK,13:20,No info,14871,3,3,6,0,0,400.0,400
Jet Airways,Kolkata,Banglore,CCU ? BOM ? PNQ ? BLR,20:50,In-flight meal not included,10118,6,6,3,0,0,390.0,860
Jet Airways,Delhi,Cochin,DEL ? BOM ? COK,04:25 07 Jun,In-flight meal not included,10262,6,6,3,0,0,1370.0,335
Jet Airways,Mumbai,Hyderabad,BOM ? HYD,04:25,In-flight meal not included,2071,24,3,6,0,0,175.0,90
Air India,Banglore,Delhi,BLR ? DEL,23:55,No info,5228,27,4,5,0,0,1265.0,170
Jet Airways,Banglore,New Delhi,BLR ? BOM ? DEL,11:25 19 Mar,In-flight meal not included,7832,21,3,3,0,0,1015.0,1110
Multiple carriers,Delhi,Cochin,DEL ? BOM ? COK,21:00,No info,7005,6,6,3,0,0,700.0,560
Jet Airways,Delhi,Cochin,DEL ? BDQ ? BOM ? COK,12:35 10 Jun,No info,14237,9,6,6,0,0,1105.0,1090
SpiceJet,Banglore,Delhi,BLR ? DEL,00:05 07 Apr,No info,3971,6,4,5,0,0,1270.0,175
IndiGo,Banglore,Delhi,BLR ? DEL,01:00 22 Jun,No info,3943,21,6,4,0,0,1330.0,170
IndiGo,Delhi,Cochin,DEL ? BOM ? COK,15:30,No info,8574,27,3,2,0,0,400.0,530
Air India,Delhi,Cochin,DEL ? BHO ? BOM ? COK,19:15,No info,12646,15,6,5,0,0,355.0,800
Jet Airways,Delhi,Cochin,DEL ? UDR ? BOM ? COK,18:50 22 Mar,No info,13082,21,3,3,0,0,780.0,1790
Jet Airways,Kolkata,Banglore,CCU ? BOM ? BLR,08:15 22 May,No info,13941,21,5,1,0,0,505.0,1430
GoAir,Delhi,Cochin,DEL ? BOM ? COK,12:55,No info,5135,6,4,5,0,0,420.0,355
Air India,Kolkata,Banglore,CCU ? DEL ? BLR,20:25,No info,11096,21,5,1,0,0,600.0,625
Jet Airways,Banglore,New Delhi,BLR ? BOM ? DEL,09:30 16 Mar,No info,13555,18,3,0,0,0,1370.0,640
Vistara,Banglore,Delhi,BLR ? DEL,12:35,No info,5403,12,4,4,0,0,585.0,170
Jet Airways,Delhi,Cochin,DEL ? JDH ? BOM ? COK,19:00,In-flight meal not included,15812,24,6,0,0,0,700.0,440
Jet Airways,Kolkata,Banglore,CCU ? BOM ? BLR,08:15 22 May,No info,14781,21,5,1,0,0,1200.0,735
Air India,Delhi,Cochin,DEL ? BLR ? COK,23:00,No info,8907,6,6,3,0,0,810.0,570
Air India,Kolkata,Banglore,CCU ? BLR,23:20,No info,4145,3,5,4,0,0,1245.0,155
Jet Airways,Kolkata,Banglore,CCU ? DEL ? BLR,09:45 10 Jun,No info,14151,9,6,6,0,0,1225.0,800
Multiple carriers,Delhi,Cochin,DEL ? BOM ? COK,15:30,No info,7845,27,3,2,0,0,360.0,570
Multiple carriers,Delhi,Cochin,DEL ? BOM ? COK,19:15,No info,8099,15,5,2,0,0,555.0,600
Multiple carriers,Delhi,Cochin,DEL ? BOM ? COK,01:30 28 May,No info,13377,27,5,0,0,0,900.0,630
Air India,Banglore,New Delhi,BLR ? HYD ? VGA ? DEL,11:20 13 Mar,No info,12734,12,3,1,0,0,410.0,1710
Jet Airways,Delhi,Cochin,DEL ? BOM ? COK,04:25 04 Jun,In-flight meal not included,10262,3,6,0,0,0,1370.0,335
Jet Airways,Banglore,Delhi,BLR ? DEL,22:00,No info,7229,15,5,2,0,0,1135.0,185
Vistara,Mumbai,Hyderabad,BOM ? DEL ? HYD,09:25 07 Mar,No info,12395,6,3,2,0,0,525.0,1480
Jet Airways,Kolkata,Banglore,CCU ? BOM ? BLR,09:15 25 Mar,In-flight meal not included,11134,24,3,6,0,0,1185.0,810
Jet Airways,Delhi,Cochin,DEL ? BOM ? COK,18:50,In-flight meal not included,6540,21,3,3,0,0,780.0,350
Multiple carriers,Delhi,Cochin,DEL ? BOM ? COK,19:15,No info,7354,6,6,3,0,0,400.0,755
Air India,Delhi,Cochin,DEL ? JAI ? BOM ? COK,07:40 25 Jun,No info,9548,24,6,0,0,0,720.0,1180
Vistara,Kolkata,Banglore,CCU ? DEL ? BLR,10:45 02 May,No info,9187,1,5,2,0,0,430.0,1655
IndiGo,Delhi,Cochin,DEL ? HYD ? COK,12:10,No info,5054,9,5,3,0,0,455.0,275
Air India,Kolkata,Banglore,CCU ? DEL ? BLR,20:25,No info,10413,9,6,6,0,0,600.0,625
IndiGo,Kolkata,Banglore,CCU ? BLR,00:05 28 May,No info,4804,27,5,0,0,0,1285.0,160
IndiGo,Mumbai,Hyderabad,BOM ? HYD,07:55,No info,4049,15,6,5,0,0,385.0,90
Multiple carriers,Delhi,Cochin,DEL ? BOM ? COK,01:30 28 Jun,No info,6795,27,6,3,0,0,1140.0,390
Air India,Kolkata,Banglore,CCU ? BLR,23:20,No info,4435,21,3,3,0,0,1245.0,155
Jet Airways,Kolkata,Banglore,CCU ? BOM ? BLR,04:40 13 Jun,In-flight meal not included,6224,12,6,2,0,0,990.0,730
IndiGo,Kolkata,Banglore,CCU ? BLR,22:55,No info,4804,12,6,2,0,0,1220.0,155
IndiGo,Delhi,Cochin,DEL ? HYD ? COK,16:10,No info,6171,15,4,0,0,0,305.0,665
IndiGo,Delhi,Cochin,DEL ? BOM ? COK,21:00,No info,6093,3,6,0,0,0,685.0,575
IndiGo,Kolkata,Banglore,CCU ? BLR,19:50,No info,4174,12,4,4,0,0,1035.0,155
IndiGo,Mumbai,Hyderabad,BOM ? HYD,04:05,No info,3342,6,5,0,0,0,155.0,90
Multiple carriers,Delhi,Cochin,DEL ? BOM ? COK,21:00,No info,13587,3,6,0,0,0,600.0,660
Jet Airways,Delhi,Cochin,DEL ? BOM ? COK,04:25 22 May,No info,16079,21,5,1,0,0,1310.0,395
IndiGo,Delhi,Cochin,DEL ? COK,08:50,No info,6015,18,4,3,0,0,335.0,195
Jet Airways,Kolkata,Banglore,CCU ? DEL ? BLR,19:10 25 May,No info,13067,24,5,4,0,0,1020.0,1570
Multiple carriers,Delhi,Cochin,DEL ? BOM ? COK,12:35,No info,9103,15,5,2,0,0,295.0,460
Jet Airways,Kolkata,Banglore,CCU ? DEL ? BLR,23:35 25 May,No info,14151,24,5,4,0,0,1225.0,1630
Jet Airways,Delhi,Cochin,DEL ? IXC ? BOM ? COK,18:50,No info,11538,27,3,2,0,0,380.0,750
IndiGo,Delhi,Cochin,DEL ? HYD ? MAA ? COK,21:20,No info,8146,9,3,5,0,0,515.0,765
Air India,Kolkata,Banglore,CCU ? HYD ? BLR,04:40 07 May,No info,6117,6,5,0,0,0,1140.0,580
Jet Airways,Delhi,Cochin,DEL ? BOM ? COK,04:25 04 Mar,No info,17024,3,3,6,0,0,135.0,1570
Jet Airways,Banglore,New Delhi,BLR ? BOM ? DEL,07:40 02 Mar,1 Long layover,22270,1,3,4,0,0,845.0,1055
Jet Airways,Kolkata,Banglore,CCU ? DEL ? BLR,21:05 10 Jun,No info,12692,9,6,6,0,0,1225.0,1480
Vistara,Kolkata,Banglore,CCU ? DEL ? BLR,20:20,No info,8610,12,6,2,0,0,430.0,790
Multiple carriers,Delhi,Cochin,DEL ? HYD ? COK,22:30,No info,6723,24,6,0,0,0,430.0,920
Vistara,Banglore,Delhi,BLR ? DEL,19:35,No info,4878,12,5,6,0,0,1020.0,155
Jet Airways,Banglore,New Delhi,BLR ? BOM ? DEL,07:40 07 Mar,No info,16736,6,3,2,0,0,1235.0,665
Jet Airways,Kolkata,Banglore,CCU ? BOM ? BLR,09:15 25 Mar,In-flight meal not included,11134,24,3,6,0,0,835.0,1160
IndiGo,Banglore,Delhi,BLR ? DEL,06:50,No info,3943,3,5,4,0,0,240.0,170
Multiple carriers,Delhi,Cochin,DEL ? BOM ? COK,21:00,No info,13587,12,6,2,0,0,540.0,720
Jet Airways,Delhi,Cochin,DEL ? IDR ? BOM ? COK,04:25 07 Mar,No info,16914,6,3,2,0,0,325.0,1380
SpiceJet,Mumbai,Hyderabad,BOM ? HYD,00:15 19 May,No check-in baggage included,1965,18,5,5,0,0,1365.0,90
Multiple carriers,Delhi,Cochin,DEL ? BOM ? COK,21:00,No info,8073,9,5,3,0,0,780.0,480
IndiGo,Banglore,Delhi,BLR ? DEL,15:50,No info,3943,3,6,0,0,0,780.0,170
IndiGo,Kolkata,Banglore,CCU ? HYD ? BLR,20:05,No info,5170,12,5,6,0,0,915.0,290
GoAir,Banglore,Delhi,BLR ? DEL,14:30,No info,3398,15,5,2,0,0,700.0,170
Air Asia,Kolkata,Banglore,CCU ? BLR,12:55,No info,4409,18,4,3,0,0,620.0,155
Jet Airways,Banglore,Delhi,BLR ? DEL,20:45,No info,8541,21,6,4,0,0,1065.0,180
IndiGo,Banglore,New Delhi,BLR ? DEL,06:50,No info,4777,21,3,3,0,0,240.0,170
SpiceJet,Kolkata,Banglore,CCU ? BLR,00:40 19 Mar,No info,3847,18,3,0,0,0,1340.0,140
Jet Airways,Kolkata,Banglore,CCU ? BOM ? BLR,12:00 02 Apr,In-flight meal not included,7064,1,4,0,0,0,1135.0,1025
Vistara,Banglore,Delhi,BLR ? DEL,23:50,No info,4668,27,5,0,0,0,1260.0,170
SpiceJet,Mumbai,Hyderabad,BOM ? HYD,00:10 19 Mar,No check-in baggage included,1965,18,3,0,0,0,1365.0,85
Jet Airways,Kolkata,Banglore,CCU ? BOM ? BLR,16:20,No info,14781,21,5,1,0,0,390.0,590
IndiGo,Mumbai,Hyderabad,BOM ? HYD,10:40,No info,4049,15,6,5,0,0,550.0,90
Jet Airways,Kolkata,Banglore,CCU ? BOM ? BLR,08:15 19 May,No info,13584,18,5,5,0,0,1135.0,800
Jet Airways,Delhi,Cochin,DEL ? BOM ? COK,12:35 19 May,In-flight meal not included,12373,18,5,5,0,0,1255.0,940
Jet Airways,Delhi,Cochin,DEL ? BOM ? COK,19:00 28 May,No info,16079,27,5,0,0,0,960.0,1620
Jet Airways,Banglore,Delhi,BLR ? DEL,11:20,No info,7229,24,5,4,0,0,500.0,180
Jet Airways,Banglore,New Delhi,BLR ? BOM ? DEL,21:20 07 Mar,No info,17471,6,3,2,0,0,1285.0,1435
Jet Airways,Kolkata,Banglore,CCU ? BOM ? BLR,16:20,No info,14781,12,5,6,0,0,390.0,590
Jet Airways,Kolkata,Banglore,CCU ? BOM ? BLR,19:50,No info,14571,9,6,6,0,0,390.0,800
Multiple carriers,Delhi,Cochin,DEL ? BOM ? COK,12:35,No info,10197,18,5,5,0,0,230.0,525
SpiceJet,Delhi,Cochin,DEL ? BLR ? COK,22:50,No info,5975,1,6,5,0,0,1075.0,295
Multiple carriers,Delhi,Cochin,DEL ? BOM ? COK,01:30 10 Apr,No info,8535,9,4,1,0,0,1065.0,465
Multiple carriers,Delhi,Cochin,DEL ? BOM ? COK,21:00,No info,12537,27,3,2,0,0,595.0,665
Air India,Kolkata,Banglore,CCU ? BLR,23:20,No info,4145,24,5,4,0,0,1245.0,155
IndiGo,Mumbai,Hyderabad,BOM ? HYD,10:40,No info,4049,15,3,4,0,0,550.0,90
Air Asia,Kolkata,Banglore,CCU ? DEL ? BLR,10:40 10 May,No info,5192,9,5,3,0,0,1360.0,720
Air India,Banglore,Delhi,BLR ? DEL,23:55,No info,6121,9,5,3,0,0,1265.0,170
Air India,Delhi,Cochin,DEL ? BOM ? COK,19:15,No info,8669,24,6,0,0,0,230.0,925
Multiple carriers,Delhi,Cochin,DEL ? BOM ? COK,19:15,No info,8476,18,5,5,0,0,360.0,795
SpiceJet,Mumbai,Hyderabad,BOM ? HYD,07:15,No check-in baggage included,2647,21,6,4,0,0,345.0,90
Jet Airways,Delhi,Cochin,DEL ? BOM ? COK,19:00 07 Jun,No info,14714,6,6,3,0,0,1255.0,1325
Air India,Delhi,Cochin,DEL ? BLR ? COK,08:15 07 Mar,No info,10566,6,3,2,0,0,1230.0,705
Jet Airways,Delhi,Cochin,DEL ? BOM ? COK,19:00,In-flight meal not included,10262,15,6,5,0,0,690.0,450
Multiple carriers,Delhi,Cochin,DEL ? BOM ? COK,01:35 22 Mar,No info,8098,21,3,3,0,0,600.0,935
Multiple carriers,Delhi,Cochin,DEL ? BOM ? COK,21:00,No info,6883,27,3,2,0,0,600.0,660
Multiple carriers,Delhi,Cochin,DEL ? BOM ? COK,19:15,No info,16108,15,6,5,0,0,600.0,555
SpiceJet,Kolkata,Banglore,CCU ? BLR,19:45,No check-in baggage included,4413,18,3,0,0,0,1035.0,150
Jet Airways,Delhi,Cochin,DEL ? NAG ? BOM ? COK,12:35 02 Jun,In-flight meal not included,10919,1,6,5,0,0,875.0,1320
IndiGo,Kolkata,Banglore,CCU ? BLR,00:05 10 May,No info,4804,9,5,3,0,0,1285.0,160
Jet Airways,Kolkata,Banglore,CCU ? DEL ? BLR,10:55 07 Jun,In-flight meal not included,10539,6,6,3,0,0,1225.0,870
IndiGo,Banglore,New Delhi,BLR ? DEL,01:10 13 Mar,No info,4377,9,3,5,0,0,1340.0,170
Air India,Banglore,Delhi,BLR ? DEL,08:55,No info,6961,6,6,3,0,0,370.0,165
Multiple carriers,Delhi,Cochin,DEL ? BOM ? COK,21:00,No info,7408,27,5,0,0,0,780.0,480
IndiGo,Banglore,Delhi,BLR ? DEL,21:50,No info,4823,9,5,3,0,0,1135.0,175
IndiGo,Kolkata,Banglore,CCU ? BLR,16:55,No info,5198,21,3,3,0,0,860.0,155
Jet Airways,Delhi,Cochin,DEL ? BOM ? COK,19:00 02 Jun,In-flight meal not included,10262,1,6,5,0,0,1050.0,1530
Vistara,Banglore,Delhi,BLR ? DEL,19:35,No info,5613,27,4,5,0,0,1020.0,155
Jet Airways,Delhi,Cochin,DEL ? BOM ? COK,04:25 13 Jun,In-flight meal not included,10262,12,6,2,0,0,1255.0,450
IndiGo,Mumbai,Hyderabad,BOM ? HYD,10:40,No info,5755,3,5,4,0,0,550.0,90
Vistara,Chennai,Kolkata,MAA ? CCU,09:20,No info,3687,21,5,1,0,0,425.0,135
Jet Airways,Mumbai,Hyderabad,BOM ? HYD,21:05,No info,5678,3,6,0,0,0,1175.0,90
Multiple carriers,Delhi,Cochin,DEL ? BOM ? COK,01:35 22 Mar,No info,13542,21,3,3,0,0,1095.0,440
Jet Airways,Delhi,Cochin,DEL ? BOM ? COK,18:50 22 Mar,No info,12347,21,3,3,0,0,1155.0,1415
Jet Airways,Kolkata,Banglore,CCU ? DEL ? BLR,19:10,In-flight meal not included,12384,21,5,1,0,0,575.0,575
Jet Airways,Delhi,Cochin,DEL ? JAI ? BOM ? COK,04:25 10 Apr,No info,10909,9,4,1,0,0,330.0,1375
IndiGo,Banglore,Delhi,BLR ? DEL,19:55,No info,4823,3,6,0,0,0,1015.0,180
IndiGo,Delhi,Cochin,DEL ? BOM ? COK,21:00,No info,6069,12,6,2,0,0,960.0,300
Jet Airways,Delhi,Cochin,DEL ? BOM ? COK,19:00 22 May,In-flight meal not included,12898,21,5,1,0,0,960.0,1620
IndiGo,Kolkata,Banglore,CCU ? BLR,07:15,No info,4804,15,6,5,0,0,280.0,155
Jet Airways,Kolkata,Banglore,CCU ? BOM ? BLR,04:45 25 Mar,In-flight meal not included,10031,24,3,6,0,0,505.0,1220
IndiGo,Delhi,Cochin,DEL ? HYD ? COK,22:30,No info,6442,9,6,6,0,0,455.0,895
Air India,Delhi,Cochin,DEL ? JAI ? BOM ? COK,07:40 22 May,No info,9653,21,5,1,0,0,720.0,1180
Vistara,Kolkata,Banglore,CCU ? DEL ? BLR,20:20 10 Jun,No info,8610,9,6,6,0,0,1020.0,1640
Jet Airways,Delhi,Cochin,DEL ? BOM ? COK,19:00,No info,14714,12,6,2,0,0,840.0,300
Air India,Banglore,New Delhi,BLR ? AMD ? DEL,23:55,1 Long layover,12599,1,3,4,0,0,30.0,1405
Multiple carriers,Delhi,Cochin,DEL ? BOM ? COK,19:00,No info,9103,9,5,3,0,0,295.0,845
Jet Airways,Delhi,Cochin,DEL ? BOM ? COK,04:25 22 May,In-flight meal not included,12898,21,5,1,0,0,1370.0,335
SpiceJet,Mumbai,Hyderabad,BOM ? HYD,07:15,No check-in baggage included,2647,6,6,3,0,0,345.0,90
Jet Airways,Mumbai,Hyderabad,BOM ? HYD,08:35,No info,5678,3,3,6,0,0,430.0,85
Jet Airways,Delhi,Cochin,DEL ? BOM ? COK,12:35 19 May,In-flight meal not included,12373,18,5,5,0,0,1155.0,1040
SpiceJet,Kolkata,Banglore,CCU ? BLR,19:45,No info,3847,27,3,2,0,0,1035.0,150
Jet Airways,Kolkata,Banglore,CCU ? DEL ? BLR,18:00 22 May,No info,14151,21,5,1,0,0,1020.0,1500
Jet Airways,Delhi,Cochin,DEL ? BOM ? COK,04:25 07 Mar,In-flight meal not included,13843,6,3,2,0,0,480.0,1225
Jet Airways,Banglore,Delhi,BLR ? DEL,18:10,No info,7229,18,5,5,0,0,915.0,175
Jet Airways,Mumbai,Hyderabad,BOM ? HYD,04:20,In-flight meal not included,4995,18,6,1,0,0,175.0,85
Jet Airways,Delhi,Cochin,DEL ? BOM ? COK,04:25 07 Jun,In-flight meal not included,10262,6,6,3,0,0,1255.0,450
Jet Airways,Delhi,Cochin,DEL ? JAI ? BOM ? COK,04:25 10 May,In-flight meal not included,13029,9,5,3,0,0,330.0,1375
Jet Airways,Delhi,Cochin,DEL ? BOM ? COK,04:25 10 Mar,In-flight meal not included,14053,9,3,5,0,0,1155.0,550
Jet Airways,Banglore,New Delhi,BLR ? BOM ? DEL,07:40 02 Mar,1 Long layover,26890,1,3,4,0,0,1015.0,885
SpiceJet,Kolkata,Banglore,CCU ? BLR,19:40,No check-in baggage included,3841,1,4,0,0,0,1030.0,150
Air India,Banglore,New Delhi,BLR ? VGA ? DEL,22:55,No info,11003,1,3,4,0,0,630.0,745
Vistara,Banglore,Delhi,BLR ? DEL,14:20,No info,5403,9,4,1,0,0,690.0,170
Multiple carriers,Delhi,Cochin,DEL ? BOM ? COK,18:50,No info,15342,3,3,6,0,0,480.0,650
Air India,Kolkata,Banglore,CCU ? DEL ? COK ? BLR,13:45 13 Jun,No info,12224,12,6,2,0,0,1230.0,1035
IndiGo,Chennai,Kolkata,MAA ? CCU,21:55,No info,6297,15,3,4,0,0,1175.0,140
SpiceJet,Kolkata,Banglore,CCU ? IXB ? BLR,21:25,No info,8844,1,5,2,0,0,955.0,330
Multiple carriers,Delhi,Cochin,DEL ? BOM ? COK,01:30 02 Jun,No info,13377,1,6,5,0,0,840.0,690
GoAir,Banglore,New Delhi,BLR ? DEL,23:50,No info,5706,9,3,5,0,0,1255.0,175
Air India,Delhi,Cochin,DEL ? BOM ? COK,07:40 13 Jun,No info,8372,12,6,2,0,0,1260.0,640
IndiGo,Delhi,Cochin,DEL ? BOM ? COK,21:00,No info,6526,27,5,0,0,0,400.0,860
IndiGo,Banglore,Delhi,BLR ? DEL,19:45,No info,4823,1,6,5,0,0,1015.0,170
IndiGo,Mumbai,Hyderabad,BOM ? HYD,18:25,No info,3175,24,6,0,0,0,1015.0,90
Multiple carriers,Delhi,Cochin,DEL ? BOM ? COK,19:00,No info,10407,6,5,0,0,0,540.0,600
IndiGo,Banglore,Delhi,BLR ? DEL,06:50,No info,4423,18,4,3,0,0,240.0,170
Vistara,Kolkata,Banglore,CCU ? DEL ? BLR,20:20 10 May,No info,9555,9,5,3,0,0,1020.0,1640
Jet Airways,Kolkata,Banglore,CCU ? BOM ? BLR,16:20 02 Apr,No info,12681,1,4,0,0,0,990.0,1430
Jet Airways,Kolkata,Banglore,CCU ? BOM ? BLR,04:40 07 Jun,No info,13059,6,6,3,0,0,845.0,875
Jet Airways,Kolkata,Banglore,CCU ? BOM ? BLR,10:05 10 May,In-flight meal not included,8586,9,5,3,0,0,990.0,1055
GoAir,Banglore,Delhi,BLR ? DEL,23:40,No info,3419,6,4,5,0,0,1255.0,165
SpiceJet,Kolkata,Banglore,CCU ? BLR,19:40,No info,3873,3,6,0,0,0,1030.0,150
Air India,Kolkata,Banglore,CCU ? DEL ? BLR,20:25,No info,10203,6,6,3,0,0,600.0,625
Jet Airways,Delhi,Cochin,DEL ? JAI ? BOM ? COK,04:25 28 May,In-flight meal not included,13029,27,5,0,0,0,1170.0,535
Jet Airways,Kolkata,Banglore,CCU ? BOM ? BLR,22:35,In-flight meal not included,10844,15,5,2,0,0,990.0,365
Jet Airways,Kolkata,Banglore,CCU ? BOM ? BLR,08:10 25 Mar,In-flight meal not included,11134,24,3,6,0,0,1135.0,795
Vistara,Kolkata,Banglore,CCU ? DEL ? BLR,18:50 13 Jun,No info,8610,12,6,2,0,0,1220.0,1350
IndiGo,Kolkata,Banglore,CCU ? BLR,22:55,No info,4174,15,4,0,0,0,1220.0,155
Jet Airways,Banglore,New Delhi,BLR ? BOM ? DEL,09:30 13 Mar,In-flight meal not included,11087,9,3,5,0,0,480.0,1530
SpiceJet,Banglore,Delhi,BLR ? DEL,00:05 19 Jun,No info,3971,18,6,1,0,0,1270.0,175
Jet Airways,Delhi,Cochin,DEL ? BOM ? COK,19:00,No info,17531,9,4,1,0,0,425.0,715
SpiceJet,Banglore,Delhi,BLR ? DEL,08:35,No check-in baggage included,3573,6,6,3,0,0,355.0,160
Air India,Kolkata,Banglore,CCU ? BOM ? BLR,07:55 02 May,No info,8366,1,5,2,0,0,565.0,1350
Air India,Kolkata,Banglore,CCU ? BLR,16:45,No info,13885,3,3,6,0,0,855.0,150
Multiple carriers,Delhi,Cochin,DEL ? IXU ? BOM ? COK,01:30 10 Jun,No info,18485,9,6,6,0,0,1070.0,460
Air Asia,Kolkata,Banglore,CCU ? BLR,22:25,No info,4409,27,4,5,0,0,1195.0,150
Vistara,Kolkata,Banglore,CCU ? DEL ? BLR,23:25 02 May,No info,8085,1,5,2,0,0,1220.0,1625
Multiple carriers,Delhi,Cochin,DEL ? BOM ? COK,01:30 07 Jun,No info,13377,6,6,3,0,0,1050.0,480
Air India,Delhi,Cochin,DEL ? UDR ? BOM ? COK,07:40 22 May,No info,13538,21,5,1,0,0,800.0,1100
Multiple carriers,Delhi,Cochin,DEL ? BOM ? COK,01:35 07 Mar,No info,15147,6,3,2,0,0,1140.0,395
Jet Airways,Banglore,Delhi,BLR ? DEL,14:05,In-flight meal not included,4030,27,5,0,0,0,670.0,175
Multiple carriers,Delhi,Cochin,DEL ? BOM ? COK,19:15,No info,14848,6,6,3,0,0,480.0,675
Jet Airways,Banglore,New Delhi,BLR ? BOM ? DEL,08:15 16 Mar,No info,13555,18,3,0,0,0,1370.0,565
Air India,Delhi,Cochin,DEL ? HYD ? MAA ? COK,09:25 19 May,No info,10975,18,5,5,0,0,425.0,1580
Jet Airways,Delhi,Cochin,DEL ? JAI ? BOM ? COK,12:35 22 May,In-flight meal not included,13029,21,5,1,0,0,580.0,1615
Jet Airways,Kolkata,Banglore,CCU ? BOM ? BLR,09:20 13 May,In-flight meal not included,9663,12,5,6,0,0,505.0,1495
Jet Airways,Mumbai,Hyderabad,BOM ? HYD,11:50,In-flight meal not included,4050,1,6,5,0,0,620.0,90
Jet Airways,Delhi,Cochin,DEL ? BOM ? COK,04:25 04 Jun,No info,14714,3,6,0,0,0,1050.0,655
Air India,Banglore,New Delhi,BLR ? VGA ? HYD ? DEL,21:25,No info,11213,1,3,4,0,0,630.0,655
Jet Airways,Banglore,Delhi,BLR ? DEL,08:45,In-flight meal not included,4544,9,4,1,0,0,360.0,165
SpiceJet,Kolkata,Banglore,CCU ? BLR,11:25,No info,3873,15,6,5,0,0,540.0,145
Multiple carriers,Delhi,Cochin,DEL ? BOM ? COK,21:00,No info,12537,9,4,1,0,0,780.0,480
Jet Airways,Kolkata,Banglore,CCU ? DEL ? BLR,19:10,No info,13067,6,5,0,0,0,575.0,575
Jet Airways,Delhi,Cochin,DEL ? AMD ? BOM ? COK,04:25 11 May,No info,16704,9,5,3,0,0,1385.0,1760
Air India,Banglore,New Delhi,BLR ? BOM ? DEL,12:15,No info,8714,15,3,4,0,0,405.0,330
Jet Airways,Delhi,Cochin,DEL ? NAG ? BOM ? COK,12:35 04 Jun,No info,13376,3,6,0,0,0,875.0,1320
SpiceJet,Chennai,Kolkata,MAA ? CCU,10:35,No info,3597,27,6,3,0,0,500.0,135
Multiple carriers,Delhi,Cochin,DEL ? BOM ? COK,01:30 19 May,No info,7670,18,5,5,0,0,770.0,760
Air India,Kolkata,Banglore,CCU ? GAU ? DEL ? BLR,23:15 25 Mar,No info,14410,24,3,6,0,0,590.0,2245
Air India,Delhi,Cochin,DEL ? MAA ? COK,09:25 16 May,No info,7480,15,5,2,0,0,585.0,1420
Jet Airways,Kolkata,Banglore,CCU ? BOM ? BLR,18:15 10 May,No info,13584,9,5,3,0,0,1200.0,1335
Jet Airways,Banglore,New Delhi,BLR ? BOM ? DEL,10:25 02 Mar,1 Long layover,25735,1,3,4,0,0,1015.0,1050
Jet Airways,Banglore,Delhi,BLR ? DEL,20:45,In-flight meal not included,4544,1,4,0,0,0,1065.0,180
Multiple carriers,Delhi,Cochin,DEL ? BOM ? COK,19:15,No info,8099,21,5,1,0,0,555.0,600
Jet Airways,Kolkata,Banglore,CCU ? BOM ? BLR,04:40 16 May,In-flight meal not included,10844,15,5,2,0,0,990.0,730
Jet Airways,Delhi,Cochin,DEL ? BOM ? COK,04:25 22 Mar,No info,12557,21,3,3,0,0,1155.0,550
Jet Airways,Delhi,Cochin,DEL ? COK,14:15,No info,9564,9,5,3,0,0,660.0,195
Jet Airways,Banglore,New Delhi,BLR ? BOM ? DEL,09:30 13 Mar,No info,13817,12,3,1,0,0,1285.0,725
Jet Airways,Kolkata,Banglore,CCU ? DEL ? BLR,19:10,In-flight meal not included,12384,18,5,5,0,0,575.0,575
Multiple carriers,Delhi,Cochin,DEL ? BOM ? COK,19:15,No info,7575,21,5,1,0,0,295.0,860
Air India,Kolkata,Banglore,CCU ? GAU ? DEL ? BLR,12:00 07 May,No info,14120,6,5,0,0,0,1005.0,1155
Multiple carriers,Delhi,Cochin,DEL ? HYD ? COK,22:20,No info,6916,9,3,5,0,0,425.0,915
Multiple carriers,Delhi,Cochin,DEL ? HYD ? COK,22:30,No info,7878,27,5,0,0,0,430.0,920
Jet Airways,Banglore,New Delhi,BLR ? BOM ? DEL,20:20 16 Mar,In-flight meal not included,11087,18,3,0,0,0,1370.0,1290
IndiGo,Kolkata,Banglore,CCU ? BLR,16:55,No info,4804,27,4,5,0,0,865.0,150
SpiceJet,Chennai,Kolkata,MAA ? CCU,12:00,No info,3597,15,6,5,0,0,585.0,135
Air India,Kolkata,Banglore,CCU ? IXR ? DEL ? BLR,16:15 16 May,No info,12723,15,5,2,0,0,350.0,2065
IndiGo,Mumbai,Hyderabad,BOM ? HYD,21:40,No info,2227,15,5,2,0,0,1205.0,95
Air India,Delhi,Cochin,DEL ? BOM ? COK,19:15,No info,9929,24,5,4,0,0,420.0,735
Jet Airways,Kolkata,Banglore,CCU ? BOM ? BLR,09:20 10 Jun,In-flight meal not included,11841,9,6,6,0,0,1270.0,730
Jet Airways,Delhi,Cochin,DEL ? BOM ? COK,04:25 10 May,In-flight meal not included,12373,9,5,3,0,0,690.0,1015
Jet Airways,Delhi,Cochin,DEL ? BOM ? COK,19:00 22 May,In-flight meal not included,12898,21,5,1,0,0,1255.0,1325
Air India,Delhi,Cochin,DEL ? BHO ? BOM ? COK,07:40 04 Mar,No info,15113,3,3,6,0,0,355.0,1545
Multiple carriers,Delhi,Cochin,DEL ? BOM ? COK,19:00,No info,10529,18,5,5,0,0,700.0,440
Air India,Delhi,Cochin,DEL ? HYD ? BOM ? COK,07:40 28 Mar,No info,8875,27,3,2,0,0,785.0,1115
Jet Airways,Kolkata,Banglore,CCU ? BOM ? BLR,20:45,In-flight meal not included,10844,15,5,2,0,0,505.0,740
Air India,Banglore,New Delhi,BLR ? DEL,08:55,No info,15676,1,3,4,0,0,370.0,165
Jet Airways,Kolkata,Banglore,CCU ? BOM ? BLR,23:35,In-flight meal not included,7064,1,4,0,0,0,505.0,910
Jet Airways,Kolkata,Banglore,CCU ? BOM ? BLR,19:50,In-flight meal not included,10844,9,6,6,0,0,505.0,685
Jet Airways,Mumbai,Hyderabad,BOM ? DEL ? HYD,16:50 07 Mar,No info,19595,6,3,2,0,0,840.0,1610
Jet Airways,Kolkata,Banglore,CCU ? BOM ? BLR,08:15 02 May,No info,13941,1,5,2,0,0,845.0,1090
IndiGo,Delhi,Cochin,DEL ? HYD ? COK,16:10,No info,6790,21,3,3,0,0,515.0,455
SpiceJet,Kolkata,Banglore,CCU ? BLR,11:25,No check-in baggage included,3841,27,4,5,0,0,540.0,145
Jet Airways,Banglore,New Delhi,BLR ? BOM ? DEL,09:00 16 Mar,In-flight meal not included,11087,18,3,0,0,0,700.0,1280
Air India,Delhi,Cochin,DEL ? AMD ? BOM ? COK,19:15 16 May,No info,11491,15,5,2,0,0,1185.0,1410
IndiGo,Banglore,Delhi,BLR ? DEL,08:20,No info,3943,9,4,1,0,0,330.0,170
Jet Airways,Banglore,New Delhi,BLR ? BOM ? DEL,07:40 02 Mar,No info,22270,1,3,4,0,0,700.0,1200
Vistara,Banglore,Delhi,BLR ? DEL,19:35,No info,4878,9,6,6,0,0,1020.0,155
Jet Airways,Delhi,Cochin,DEL ? BOM ? COK,04:25 10 Jun,No info,14714,9,6,6,0,0,1370.0,335
Multiple carriers,Delhi,Cochin,DEL ? BOM ? COK,19:00,No info,10877,24,6,0,0,0,400.0,740
Air India,Delhi,Cochin,DEL ? AMD ? BOM ? COK,19:15 16 Jun,No info,9653,15,6,5,0,0,1185.0,1410
Jet Airways,Kolkata,Banglore,CCU ? BOM ? BLR,12:00 25 May,No info,14571,24,5,4,0,0,1200.0,960
Jet Airways,Kolkata,Banglore,CCU ? BOM ? BLR,20:45 02 Apr,In-flight meal not included,7064,1,4,0,0,0,1135.0,1550
IndiGo,Kolkata,Banglore,CCU ? BLR,17:55,No info,5618,6,3,2,0,0,920.0,155
Multiple carriers,Delhi,Cochin,DEL ? BOM ? COK,01:30 16 May,No info,13727,15,5,2,0,0,840.0,690
Vistara,Delhi,Cochin,DEL ? COK,17:50,No info,4851,1,4,0,0,0,880.0,190
Air India,Kolkata,Banglore,CCU ? BBI ? BOM ? BLR,21:50,No info,15187,24,3,6,0,0,550.0,760
GoAir,Banglore,Delhi,BLR ? DEL,10:40,No info,3419,15,5,2,0,0,465.0,175
IndiGo,Banglore,Delhi,BLR ? DEL,08:50,No info,3943,1,4,0,0,0,365.0,165
Jet Airways,Delhi,Cochin,DEL ? JAI ? BOM ? COK,12:35 19 May,No info,15129,18,5,5,0,0,580.0,1615
IndiGo,Banglore,Delhi,BLR ? DEL,03:15,No info,3419,21,6,4,0,0,25.0,170
Air India,Delhi,Cochin,DEL ? BHO ? BOM ? COK,19:15 22 May,No info,10861,21,5,1,0,0,1200.0,1395
IndiGo,Delhi,Cochin,DEL ? BLR ? COK,10:05,No info,7074,21,4,6,0,0,310.0,295
Air India,Kolkata,Banglore,CCU ? BOM ? COK ? BLR,15:05 07 May,No info,11542,6,5,0,0,0,565.0,1780
IndiGo,Delhi,Cochin,DEL ? HYD ? COK,12:10,No info,6968,21,4,6,0,0,410.0,320
Jet Airways,Banglore,Delhi,BLR ? DEL,20:45,In-flight meal not included,5769,12,6,2,0,0,1065.0,180
Vistara,Kolkata,Banglore,CCU ? DEL ? BLR,22:40 13 Jun,No info,7927,12,6,2,0,0,1220.0,1580
Jet Airways,Kolkata,Banglore,CCU ? BOM ? BLR,08:15 13 Jun,No info,13044,12,6,2,0,0,1135.0,800
Jet Airways,Delhi,Cochin,DEL ? AMD ? BOM ? COK,12:35 22 May,No info,15129,21,5,1,0,0,1385.0,810
SpiceJet,Kolkata,Banglore,CCU ? BLR,11:25,No check-in baggage included,3841,1,5,2,0,0,540.0,145
IndiGo,Kolkata,Banglore,CCU ? BLR,22:55,No info,4804,24,6,0,0,0,1220.0,155
SpiceJet,Banglore,Delhi,BLR ? DEL,08:35,No check-in baggage included,4319,12,4,4,0,0,355.0,160
Jet Airways,Delhi,Cochin,DEL ? BOM ? COK,19:00 28 May,No info,16079,27,5,0,0,0,1310.0,1270
Jet Airways,Banglore,New Delhi,BLR ? BOM ? DEL,05:05 16 Mar,No info,54826,18,3,0,0,0,1370.0,375
IndiGo,Delhi,Cochin,DEL ? BOM ? COK,01:35 10 Mar,No info,12351,9,3,5,0,0,1050.0,485
Jet Airways,Kolkata,Banglore,CCU ? DEL ? BLR,19:10 07 May,No info,13067,6,5,0,0,0,1020.0,1570
Jet Airways,Banglore,New Delhi,BLR ? BOM ? DEL,07:40 13 Mar,No info,13817,12,3,1,0,0,1135.0,765
SpiceJet,Banglore,Delhi,BLR ? DEL,00:05 22 May,No info,3625,21,5,1,0,0,1270.0,175
Air India,Mumbai,Hyderabad,BOM ? JDH ? JAI ? DEL ? HYD,15:15 13 Mar,No info,18293,12,3,1,0,0,580.0,1775
Vistara,Banglore,Delhi,BLR ? DEL,22:15,No info,5613,1,4,0,0,0,1170.0,165
Air India,Delhi,Cochin,DEL ? BLR ? COK,08:15 07 Mar,No info,11038,6,3,2,0,0,370.0,1565
IndiGo,Banglore,Delhi,BLR ? DEL,08:50,No info,4077,3,4,2,0,0,365.0,165
Multiple carriers,Delhi,Cochin,DEL ? BOM ? COK,21:00,No info,6883,27,3,2,0,0,480.0,780
Air India,Banglore,New Delhi,BLR ? DEL,19:45,No info,19508,3,3,6,0,0,1020.0,165
Air India,Banglore,New Delhi,BLR ? BOM ? DEL,23:15,No info,8714,15,3,4,0,0,530.0,865
IndiGo,Kolkata,Banglore,CCU ? BLR,07:15,No info,4804,1,5,2,0,0,280.0,155
Multiple carriers,Delhi,Cochin,DEL ? BOM ? COK,15:30,No info,15078,3,3,6,0,0,480.0,450
SpiceJet,Kolkata,Banglore,CCU ? BLR,19:40,No check-in baggage included,4807,21,4,6,0,0,1030.0,150
Multiple carriers,Delhi,Cochin,DEL ? GWL ? IDR ? BOM ? COK,21:00,No info,21829,6,3,2,0,0,695.0,565
Vistara,Banglore,New Delhi,BLR ? DEL,14:10,No info,5403,24,3,6,0,0,690.0,160
Jet Airways,Banglore,New Delhi,BLR ? BOM ? DEL,16:10,No info,26890,1,3,4,0,0,420.0,550
GoAir,Kolkata,Banglore,CCU ? BOM ? BLR,07:45 19 May,No info,7335,18,5,5,0,0,1410.0,495
Jet Airways,Delhi,Cochin,DEL ? MAA ? BOM ? COK,04:25 28 Mar,In-flight meal not included,9412,27,3,2,0,0,1055.0,650
Jet Airways,Kolkata,Banglore,CCU ? BOM ? BLR,19:50,In-flight meal not included,10844,21,5,1,0,0,505.0,685
IndiGo,Banglore,Delhi,BLR ? DEL,21:50,No info,4990,6,6,3,0,0,1135.0,175
Jet Airways,Delhi,Cochin,DEL ? AMD ? BOM ? COK,04:25 29 May,No info,16704,27,5,0,0,0,1385.0,1760
Air India,Delhi,Cochin,DEL ? NAG ? BOM ? COK,19:15 10 Apr,No info,7711,9,4,1,0,0,355.0,2240
Jet Airways,Delhi,Cochin,DEL ? BOM ? COK,04:25 04 Jun,In-flight meal not included,10262,3,6,0,0,0,1050.0,655
Multiple carriers,Delhi,Cochin,DEL ? BOM ? COK,21:00,In-flight meal not included,6007,24,6,0,0,0,770.0,490
Air India,Kolkata,Banglore,CCU ? BOM ? AMD ? BLR,05:25 02 Apr,No info,12219,1,4,0,0,0,565.0,1200
GoAir,Banglore,Delhi,BLR ? DEL,23:40,No info,3898,1,5,2,0,0,1255.0,165
Jet Airways,Kolkata,Banglore,CCU ? DEL ? BLR,22:05 07 May,No info,11467,6,5,0,0,0,1020.0,1745
Air India,Kolkata,Banglore,CCU ? JAI ? DEL ? BLR,20:25,No info,12534,18,5,5,0,0,500.0,725
Jet Airways,Kolkata,Banglore,CCU ? BOM ? BLR,18:15,In-flight meal not included,10844,6,6,3,0,0,505.0,590
SpiceJet,Banglore,New Delhi,BLR ? DEL,08:35,No info,4377,24,3,6,0,0,345.0,170
Vistara,Chennai,Kolkata,MAA ? CCU,20:05,No info,11982,9,6,6,0,0,1065.0,140
SpiceJet,Banglore,Delhi,BLR ? DEL,12:20,No info,4423,9,6,6,0,0,570.0,170
Jet Airways,Delhi,Cochin,DEL ? BOM ? COK,04:25 04 Mar,No info,17234,3,3,6,0,0,1155.0,550
Vistara,Kolkata,Banglore,CCU ? DEL ? BLR,22:55,No info,8295,1,4,0,0,0,430.0,945
Jet Airways,Delhi,Cochin,DEL ? JAI ? BOM ? COK,19:45 07 Mar,In-flight meal not included,15864,6,3,2,0,0,330.0,2295
GoAir,Banglore,Delhi,BLR ? DEL,14:30,No info,3398,27,5,0,0,0,700.0,170
Multiple carriers,Delhi,Cochin,DEL ? BOM ? COK,01:30 10 Jun,No info,7198,9,6,6,0,0,780.0,750
Jet Airways,Banglore,Delhi,BLR ? DEL,08:45,No info,7229,6,4,5,0,0,360.0,165
Jet Airways,Delhi,Cochin,DEL ? JAI ? BOM ? COK,04:25 13 Jun,No info,13014,12,6,2,0,0,330.0,1375
Air India,Kolkata,Banglore,CCU ? MAA ? BLR,14:35 10 May,No info,6528,9,5,3,0,0,875.0,1440
Jet Airways,Delhi,Cochin,DEL ? IDR ? BOM ? COK,12:35 13 Jun,No info,13292,12,6,2,0,0,575.0,1620
Jet Airways,Delhi,Cochin,DEL ? AMD ? BOM ? COK,19:00 22 May,No info,15129,21,5,1,0,0,1150.0,1430
Air India,Delhi,Cochin,DEL ? BHO ? BOM ? COK,19:15 16 Jun,No info,11071,15,6,5,0,0,1200.0,1395
SpiceJet,Kolkata,Banglore,CCU ? BLR,09:30,No info,4174,21,4,6,0,0,415.0,155
Multiple carriers,Delhi,Cochin,DEL ? BOM ? COK,18:50,No info,11299,27,3,2,0,0,240.0,890
Jet Airways,Delhi,Cochin,DEL ? BOM ? COK,12:35 19 May,In-flight meal not included,12373,18,5,5,0,0,1185.0,1010
Air India,Banglore,New Delhi,BLR ? CCU ? DEL,09:15 02 Mar,No info,13439,1,3,4,0,0,350.0,1645
IndiGo,Kolkata,Banglore,CCU ? BLR,22:55,No info,4804,1,5,2,0,0,1220.0,155
Air India,Kolkata,Banglore,CCU ? BOM ? GOI ? BLR,05:35 13 May,No info,11642,12,5,6,0,0,565.0,1210
IndiGo,Banglore,Delhi,BLR ? DEL,03:15,No info,3419,18,6,1,0,0,25.0,170
IndiGo,Kolkata,Banglore,CCU ? RPR ? HYD ? BLR,12:10,No info,6103,21,5,1,0,0,395.0,335
Air India,Kolkata,Banglore,CCU ? DEL ? COK ? BLR,01:20 10 May,No info,13033,9,5,3,0,0,420.0,1100
Jet Airways,Banglore,New Delhi,BLR ? BOM ? JDH ? DEL,15:55,In-flight meal not included,11245,18,3,0,0,0,535.0,420
Jet Airways,Kolkata,Banglore,CCU ? BOM ? BLR,12:00,In-flight meal not included,10056,1,4,0,0,0,390.0,330
Jet Airways,Kolkata,Banglore,CCU ? DEL ? BLR,14:25 07 Jun,In-flight meal not included,10539,6,6,3,0,0,1225.0,1080
IndiGo,Chennai,Kolkata,MAA ? CCU,00:25 19 Mar,No info,5277,18,3,0,0,0,1325.0,140
Air India,Kolkata,Banglore,CCU ? DEL ? BLR,23:15,No info,11936,21,5,1,0,0,600.0,795
Jet Airways,Delhi,Cochin,DEL ? JAI ? BOM ? COK,04:25 10 Jun,No info,13014,9,6,6,0,0,330.0,1375
Vistara,Kolkata,Banglore,CCU ? DEL ? BLR,20:20 07 Jun,No info,8820,6,6,3,0,0,1020.0,1640
Jet Airways,Delhi,Cochin,DEL ? BOM ? COK,12:35 10 May,In-flight meal not included,12373,9,5,3,0,0,900.0,1295
Jet Airways,Delhi,Cochin,DEL ? BOM ? COK,12:35 02 Jun,In-flight meal not included,10262,1,6,5,0,0,540.0,1655
Jet Airways,Mumbai,Hyderabad,BOM ? HYD,08:30,In-flight meal not included,4995,3,6,0,0,0,425.0,85
Jet Airways,Delhi,Cochin,DEL ? BOM ? COK,19:45 28 Mar,In-flight meal not included,7438,27,3,2,0,0,1310.0,1315
IndiGo,Kolkata,Banglore,CCU ? BLR,08:20,No info,4148,21,3,3,0,0,330.0,170
IndiGo,Chennai,Kolkata,MAA ? CCU,17:05,No info,3597,27,5,0,0,0,885.0,140
Air Asia,Kolkata,Banglore,CCU ? DEL ? BLR,23:30,No info,5192,1,5,2,0,0,455.0,955
Jet Airways,Banglore,New Delhi,BLR ? BOM ? DEL,20:20,No info,16736,6,3,2,0,0,480.0,740
Multiple carriers,Delhi,Cochin,DEL ? BOM ? COK,21:00,No info,7933,1,6,5,0,0,780.0,480
Air India,Delhi,Cochin,DEL ? BOM ? COK,19:15,No info,8879,18,5,5,0,0,480.0,675
IndiGo,Delhi,Cochin,DEL ? COK,17:40,No info,5000,12,5,6,0,0,865.0,195
Vistara,Kolkata,Banglore,CCU ? DEL ? BLR,09:05 07 May,No info,8137,6,5,0,0,0,1020.0,965
Air India,Delhi,Cochin,DEL ? CCU ? BOM ? COK,19:15 10 Mar,No info,22096,9,3,5,0,0,1015.0,1580
SpiceJet,Banglore,New Delhi,BLR ? DEL,08:35,No check-in baggage included,4273,24,3,6,0,0,345.0,170
Jet Airways,Banglore,New Delhi,BLR ? BOM ? DEL,00:45 02 Mar,No info,35185,1,3,4,0,0,1120.0,365
IndiGo,Kolkata,Banglore,CCU ? BBI ? BLR,23:15,No info,4226,15,4,0,0,0,1175.0,220
Jet Airways,Kolkata,Banglore,CCU ? BOM ? BLR,16:20,In-flight meal not included,10844,1,5,2,0,0,505.0,475
IndiGo,Mumbai,Hyderabad,BOM ? HYD,13:30,No info,2754,12,6,2,0,0,720.0,90
IndiGo,Kolkata,Banglore,CCU ? VTZ ? BLR,16:05,No info,6301,6,6,3,0,0,630.0,335
Air India,Kolkata,Banglore,CCU ? BOM ? COK ? BLR,13:45 19 May,No info,13222,18,5,5,0,0,565.0,1700
Jet Airways,Delhi,Cochin,DEL ? BOM ? COK,12:35 22 May,In-flight meal not included,12898,21,5,1,0,0,1050.0,1145
Air India,Banglore,New Delhi,BLR ? BOM ? DEL,20:35,No info,12127,12,3,1,0,0,405.0,830
Jet Airways,Kolkata,Banglore,CCU ? DEL ? BLR,22:05 22 May,No info,13067,21,5,1,0,0,1225.0,1540
Air India,Kolkata,Banglore,CCU ? GAU ? DEL ? BLR,20:25 02 Apr,No info,9920,1,4,0,0,0,1005.0,1660
GoAir,Banglore,Delhi,BLR ? DEL,10:40,No info,4239,1,4,0,0,0,465.0,175
Jet Airways,Delhi,Cochin,DEL ? BOM ? COK,19:00 07 Jun,No info,14714,6,6,3,0,0,1310.0,1270
IndiGo,Kolkata,Banglore,CCU ? NAG ? BLR,23:30,No info,6218,6,5,0,0,0,1085.0,325
IndiGo,Chennai,Kolkata,MAA ? CCU,07:35,No info,7295,1,3,4,0,0,315.0,140
Multiple carriers,Delhi,Cochin,DEL ? BOM ? COK,11:30,No info,7408,9,6,6,0,0,230.0,460
Jet Airways,Kolkata,Banglore,CCU ? DEL ? BLR,18:00,In-flight meal not included,13994,9,6,6,0,0,575.0,505
IndiGo,Kolkata,Banglore,CCU ? BLR,16:55,No info,5224,15,5,2,0,0,865.0,150
SpiceJet,Mumbai,Hyderabad,BOM ? HYD,07:05,No info,4391,9,3,5,0,0,345.0,80
Air India,Kolkata,Banglore,CCU ? DEL ? AMD ? BLR,05:25 19 May,No info,14109,18,5,5,0,0,600.0,1165
SpiceJet,Banglore,Delhi,BLR ? DEL,12:20,No check-in baggage included,4885,27,4,5,0,0,570.0,170
Jet Airways,Banglore,Delhi,BLR ? DEL,11:20,No info,8016,1,6,5,0,0,500.0,180
Multiple carriers,Delhi,Cochin,DEL ? BOM ? COK,12:35,No info,12524,24,6,0,0,0,360.0,395
Jet Airways,Delhi,Cochin,DEL ? BOM ? COK,18:50,In-flight meal not included,6017,27,3,2,0,0,135.0,995
Air India,Delhi,Cochin,DEL ? GOI ? BOM ? COK,19:15 10 May,No info,10441,9,5,3,0,0,1320.0,1275
SpiceJet,Banglore,Delhi,BLR ? DEL,00:05 02 Apr,No info,3625,1,4,0,0,0,1270.0,175
Air India,Delhi,Cochin,DEL ? RPR ? NAG ? BOM ? COK,19:15 10 Mar,No info,15586,9,3,5,0,0,315.0,2280
Air India,Delhi,Cochin,DEL ? BOM ? COK,19:15,No info,7199,27,3,2,0,0,480.0,675
Jet Airways,Delhi,Cochin,DEL ? IXC ? BOM ? COK,04:25 22 Mar,No info,12273,21,3,3,0,0,380.0,1325
Multiple carriers,Delhi,Cochin,DEL ? BOM ? COK,01:30 07 Jun,No info,7530,6,6,3,0,0,1140.0,390
Jet Airways,Mumbai,Hyderabad,BOM ? HYD,21:05,No info,5678,21,5,1,0,0,1175.0,90
Air India,Delhi,Cochin,DEL ? GOI ? BOM ? COK,07:40 25 Jun,No info,11753,24,6,0,0,0,655.0,1245
SpiceJet,Mumbai,Hyderabad,BOM ? HYD,00:15 22 May,No check-in baggage included,1965,21,5,1,0,0,1365.0,90
IndiGo,Delhi,Cochin,DEL ? BOM ? COK,13:20,No info,10208,21,3,3,0,0,400.0,400
IndiGo,Delhi,Cochin,DEL ? BOM ? COK,01:30 22 May,No info,5054,21,5,1,0,0,1225.0,305
IndiGo,Delhi,Cochin,DEL ? BOM ? COK,15:30,No info,14871,3,3,6,0,0,505.0,425
Jet Airways,Delhi,Cochin,DEL ? BOM ? COK,19:00,In-flight meal not included,12373,18,5,5,0,0,425.0,715
SpiceJet,Mumbai,Hyderabad,BOM ? HYD,00:15 16 Jun,No info,2017,15,6,5,0,0,1365.0,90
Jet Airways,Kolkata,Banglore,CCU ? BOM ? BLR,04:45 25 Mar,In-flight meal not included,10661,24,3,6,0,0,835.0,890
Multiple carriers,Delhi,Cochin,DEL ? BOM ? COK,19:00,No info,9794,9,5,3,0,0,620.0,520
Jet Airways,Kolkata,Banglore,CCU ? DEL ? BLR,23:35 10 May,No info,13067,9,5,3,0,0,1225.0,1630
SpiceJet,Chennai,Kolkata,MAA ? CCU,20:05,No info,7298,3,3,6,0,0,1065.0,140
IndiGo,Banglore,New Delhi,BLR ? DEL,13:00,No info,7648,3,3,6,0,0,605.0,175
Air India,Kolkata,Banglore,CCU ? BBI ? BOM ? BLR,21:50,No info,10676,12,5,6,0,0,720.0,590
Air India,Banglore,Delhi,BLR ? DEL,12:45,No info,6961,3,6,0,0,0,600.0,165
IndiGo,Delhi,Cochin,DEL ? BOM ? COK,01:30 16 May,No info,6979,15,5,2,0,0,685.0,845
Multiple carriers,Delhi,Cochin,DEL ? BOM ? COK,21:00,No info,13587,27,5,0,0,0,540.0,720
Jet Airways,Kolkata,Banglore,CCU ? BOM ? BLR,23:35,In-flight meal not included,10844,24,5,4,0,0,845.0,570
IndiGo,Banglore,Delhi,BLR ? DEL,13:00,No info,3943,12,5,6,0,0,610.0,170
IndiGo,Delhi,Cochin,DEL ? BOM ? COK,21:00,No info,6838,12,6,2,0,0,555.0,705
Jet Airways,Delhi,Cochin,DEL ? BOM ? COK,19:00,In-flight meal not included,6542,15,4,0,0,0,780.0,360
Jet Airways,Delhi,Cochin,DEL ? BOM ? COK,19:00,In-flight meal not included,12239,21,5,1,0,0,425.0,715
Jet Airways,Kolkata,Banglore,CCU ? BOM ? BLR,04:40 13 May,No info,14388,12,5,6,0,0,990.0,730
IndiGo,Kolkata,Banglore,CCU ? BLR,08:20,No info,4148,12,3,1,0,0,330.0,170
Multiple carriers,Delhi,Cochin,DEL ? IDR ? BOM ? COK,01:30 19 May,No info,16840,18,5,5,0,0,905.0,625
Multiple carriers,Delhi,Cochin,DEL ? HYD ? COK,22:30,No info,9646,3,6,0,0,0,585.0,765
Jet Airways,Kolkata,Banglore,CCU ? BOM ? BLR,18:15 10 Jun,No info,14571,9,6,6,0,0,1270.0,1265
IndiGo,Delhi,Cochin,DEL ? BOM ? COK,01:30 16 May,No info,7923,15,5,2,0,0,960.0,570
Jet Airways,Kolkata,Banglore,CCU ? BOM ? BLR,04:40 13 May,In-flight meal not included,8586,12,5,6,0,0,1200.0,520
Multiple carriers,Delhi,Cochin,DEL ? HYD ? COK,22:30,No info,9646,3,6,0,0,0,795.0,555
Jet Airways,Kolkata,Banglore,CCU ? BOM ? BLR,12:00 19 May,No info,14388,18,5,5,0,0,845.0,1315
Jet Airways,Kolkata,Banglore,CCU ? BOM ? BLR,16:20 13 Jun,No info,13044,12,6,2,0,0,990.0,1430
Multiple carriers,Delhi,Cochin,DEL ? BOM ? COK,19:00,No info,10197,21,5,1,0,0,600.0,540
Jet Airways,Delhi,Cochin,DEL ? BOM ? COK,19:00 02 Jun,No info,14714,1,6,5,0,0,1185.0,1395
Air India,Delhi,Cochin,DEL ? BOM ? COK,19:15,No info,9929,1,6,5,0,0,600.0,555
Jet Airways,Delhi,Cochin,DEL ? BOM ? COK,04:25 22 Mar,In-flight meal not included,6017,21,3,3,0,0,1370.0,335
SpiceJet,Chennai,Kolkata,MAA ? CCU,12:00,No info,3597,27,6,3,0,0,585.0,135
Air India,Delhi,Cochin,DEL ? BLR ? COK,23:00,No info,5704,21,3,3,0,0,810.0,570
Jet Airways,Delhi,Cochin,DEL ? BOM ? COK,04:25 04 Jun,No info,14714,3,6,0,0,0,1185.0,520
Air India,Banglore,Delhi,BLR ? DEL,12:45,No info,5228,12,5,6,0,0,600.0,165
Jet Airways,Kolkata,Banglore,CCU ? DEL ? BLR,10:55 02 Apr,No info,11467,1,4,0,0,0,575.0,1520
Vistara,Banglore,Delhi,BLR ? DEL,12:35,No info,4668,6,6,3,0,0,585.0,170
IndiGo,Banglore,Delhi,BLR ? DEL,00:15 19 Apr,No info,4591,18,4,3,0,0,1275.0,180
IndiGo,Banglore,Delhi,BLR ? DEL,00:15 13 May,No info,3943,12,5,6,0,0,1275.0,180
Air India,Banglore,Delhi,BLR ? DEL,12:45,No info,5228,21,4,6,0,0,600.0,165
Jet Airways,Delhi,Cochin,DEL ? BOM ? COK,18:50,No info,12242,27,3,2,0,0,135.0,995
Air India,Delhi,Cochin,DEL ? HYD ? MAA ? COK,09:25 10 Jun,No info,11185,9,6,6,0,0,425.0,1580
IndiGo,Delhi,Cochin,DEL ? BOM ? COK,01:30 10 Apr,No info,6573,9,4,1,0,0,555.0,975
Jet Airways,Kolkata,Banglore,CCU ? BOM ? BLR,22:35,No info,14781,15,5,2,0,0,990.0,365
Air India,Kolkata,Banglore,CCU ? GAU ? DEL ? BLR,08:55 13 Jun,No info,14960,12,6,2,0,0,1005.0,970
IndiGo,Chennai,Kolkata,MAA ? CCU,14:00,No info,4332,15,5,2,0,0,695.0,145
Air Asia,Banglore,New Delhi,BLR ? DEL,08:40,No info,7652,3,3,6,0,0,350.0,170
Jet Airways,Kolkata,Banglore,CCU ? DEL ? BLR,21:05,No info,14151,24,5,4,0,0,575.0,690
SpiceJet,Banglore,Delhi,BLR ? DEL,12:20,No check-in baggage included,4319,12,6,2,0,0,570.0,170
Jet Airways,Delhi,Cochin,DEL ? AMD ? BOM ? COK,18:50 22 Mar,No info,10929,21,3,3,0,0,1150.0,1420
Air India,Kolkata,Banglore,CCU ? DEL ? VGA ? BLR,10:00 25 Mar,No info,11491,24,3,6,0,0,420.0,1620
IndiGo,Delhi,Cochin,DEL ? COK,17:35,No info,6015,18,4,3,0,0,860.0,195
Jet Airways,Kolkata,Banglore,CCU ? DEL ? BLR,21:05,No info,12692,12,6,2,0,0,575.0,690
Air Asia,Kolkata,Banglore,CCU ? BLR,01:20 10 Mar,No info,4384,9,3,5,0,0,1370.0,150
IndiGo,Banglore,Delhi,BLR ? DEL,08:50,No info,3943,3,6,0,0,0,365.0,165
Jet Airways,Delhi,Cochin,DEL ? BOM ? COK,19:00,In-flight meal not included,12373,18,5,5,0,0,540.0,600
Jet Airways,Banglore,New Delhi,BLR ? BOM ? DEL,13:15,No info,19225,6,3,2,0,0,480.0,315
Jet Airways,Delhi,Cochin,DEL ? BOM ? COK,18:50 10 Mar,In-flight meal not included,14053,9,3,5,0,0,1185.0,1385
Air India,Banglore,Delhi,BLR ? DEL,16:10,No info,5911,12,4,4,0,0,800.0,170
Multiple carriers,Delhi,Cochin,DEL ? BOM ? COK,19:00,No info,10877,9,6,6,0,0,400.0,740
Jet Airways,Kolkata,Banglore,CCU ? BOM ? BLR,04:40 07 Jun,In-flight meal not included,7757,6,6,3,0,0,1135.0,585
IndiGo,Delhi,Cochin,DEL ? HYD ? COK,16:10,No info,6558,21,3,3,0,0,455.0,515
IndiGo,Kolkata,Banglore,CCU ? BLR,12:20,No info,4804,21,4,6,0,0,575.0,165
Jet Airways,Mumbai,Hyderabad,BOM ? HYD,17:20,No info,5678,18,3,0,0,0,950.0,90
Jet Airways,Delhi,Cochin,DEL ? BOM ? COK,04:25 10 May,In-flight meal not included,12373,9,5,3,0,0,600.0,1105
Jet Airways,Banglore,Delhi,BLR ? DEL,08:45,In-flight meal not included,5198,6,5,0,0,0,360.0,165
IndiGo,Kolkata,Banglore,CCU ? BLR,16:55,No info,6064,1,6,5,0,0,865.0,150
Jet Airways,Delhi,Cochin,DEL ? BOM ? COK,04:25 10 Mar,No info,15029,9,3,5,0,0,1310.0,395
Jet Airways,Delhi,Cochin,DEL ? JAI ? BOM ? COK,19:00,No info,10909,9,4,1,0,0,330.0,810
Multiple carriers,Delhi,Cochin,DEL ? BOM ? COK,19:45,No info,18492,9,3,5,0,0,520.0,665
Jet Airways,Delhi,Cochin,DEL ? BOM ? COK,04:25 25 Jun,In-flight meal not included,10262,24,6,0,0,0,135.0,1570
Jet Airways,Kolkata,Banglore,CCU ? GAU ? BLR,17:35,No info,8781,18,5,5,0,0,710.0,345
IndiGo,Delhi,Cochin,DEL ? HYD ? COK,16:10,No info,6442,27,5,0,0,0,515.0,455
Jet Airways,Mumbai,Hyderabad,BOM ? DEL ? HYD,16:35,No info,20120,12,3,1,0,0,590.0,405
Vistara,Banglore,Delhi,BLR ? DEL,22:15,No info,4878,27,5,0,0,0,1170.0,165
Jet Airways,Banglore,New Delhi,BLR ? BOM ? DEL,18:25,No info,16736,6,3,2,0,0,345.0,760
SpiceJet,Kolkata,Banglore,CCU ? IXB ? BLR,18:30,No info,9630,24,5,4,0,0,675.0,435
Vistara,Kolkata,Banglore,CCU ? DEL ? BLR,18:50,No info,8610,9,5,3,0,0,430.0,700
Vistara,Chennai,Kolkata,MAA ? CCU,09:20,No info,3687,27,6,3,0,0,425.0,135
Vistara,Kolkata,Banglore,CCU ? DEL ? BLR,09:05 16 May,No info,8452,15,5,2,0,0,1220.0,765
IndiGo,Banglore,Delhi,BLR ? DEL,13:20,No info,3943,18,5,5,0,0,630.0,170
IndiGo,Mumbai,Hyderabad,BOM ? HYD,07:45,No info,3342,15,3,4,0,0,380.0,85
Jet Airways,Kolkata,Banglore,CCU ? DEL ? BLR,14:25 13 May,No info,13067,12,5,6,0,0,1225.0,1080
Vistara,Banglore,Delhi,BLR ? DEL,22:15,No info,4878,6,5,0,0,0,1170.0,165
Jet Airways,Kolkata,Banglore,CCU ? BOM ? BLR,10:05 10 May,No info,14388,9,5,3,0,0,1270.0,775
Jet Airways,Delhi,Cochin,DEL ? AMD ? BOM ? COK,04:25 28 May,No info,16704,27,5,0,0,0,805.0,900
Air India,Mumbai,Hyderabad,BOM ? HYD,20:45,No info,3100,21,5,1,0,0,1170.0,75
Air India,Banglore,New Delhi,BLR ? BOM ? IDR ? GWL ? DEL,18:05 13 Mar,No info,13387,12,3,1,0,0,1045.0,1480
IndiGo,Mumbai,Hyderabad,BOM ? HYD,10:40,No info,4049,9,6,6,0,0,550.0,90
Jet Airways,Delhi,Cochin,DEL ? JAI ? BOM ? COK,19:00,In-flight meal not included,13029,18,5,5,0,0,330.0,810
SpiceJet,Banglore,Delhi,BLR ? DEL,00:05 10 Apr,No check-in baggage included,3919,9,4,1,0,0,1270.0,175
IndiGo,Chennai,Kolkata,MAA ? CCU,07:40,No info,3850,3,5,4,0,0,315.0,145
Air India,Delhi,Cochin,DEL ? HYD ? MAA ? COK,09:25 25 Jun,No info,8839,24,6,0,0,0,795.0,1210
Jet Airways,Kolkata,Banglore,CCU ? BOM ? BLR,04:40 02 Apr,In-flight meal not included,7064,1,4,0,0,0,990.0,730
Jet Airways,Kolkata,Banglore,CCU ? BOM ? BLR,08:15 13 May,No info,13941,12,5,6,0,0,1200.0,735
Air India,Kolkata,Banglore,CCU ? DEL ? COK ? TRV ? BLR,10:30 25 May,No info,13007,24,5,4,0,0,600.0,1470
Jet Airways,Kolkata,Banglore,CCU ? BOM ? BLR,22:35,No info,14781,18,5,5,0,0,845.0,510
Jet Airways,Mumbai,Hyderabad,BOM ? HYD,21:05,In-flight meal not included,2071,18,3,0,0,0,1175.0,90
Jet Airways,Delhi,Cochin,DEL ? COK,14:15,In-flight meal not included,4256,21,6,4,0,0,660.0,195
Vistara,Banglore,New Delhi,BLR ? DEL,18:35,No info,7923,9,3,5,0,0,960.0,155
Air Asia,Kolkata,Banglore,CCU ? BLR,01:20 16 Mar,No info,3782,15,3,4,0,0,1370.0,150
Jet Airways,Kolkata,Banglore,CCU ? DEL ? BLR,09:45 16 May,In-flight meal not included,12384,15,5,2,0,0,1225.0,800
Multiple carriers,Delhi,Cochin,DEL ? BOM ? COK,01:35 22 Mar,In-flight meal not included,8565,21,3,3,0,0,600.0,935
IndiGo,Delhi,Cochin,DEL ? BOM ? COK,21:00,No info,6232,21,3,3,0,0,960.0,300
IndiGo,Banglore,New Delhi,BLR ? DEL,08:20,No info,4777,9,3,5,0,0,330.0,170
Air India,Kolkata,Banglore,CCU ? BLR,23:20,No info,4145,1,6,5,0,0,1245.0,155
Air Asia,Kolkata,Banglore,CCU ? DEL ? BLR,10:40 16 May,No info,5192,15,5,2,0,0,1360.0,720
Air India,Delhi,Cochin,DEL ? COK,08:00,No info,4729,1,4,0,0,0,310.0,170
IndiGo,Delhi,Cochin,DEL ? BOM ? COK,21:00,No info,6093,3,6,0,0,0,400.0,860
Air India,Kolkata,Banglore,CCU ? BOM ? BLR,18:30,No info,8891,1,5,2,0,0,565.0,545
Jet Airways,Delhi,Cochin,DEL ? BOM ? COK,04:25 28 Mar,No info,12242,27,3,2,0,0,960.0,745
Jet Airways,Kolkata,Banglore,CCU ? DEL ? BLR,18:00 02 May,No info,11467,1,5,2,0,0,1020.0,1500
Jet Airways,Kolkata,Banglore,CCU ? BOM ? BLR,09:20 22 May,No info,14781,21,5,1,0,0,1270.0,730
Multiple carriers,Delhi,Cochin,DEL ? BOM ? COK,19:00,No info,10197,18,5,5,0,0,420.0,720
Jet Airways,Banglore,New Delhi,BLR ? BOM ? DEL,09:30 07 Mar,No info,17261,6,3,2,0,0,1285.0,725
Air India,Delhi,Cochin,DEL ? MAA ? COK,09:25 02 May,No info,7480,1,5,2,0,0,1240.0,765
IndiGo,Kolkata,Banglore,CCU ? BLR,18:05,No info,4804,21,5,1,0,0,930.0,155
SpiceJet,Kolkata,Banglore,CCU ? BLR,11:25,No check-in baggage included,4439,21,4,6,0,0,540.0,145
Jet Airways,Delhi,Cochin,DEL ? JAI ? BOM ? COK,04:25 07 Jun,In-flight meal not included,10368,6,6,3,0,0,330.0,1375
SpiceJet,Delhi,Cochin,DEL ? MAA ? COK,11:20,No info,6065,21,3,3,0,0,370.0,310
Jet Airways,Kolkata,Banglore,CCU ? BOM ? BLR,04:40 25 May,In-flight meal not included,8586,24,5,4,0,0,1135.0,585
IndiGo,Delhi,Cochin,DEL ? COK,17:35,No info,5406,18,3,0,0,0,870.0,185
Jet Airways,Delhi,Cochin,DEL ? BDQ ? BOM ? COK,04:25 07 Jun,In-flight meal not included,12142,6,6,3,0,0,1105.0,600
Jet Airways,Delhi,Cochin,DEL ? BOM ? COK,12:35,No info,14714,6,6,3,0,0,135.0,620
Jet Airways,Delhi,Cochin,DEL ? BOM ? COK,04:25 16 Jun,In-flight meal not included,10262,15,6,5,0,0,135.0,1570
Air India,Banglore,New Delhi,BLR ? MAA ? DEL,23:55,No info,15434,6,3,2,0,0,710.0,725
Air India,Kolkata,Banglore,CCU ? BBI ? BOM ? BLR,11:10 19 May,No info,10676,18,5,5,0,0,720.0,1390
IndiGo,Kolkata,Banglore,CCU ? BLR,22:55,No info,4804,21,4,6,0,0,1220.0,155
Jet Airways,Delhi,Cochin,DEL ? JAI ? BOM ? COK,12:35 10 Jun,No info,13014,9,6,6,0,0,1170.0,1025
IndiGo,Banglore,Delhi,BLR ? DEL,13:00,No info,3943,3,5,4,0,0,610.0,170
Air India,Mumbai,Hyderabad,BOM ? COK ? MAA ? HYD,22:00,No info,9678,6,3,2,0,0,330.0,990
Jet Airways,Kolkata,Banglore,CCU ? BOM ? BLR,19:50,No info,14781,15,5,2,0,0,505.0,685
Multiple carriers,Delhi,Cochin,DEL ? BOM ? COK,19:00,No info,10197,15,5,2,0,0,540.0,600
Air India,Delhi,Cochin,DEL ? BHO ? BOM ? COK,19:15,No info,10861,9,5,3,0,0,355.0,800
Jet Airways,Kolkata,Banglore,CCU ? BOM ? BLR,04:40 02 May,In-flight meal not included,10844,1,5,2,0,0,1270.0,450
Air India,Delhi,Cochin,DEL ? MAA ? COK,09:25 22 May,No info,7480,21,5,1,0,0,1040.0,965
IndiGo,Delhi,Cochin,DEL ? BOM ? COK,01:30 25 Jun,No info,5684,24,6,0,0,0,1030.0,500
Jet Airways,Delhi,Cochin,DEL ? BOM ? COK,19:00 07 Jun,No info,14714,6,6,3,0,0,960.0,1620
Jet Airways,Kolkata,Banglore,CCU ? DEL ? BLR,18:00,In-flight meal not included,9314,1,4,0,0,0,575.0,505
Air India,Kolkata,Banglore,CCU ? BLR,23:20,No info,4435,15,3,4,0,0,1245.0,155
Multiple carriers,Delhi,Cochin,DEL ? BOM ? COK,19:00,No info,11789,27,6,3,0,0,450.0,690
SpiceJet,Banglore,Delhi,BLR ? DEL,00:05 04 Apr,No check-in baggage included,3919,3,4,2,0,0,1270.0,175
Jet Airways,Banglore,Delhi,BLR ? DEL,18:10,In-flight meal not included,5198,6,4,5,0,0,915.0,175
SpiceJet,Banglore,New Delhi,BLR ? DEL,08:35,No check-in baggage included,4273,24,3,6,0,0,345.0,170
Vistara,Kolkata,Banglore,CCU ? DEL ? BLR,18:50 10 May,No info,8820,9,5,3,0,0,1020.0,1550
IndiGo,Mumbai,Hyderabad,BOM ? HYD,13:30,No info,2754,6,5,0,0,0,720.0,90
Vistara,Kolkata,Banglore,CCU ? DEL ? BLR,23:25 10 Jun,No info,8085,9,6,6,0,0,1220.0,1625
Jet Airways,Kolkata,Banglore,CCU ? DEL ? BLR,21:05 10 Jun,In-flight meal not included,10539,9,6,6,0,0,1225.0,1480
Jet Airways,Kolkata,Banglore,CCU ? DEL ? BLR,22:05,No info,14676,9,6,6,0,0,575.0,750
Jet Airways,Delhi,Cochin,DEL ? BOM ? COK,04:25 28 Mar,In-flight meal not included,6017,27,3,2,0,0,135.0,1570
Jet Airways,Banglore,Delhi,BLR ? DEL,22:00,In-flight meal not included,4544,1,4,0,0,0,1135.0,185
Trujet,Mumbai,Hyderabad,BOM ? NDC ? HYD,16:20,No info,4140,6,3,2,0,0,785.0,195
Jet Airways,Banglore,Delhi,BLR ? DEL,14:05,No info,7229,3,5,4,0,0,670.0,175
Air India,Delhi,Cochin,DEL ? GOI ? BOM ? COK,19:15 10 Mar,No info,16373,9,3,5,0,0,1320.0,1275
Air India,Kolkata,Banglore,CCU ? IXR ? DEL ? BLR,23:15,No info,10991,1,5,2,0,0,350.0,1045
Jet Airways,Kolkata,Banglore,CCU ? BOM ? BLR,12:00 19 May,In-flight meal not included,9663,18,5,5,0,0,845.0,1315
Air India,Banglore,New Delhi,BLR ? COK ? DEL,23:20 02 Mar,Change airports,14305,1,3,4,0,0,1320.0,1520
Air Asia,Delhi,Cochin,DEL ? BLR ? COK,07:10 16 May,No info,6752,15,5,2,0,0,1005.0,865
Jet Airways,Kolkata,Banglore,CCU ? BOM ? BLR,09:20 13 Jun,In-flight meal not included,8529,12,6,2,0,0,990.0,1010
IndiGo,Delhi,Cochin,DEL ? COK,08:50,No info,4729,27,3,2,0,0,335.0,195
Multiple carriers,Delhi,Cochin,DEL ? BOM ? COK,21:00,No info,7670,18,5,5,0,0,525.0,735
Jet Airways,Mumbai,Hyderabad,BOM ? HYD,11:50,In-flight meal not included,4995,3,5,4,0,0,620.0,90
Jet Airways,Banglore,Delhi,BLR ? DEL,11:20,No info,7229,1,5,2,0,0,500.0,180
IndiGo,Banglore,Delhi,BLR ? DEL,10:05,No info,4823,27,4,5,0,0,430.0,175
Air Asia,Kolkata,Banglore,CCU ? BLR,22:05,No info,3782,27,3,2,0,0,1175.0,150
Jet Airways,Delhi,Cochin,DEL ? BOM ? COK,19:00 22 May,In-flight meal not included,12898,21,5,1,0,0,1095.0,1485
SpiceJet,Kolkata,Banglore,CCU ? BLR,00:40 25 May,No check-in baggage included,3841,24,5,4,0,0,1340.0,140
Multiple carriers,Delhi,Cochin,DEL ? BOM ? COK,19:00,No info,9627,18,5,5,0,0,635.0,505
Jet Airways,Kolkata,Banglore,CCU ? BOM ? BLR,12:00 10 Jun,No info,14571,9,6,6,0,0,1270.0,890
IndiGo,Kolkata,Banglore,CCU ? BLR,17:55,No info,6985,24,3,6,0,0,920.0,155
Jet Airways,Mumbai,Hyderabad,BOM ? HYD,08:30,No info,8040,21,6,4,0,0,425.0,85
IndiGo,Kolkata,Banglore,CCU ? BLR,00:50 22 Jun,No info,4804,21,6,4,0,0,1335.0,155
Multiple carriers,Delhi,Cochin,DEL ? BOM ? COK,19:00,No info,10678,27,6,3,0,0,295.0,845
Jet Airways,Kolkata,Banglore,CCU ? BOM ? BLR,18:10 25 Mar,No info,14231,24,3,6,0,0,1015.0,1515
Jet Airways,Kolkata,Banglore,CCU ? BOM ? BLR,16:20 13 Jun,In-flight meal not included,8529,12,6,2,0,0,1200.0,1220
Air India,Delhi,Cochin,DEL ? GOI ? BOM ? COK,19:15,No info,11753,24,6,0,0,0,655.0,500
Jet Airways,Delhi,Cochin,DEL ? AMD ? BOM ? COK,04:25 20 May,No info,16704,18,5,5,0,0,1385.0,1760
Jet Airways,Kolkata,Banglore,CCU ? BOM ? BLR,04:40 07 Jun,No info,13374,6,6,3,0,0,1135.0,585
Air India,Mumbai,Hyderabad,BOM ? HYD,22:25,No info,3625,1,5,2,0,0,1265.0,80
Jet Airways,Delhi,Cochin,DEL ? BOM ? COK,19:00 22 May,No info,16079,21,5,1,0,0,960.0,1620
Jet Airways,Delhi,Cochin,DEL ? BOM ? COK,12:35 28 Jun,In-flight meal not included,10262,27,6,3,0,0,1255.0,940
Jet Airways,Kolkata,Banglore,CCU ? BOM ? BLR,12:00,In-flight meal not included,9663,15,5,2,0,0,390.0,330
Multiple carriers,Delhi,Cochin,DEL ? BOM ? COK,01:30 19 May,No info,9595,18,5,5,0,0,1080.0,450
IndiGo,Kolkata,Banglore,CCU ? BLR,19:50,No info,4804,24,6,0,0,0,1035.0,155
Air India,Kolkata,Banglore,CCU ? DEL ? AMD ? BLR,05:25 10 Jun,No info,12744,9,6,6,0,0,600.0,1165
Air India,Banglore,Delhi,BLR ? DEL,16:10,No info,6961,1,6,5,0,0,800.0,170
Jet Airways,Kolkata,Banglore,CCU ? BOM ? BLR,04:40 07 May,In-flight meal not included,9663,6,5,0,0,0,845.0,875
Multiple carriers,Delhi,Cochin,DEL ? BOM ? COK,19:15,No info,7575,21,5,1,0,0,635.0,520
Air India,Banglore,New Delhi,BLR ? BOM ? NAG ? DEL,10:35 07 Mar,No info,13355,3,3,6,0,0,1150.0,925
Air India,Kolkata,Banglore,CCU ? BOM ? COK ? BLR,13:45 25 May,No info,12592,24,5,4,0,0,565.0,1700
Air India,Mumbai,Hyderabad,BOM ? HYD,15:25,No info,3625,1,6,5,0,0,835.0,90
Jet Airways,Delhi,Cochin,DEL ? BOM ? COK,04:25 25 Jun,In-flight meal not included,10262,24,6,0,0,0,900.0,805
Air India,Delhi,Cochin,DEL ? AMD ? BOM ? COK,19:15 22 May,No info,9443,21,5,1,0,0,1185.0,1410
Air India,Delhi,Cochin,DEL ? BOM ? COK,19:15,No info,18959,9,3,5,0,0,520.0,635
IndiGo,Mumbai,Hyderabad,BOM ? HYD,07:45,No info,4784,3,3,6,0,0,380.0,85
Air India,Kolkata,Banglore,CCU ? DEL ? BLR,12:00 02 Apr,No info,7893,1,4,0,0,0,1050.0,1110
Air India,Delhi,Cochin,DEL ? CCU ? BOM ? COK,07:40 28 Jun,No info,14431,27,6,3,0,0,410.0,1490
Jet Airways Business,Banglore,New Delhi,BLR ? BOM ? DEL,11:25,Business class,79512,1,3,4,0,0,345.0,340
Jet Airways,Mumbai,Hyderabad,BOM ? HYD,21:05,In-flight meal not included,3210,24,5,4,0,0,1175.0,90
Multiple carriers,Delhi,Cochin,DEL ? BOM ? COK,21:00,No info,13677,9,3,5,0,0,360.0,900
Air India,Delhi,Cochin,DEL ? MAA ? COK,09:25 28 May,No info,7480,27,5,0,0,0,365.0,1640
Air India,Delhi,Cochin,DEL ? BOM ? COK,07:40 25 Jun,No info,8372,24,6,0,0,0,1140.0,760
Jet Airways,Delhi,Cochin,DEL ? IDR ? BOM ? COK,04:25 28 Mar,No info,11664,27,3,2,0,0,325.0,1380
Air India,Banglore,Delhi,BLR ? DEL,12:45,No info,6961,18,6,1,0,0,600.0,165
Air India,Banglore,Delhi,BLR ? DEL,19:45,No info,6121,24,4,2,0,0,1020.0,165
Air India,Banglore,Delhi,BLR ? DEL,08:55,No info,5911,12,4,4,0,0,370.0,165
GoAir,Banglore,Delhi,BLR ? DEL,14:30,No info,3398,6,5,0,0,0,700.0,170
Multiple carriers,Delhi,Cochin,DEL ? BOM ? COK,01:30 10 Jun,No info,7530,9,6,6,0,0,1140.0,390
GoAir,Banglore,Delhi,BLR ? DEL,23:40,No info,3419,24,5,4,0,0,1255.0,165
Vistara,Banglore,New Delhi,BLR ? DEL,00:05 25 Mar,No info,6558,24,3,6,0,0,1270.0,175
Air India,Kolkata,Banglore,CCU ? DEL ? BLR,20:25 10 Jun,No info,10203,9,6,6,0,0,1230.0,1435
Jet Airways,Banglore,New Delhi,BLR ? BOM ? DEL,20:20 13 Mar,In-flight meal not included,11087,12,3,1,0,0,1135.0,1525
SpiceJet,Banglore,New Delhi,BLR ? DEL,23:20,No info,5575,24,3,6,0,0,1230.0,170
Air Asia,Delhi,Cochin,DEL ? BLR ? COK,22:25,No info,6152,24,4,2,0,0,475.0,870
Jet Airways,Kolkata,Banglore,CCU ? GAU ? BLR,17:35,In-flight meal not included,5608,9,5,3,0,0,620.0,435
Jet Airways,Banglore,New Delhi,BLR ? BOM ? DEL,10:25 07 Mar,No info,17261,6,3,2,0,0,700.0,1365
Jet Airways,Delhi,Cochin,DEL ? JAI ? BOM ? COK,12:35 10 May,No info,15129,9,5,3,0,0,580.0,1615
GoAir,Banglore,Delhi,BLR ? DEL,23:40,No info,3419,6,5,0,0,0,1255.0,165
IndiGo,Delhi,Cochin,DEL ? BOM ? COK,15:30,No info,6218,21,3,3,0,0,645.0,285
Jet Airways,Delhi,Cochin,DEL ? BOM ? COK,12:35,No info,14714,3,6,0,0,0,135.0,620
Multiple carriers,Delhi,Cochin,DEL ? BOM ? COK,19:15,No info,14848,3,6,0,0,0,690.0,465
Jet Airways,Kolkata,Banglore,CCU ? GAU ? BLR,17:35,No info,9358,12,5,6,0,0,620.0,435
Air India,Kolkata,Banglore,CCU ? BOM ? BLR,07:55 07 May,No info,8366,6,5,0,0,0,565.0,1350
Multiple carriers,Delhi,Cochin,DEL ? BOM ? COK,19:15,In-flight meal not included,15342,6,3,2,0,0,690.0,465
Jet Airways,Mumbai,Hyderabad,BOM ? HYD,04:25,No info,5678,21,3,3,0,0,185.0,80
IndiGo,Kolkata,Banglore,CCU ? BLR,00:50 07 May,No info,4804,6,5,0,0,0,1335.0,155
Jet Airways,Kolkata,Banglore,CCU ? BOM ? BLR,16:20,No info,14571,24,5,4,0,0,505.0,475
Jet Airways,Kolkata,Banglore,CCU ? BOM ? BLR,20:45,No info,12681,1,4,0,0,0,505.0,740
Jet Airways,Banglore,New Delhi,BLR ? BOM ? DEL,10:25 07 Mar,No info,17261,6,3,2,0,0,1285.0,780
Vistara,Kolkata,Banglore,CCU ? DEL ? BLR,10:45 10 Jun,No info,9922,9,6,6,0,0,1020.0,1065
Jet Airways,Kolkata,Banglore,CCU ? BOM ? BLR,12:00 19 May,In-flight meal not included,10844,18,5,5,0,0,1135.0,1025
SpiceJet,Banglore,Delhi,BLR ? DEL,08:35,No info,4423,21,4,6,0,0,355.0,160
IndiGo,Banglore,Delhi,BLR ? DEL,04:15,No info,3419,24,5,4,0,0,90.0,165
Jet Airways,Delhi,Cochin,DEL ? BOM ? COK,04:25 25 Jun,No info,14714,24,6,0,0,0,1370.0,335
Jet Airways,Banglore,New Delhi,BLR ? BOM ? DEL,11:25,In-flight meal not included,11087,9,3,5,0,0,345.0,340
IndiGo,Delhi,Cochin,DEL ? BOM ? COK,01:30 28 Jun,No info,6316,27,6,3,0,0,960.0,570
SpiceJet,Chennai,Kolkata,MAA ? CCU,12:00,No check-in baggage included,3543,27,5,0,0,0,585.0,135
Jet Airways,Kolkata,Banglore,CCU ? BOM ? BLR,12:00 07 Jun,No info,14571,6,6,3,0,0,1135.0,1025
Jet Airways,Kolkata,Banglore,CCU ? DEL ? BLR,18:00,No info,14676,9,6,6,0,0,575.0,505
Jet Airways,Banglore,New Delhi,BLR ? BOM ? DEL,09:30 07 Mar,No info,17261,6,3,2,0,0,1015.0,995
Jet Airways,Kolkata,Banglore,CCU ? BOM ? BLR,23:35,No info,13941,15,5,2,0,0,505.0,910
Air India,Delhi,Cochin,DEL ? BLR ? COK,08:15 04 Mar,No info,13348,3,3,6,0,0,370.0,1565
Jet Airways,Banglore,Delhi,BLR ? DEL,14:05,No info,8016,18,6,1,0,0,670.0,175
Jet Airways,Delhi,Cochin,DEL ? BOM ? COK,12:35,In-flight meal not included,12898,27,5,0,0,0,425.0,330
Jet Airways,Banglore,Delhi,BLR ? DEL,22:00,No info,7229,9,4,1,0,0,1135.0,185
SpiceJet,Mumbai,Hyderabad,BOM ? HYD,07:15,No info,2017,27,6,3,0,0,345.0,90
Jet Airways,Banglore,New Delhi,BLR ? BOM ? DEL,19:10,No info,16736,6,3,2,0,0,480.0,670
SpiceJet,Kolkata,Banglore,CCU ? BLR,19:40,No info,3873,18,6,1,0,0,1030.0,150
IndiGo,Delhi,Cochin,DEL ? HYD ? COK,22:30,No info,6704,9,5,3,0,0,860.0,490
Jet Airways,Kolkata,Banglore,CCU ? BOM ? BLR,19:50 07 Jun,In-flight meal not included,10844,6,6,3,0,0,1135.0,1495
Vistara,Banglore,New Delhi,BLR ? DEL,22:20,No info,7450,9,3,5,0,0,1180.0,160
Jet Airways,Banglore,New Delhi,BLR ? BOM ? DEL,05:05 07 Mar,No info,16736,6,3,2,0,0,1015.0,730
Jet Airways,Delhi,Cochin,DEL ? BOM ? COK,12:35 16 Jun,In-flight meal not included,10262,15,6,5,0,0,900.0,1295
Air India,Kolkata,Banglore,CCU ? IXR ? DEL ? BLR,16:15 02 May,No info,10991,1,5,2,0,0,350.0,2065
SpiceJet,Banglore,Delhi,BLR ? DEL,00:05 07 Jun,No info,3311,6,6,3,0,0,1270.0,175
IndiGo,Delhi,Cochin,DEL ? BOM ? COK,01:30 25 May,No info,7081,24,5,4,0,0,635.0,895
IndiGo,Banglore,Delhi,BLR ? DEL,00:15 28 Apr,No info,3943,27,4,5,0,0,1275.0,180
Air India,Delhi,Cochin,DEL ? BOM ? COK,19:15,No info,8372,21,5,1,0,0,780.0,375
Air India,Delhi,Cochin,DEL ? AMD ? BOM ? COK,19:15 10 Mar,No info,11701,9,3,5,0,0,1185.0,1410
Jet Airways,Banglore,Delhi,BLR ? DEL,18:10,In-flight meal not included,5769,3,6,0,0,0,915.0,175
Multiple carriers,Delhi,Cochin,DEL ? IDR ? BOM ? COK,01:30 13 Jun,No info,15965,12,6,2,0,0,905.0,625
SpiceJet,Banglore,Delhi,BLR ? DEL,12:20,No info,4423,12,6,2,0,0,570.0,170
Jet Airways,Banglore,New Delhi,BLR ? MAA ? DEL,14:25,In-flight meal not included,6136,15,3,4,0,0,585.0,280
Jet Airways,Banglore,New Delhi,BLR ? BOM ? DEL,23:00,In-flight meal not included,11087,12,3,1,0,0,1015.0,365
IndiGo,Chennai,Kolkata,MAA ? CCU,07:40,No info,3540,3,6,0,0,0,315.0,145
Jet Airways,Delhi,Cochin,DEL ? BOM ? COK,04:25 22 May,In-flight meal not included,12898,21,5,1,0,0,840.0,865
IndiGo,Banglore,Delhi,BLR ? DEL,08:50,No info,4591,18,4,3,0,0,365.0,165
Air India,Delhi,Cochin,DEL ? BOM ? COK,07:40 25 Mar,No info,8635,24,3,6,0,0,240.0,1660
Jet Airways,Delhi,Cochin,DEL ? BOM ? COK,19:00,No info,14714,27,6,3,0,0,540.0,600
Jet Airways,Kolkata,Banglore,CCU ? DEL ? BLR,19:10 19 May,No info,14151,18,5,5,0,0,1225.0,1365
Multiple carriers,Delhi,Cochin,DEL ? BOM ? COK,19:15,No info,8835,1,6,5,0,0,295.0,860
Air India,Kolkata,Banglore,CCU ? DEL ? BLR,08:55 22 May,No info,11936,21,5,1,0,0,1050.0,925
Jet Airways,Delhi,Cochin,DEL ? LKO ? BOM ? COK,12:35 10 Jun,No info,13882,9,6,6,0,0,1295.0,900
Air India,Delhi,Cochin,DEL ? MAA ? COK,09:25 02 Apr,No info,5117,1,4,0,0,0,1040.0,965
Jet Airways,Banglore,Delhi,BLR ? DEL,18:10,In-flight meal not included,4544,24,5,4,0,0,915.0,175
IndiGo,Delhi,Cochin,DEL ? HYD ? COK,22:30,No info,6442,15,5,2,0,0,410.0,940
Air India,Delhi,Cochin,DEL ? GOI ? BOM ? COK,19:15 10 May,No info,10441,9,5,3,0,0,1320.0,1275
IndiGo,Mumbai,Hyderabad,BOM ? HYD,21:40,No info,2227,21,5,1,0,0,1205.0,95
Jet Airways,Banglore,Delhi,BLR ? DEL,08:45,No info,7229,15,4,0,0,0,360.0,165
Jet Airways,Delhi,Cochin,DEL ? BOM ? COK,19:00,In-flight meal not included,10262,1,6,5,0,0,780.0,360
Jet Airways,Banglore,New Delhi,BLR ? BOM ? DEL,21:20,No info,13817,12,3,1,0,0,480.0,800
SpiceJet,Delhi,Cochin,DEL ? BLR ? COK,22:50,No info,5975,21,5,1,0,0,1075.0,295
IndiGo,Kolkata,Banglore,CCU ? BLR,00:05 22 Mar,No info,4148,21,3,3,0,0,1285.0,160
Multiple carriers,Delhi,Cochin,DEL ? BOM ? COK,21:00,No info,13587,6,6,3,0,0,690.0,570
Jet Airways,Mumbai,Hyderabad,BOM ? HYD,04:25,In-flight meal not included,2759,21,3,3,0,0,185.0,80
Jet Airways,Banglore,Delhi,BLR ? DEL,22:50,No info,7229,15,5,2,0,0,1190.0,180
Air India,Delhi,Cochin,DEL ? HYD ? BOM ? COK,07:40 10 May,No info,13547,9,5,3,0,0,425.0,1475
SpiceJet,Kolkata,Banglore,CCU ? BLR,09:30,No info,3873,21,6,4,0,0,415.0,155
Jet Airways,Kolkata,Banglore,CCU ? BOM ? BLR,04:40 22 May,No info,14388,21,5,1,0,0,990.0,730
Jet Airways,Kolkata,Banglore,CCU ? BOM ? BLR,10:05 25 May,No info,13731,24,5,4,0,0,1135.0,910
SpiceJet,Kolkata,Banglore,CCU ? BLR,09:35,No check-in baggage included,3815,27,3,2,0,0,415.0,160
Jet Airways,Mumbai,Hyderabad,BOM ? HYD,17:20,No info,5678,15,3,4,0,0,950.0,90
Jet Airways,Kolkata,Banglore,CCU ? BOM ? BLR,09:20 10 May,In-flight meal not included,9663,9,5,3,0,0,505.0,1495
GoAir,Kolkata,Banglore,CCU ? AMD ? BLR,00:15 22 May,No info,8855,21,5,1,0,0,1000.0,455
Jet Airways,Delhi,Cochin,DEL ? JAI ? BOM ? COK,04:25 10 May,No info,15129,9,5,3,0,0,580.0,1125
Jet Airways,Banglore,New Delhi,BLR ? BOM ? DEL,23:00,No info,13555,18,3,0,0,0,1015.0,365
Jet Airways,Kolkata,Banglore,CCU ? BOM ? BLR,08:15 22 May,In-flight meal not included,10844,21,5,1,0,0,1270.0,665
Jet Airways,Banglore,New Delhi,BLR ? BOM ? DEL,21:20,In-flight meal not included,7832,21,3,3,0,0,700.0,580
Jet Airways,Delhi,Cochin,DEL ? AMD ? BOM ? COK,12:35 28 Jun,In-flight meal not included,11150,27,6,3,0,0,1385.0,810
Vistara,Kolkata,Banglore,CCU ? DEL ? BLR,10:45 10 May,No info,8452,9,5,3,0,0,1220.0,865
Multiple carriers,Delhi,Cochin,DEL ? HYD ? COK,16:10,No info,9646,9,6,6,0,0,585.0,385
IndiGo,Banglore,Delhi,BLR ? DEL,13:00,No info,3943,24,6,0,0,0,610.0,170
GoAir,Delhi,Cochin,DEL ? BOM ? COK,12:55,No info,5281,12,6,2,0,0,420.0,355
Air India,Delhi,Cochin,DEL ? HYD ? BOM ? COK,07:40 02 Jun,No info,14667,1,6,5,0,0,1035.0,865
Jet Airways,Kolkata,Banglore,CCU ? BOM ? BLR,09:20 25 May,No info,14571,24,5,4,0,0,1200.0,800
Jet Airways,Banglore,New Delhi,BLR ? BDQ ? DEL,12:20,Business class,28097,1,3,4,0,0,350.0,390
Jet Airways,Banglore,New Delhi,BLR ? BOM ? DEL,19:10 07 Mar,No info,17471,6,3,2,0,0,1235.0,1355
Jet Airways,Delhi,Cochin,DEL ? BOM ? COK,19:00,In-flight meal not included,10577,12,6,2,0,0,480.0,660
Multiple carriers,Delhi,Cochin,DEL ? BOM ? COK,19:15,No info,14848,24,6,0,0,0,690.0,465
IndiGo,Banglore,Delhi,BLR ? DEL,02:20 16 Apr,No info,4591,15,4,0,0,0,1410.0,170
IndiGo,Chennai,Kolkata,MAA ? CCU,21:55,No info,3597,18,5,5,0,0,1175.0,140
IndiGo,Delhi,Cochin,DEL ? HYD ? COK,22:30,No info,6938,27,5,0,0,0,970.0,380
Air Asia,Kolkata,Banglore,CCU ? BLR,22:25,No info,3807,24,6,0,0,0,1195.0,150
Jet Airways,Delhi,Cochin,DEL ? BOM ? COK,19:00,In-flight meal not included,10262,12,6,2,0,0,540.0,600
Air India,Kolkata,Banglore,CCU ? JAI ? DEL ? BLR,20:25,No info,11432,9,5,3,0,0,500.0,725
Jet Airways,Banglore,New Delhi,BLR ? DEL,22:35,No info,7229,21,3,3,0,0,1195.0,160
Multiple carriers,Delhi,Cochin,DEL ? BOM ? COK,19:15,No info,14848,21,5,1,0,0,690.0,465
Jet Airways,Kolkata,Banglore,CCU ? BOM ? BLR,23:35,In-flight meal not included,8586,15,5,2,0,0,390.0,1025
Multiple carriers,Delhi,Cochin,DEL ? BOM ? COK,19:15,No info,6106,9,4,1,0,0,635.0,520
SpiceJet,Kolkata,Banglore,CCU ? BLR,00:40 04 May,No info,3873,3,5,4,0,0,1340.0,140
Jet Airways,Delhi,Cochin,DEL ? JDH ? BOM ? COK,19:00,In-flight meal not included,15812,15,6,5,0,0,700.0,440
Jet Airways,Kolkata,Banglore,CCU ? DEL ? BLR,14:25 25 May,No info,12121,24,5,4,0,0,1225.0,1080
Jet Airways,Kolkata,Banglore,CCU ? BOM ? BLR,19:50,In-flight meal not included,8586,12,5,6,0,0,390.0,800
Multiple carriers,Delhi,Cochin,DEL ? BOM ? COK,19:15,No info,7354,12,6,2,0,0,450.0,705
IndiGo,Kolkata,Banglore,CCU ? BLR,00:05 07 Mar,No info,4778,6,3,2,0,0,1285.0,160
IndiGo,Delhi,Cochin,DEL ? BOM ? COK,21:00,No info,6838,9,6,6,0,0,510.0,750
Multiple carriers,Delhi,Cochin,DEL ? HYD ? COK,22:20,No info,10276,6,3,2,0,0,585.0,755
Jet Airways,Banglore,Delhi,BLR ? DEL,11:20,No info,8016,18,6,1,0,0,500.0,180
Air India,Banglore,New Delhi,BLR ? HYD ? DEL,18:30,No info,4943,21,3,3,0,0,495.0,615
IndiGo,Banglore,Delhi,BLR ? DEL,11:20,No info,4823,24,6,0,0,0,510.0,170
Jet Airways,Kolkata,Banglore,CCU ? BOM ? BLR,16:20,No info,12996,1,4,0,0,0,505.0,475
Air India,Delhi,Cochin,DEL ? BOM ? COK,19:15,No info,9929,27,5,0,0,0,540.0,615
Multiple carriers,Delhi,Cochin,DEL ? BOM ? COK,01:30 04 Jun,No info,9508,3,6,0,0,0,600.0,930
Air India,Delhi,Cochin,DEL ? COK,21:10,No info,5674,21,3,3,0,0,1085.0,185
IndiGo,Chennai,Kolkata,MAA ? CCU,14:00,No info,3858,18,6,1,0,0,695.0,145
IndiGo,Kolkata,Banglore,CCU ? BLR,00:50 25 May,No info,4804,24,5,4,0,0,1335.0,155
Multiple carriers,Delhi,Cochin,DEL ? BOM ? COK,01:30 28 May,No info,13377,27,5,0,0,0,840.0,690
Jet Airways,Delhi,Cochin,DEL ? BOM ? COK,04:25 28 May,In-flight meal not included,12898,27,5,0,0,0,900.0,805
Air Asia,Kolkata,Banglore,CCU ? BLR,12:55,No info,4409,1,6,5,0,0,620.0,155
Air Asia,Delhi,Cochin,DEL ? BLR ? COK,22:25,No info,8759,1,6,5,0,0,475.0,870
Air India,Banglore,New Delhi,BLR ? AMD ? DEL,23:55,No info,10394,3,3,6,0,0,30.0,1405
IndiGo,Chennai,Kolkata,MAA ? CCU,14:00,No info,3858,18,3,0,0,0,695.0,145
Air Asia,Delhi,Cochin,DEL ? BLR ? COK,13:25,No info,6253,15,6,5,0,0,475.0,330
Jet Airways,Delhi,Cochin,DEL ? AMD ? BOM ? COK,12:35 28 May,No info,15129,27,5,0,0,0,1150.0,1045
GoAir,Kolkata,Banglore,CCU ? HYD ? BLR,14:25,No info,4773,24,3,6,0,0,395.0,470
Jet Airways,Kolkata,Banglore,CCU ? BOM ? BLR,09:20 22 May,In-flight meal not included,9663,21,5,1,0,0,390.0,1610
Jet Airways,Kolkata,Banglore,CCU ? DEL ? BLR,09:45 13 Jun,No info,12692,12,6,2,0,0,1020.0,1005
IndiGo,Banglore,Delhi,BLR ? DEL,04:15,No info,3943,6,6,3,0,0,90.0,165
Jet Airways,Kolkata,Banglore,CCU ? DEL ? BLR,21:05 13 May,In-flight meal not included,10703,12,5,6,0,0,1020.0,1685
IndiGo,Delhi,Cochin,DEL ? BOM ? COK,21:00,No info,8784,27,3,2,0,0,400.0,860
Multiple carriers,Delhi,Cochin,DEL ? BOM ? COK,19:00,No info,11622,9,6,6,0,0,555.0,585
IndiGo,Chennai,Kolkata,MAA ? CCU,00:25 25 May,No info,5277,24,5,4,0,0,1325.0,140
Air Asia,Delhi,Cochin,DEL ? BLR ? COK,07:10 22 May,No info,8327,21,5,1,0,0,1005.0,865
IndiGo,Delhi,Cochin,DEL ? COK,08:50,No info,6885,9,3,5,0,0,335.0,195
Jet Airways,Banglore,Delhi,BLR ? DEL,20:45,No info,8016,12,6,2,0,0,1065.0,180
IndiGo,Delhi,Cochin,DEL ? PNQ ? COK,04:35 02 Jun,No info,10112,1,6,5,0,0,1410.0,305
IndiGo,Delhi,Cochin,DEL ? BOM ? COK,01:35 07 Mar,No info,14871,6,3,2,0,0,1050.0,485
Jet Airways,Delhi,Cochin,DEL ? BOM ? COK,19:00,In-flight meal not included,10262,9,6,6,0,0,540.0,600
Jet Airways,Mumbai,Hyderabad,BOM ? HYD,21:05,In-flight meal not included,2470,24,3,6,0,0,1175.0,90
Air India,Delhi,Cochin,DEL ? HYD ? MAA ? COK,09:25 10 Mar,No info,11622,9,3,5,0,0,795.0,1210
Vistara,Kolkata,Banglore,CCU ? DEL ? BLR,10:45 07 May,No info,8662,6,5,0,0,0,1220.0,865
Air India,Delhi,Cochin,DEL ? HYD ? BOM ? COK,19:15 25 Jun,No info,11972,24,6,0,0,0,1035.0,1560
Jet Airways,Delhi,Cochin,DEL ? LKO ? BOM ? COK,04:25 07 Jun,In-flight meal not included,11992,6,6,3,0,0,565.0,1140
Jet Airways,Delhi,Cochin,DEL ? BOM ? COK,04:25 19 May,In-flight meal not included,12373,18,5,5,0,0,600.0,1105
Multiple carriers,Delhi,Cochin,DEL ? BOM ? COK,01:30 02 Jun,No info,7198,1,6,5,0,0,600.0,930
Jet Airways,Delhi,Cochin,DEL ? BOM ? COK,12:35,No info,14714,15,6,5,0,0,425.0,330
IndiGo,Delhi,Cochin,DEL ? BOM ? COK,01:30 10 Jun,No info,6316,9,6,6,0,0,960.0,570
Air India,Delhi,Cochin,DEL ? BLR ? COK,08:15 28 Mar,No info,5998,27,3,2,0,0,1060.0,875
Jet Airways,Kolkata,Banglore,CCU ? BOM ? BLR,16:20 13 Jun,No info,13044,12,6,2,0,0,1135.0,1285
Multiple carriers,Delhi,Cochin,DEL ? HYD ? COK,22:30,No info,9646,12,6,2,0,0,785.0,565
Air Asia,Delhi,Cochin,DEL ? BLR ? COK,07:10 28 Jun,No info,6451,27,6,3,0,0,1005.0,865
GoAir,Delhi,Cochin,DEL ? BOM ? COK,12:55,No info,5281,24,6,0,0,0,420.0,355
Jet Airways,Mumbai,Hyderabad,BOM ? HYD,21:05,In-flight meal not included,2228,1,5,2,0,0,1175.0,90
IndiGo,Banglore,Delhi,BLR ? DEL,08:50,No info,3943,1,6,5,0,0,365.0,165
Air India,Delhi,Cochin,DEL ? GOI ? BOM ? COK,07:40 16 Jun,No info,11753,15,6,5,0,0,655.0,1245
Jet Airways,Delhi,Cochin,DEL ? AMD ? BOM ? COK,12:35 25 Jun,No info,12819,24,6,0,0,0,1385.0,810
Jet Airways,Delhi,Cochin,DEL ? MAA ? BOM ? COK,18:50 22 Mar,In-flight meal not included,8728,21,3,3,0,0,835.0,1735
SpiceJet,Delhi,Cochin,DEL ? PNQ ? COK,13:15,No info,4812,9,5,3,0,0,525.0,270
Jet Airways,Kolkata,Banglore,CCU ? DEL ? BLR,22:05 02 May,No info,14151,1,5,2,0,0,1020.0,1745
Vistara,Kolkata,Banglore,CCU ? DEL ? BLR,09:05 02 May,No info,8452,1,5,2,0,0,1220.0,765
IndiGo,Kolkata,Banglore,CCU ? HYD ? BLR,20:15,No info,6762,24,3,6,0,0,910.0,305
Jet Airways,Banglore,New Delhi,BLR ? BOM ? DEL,13:15 13 Mar,No info,13817,12,3,1,0,0,1135.0,1100
Jet Airways,Delhi,Cochin,DEL ? BOM ? COK,12:35 22 May,In-flight meal not included,12898,21,5,1,0,0,840.0,1355
IndiGo,Kolkata,Banglore,CCU ? HYD ? BLR,23:45,No info,3480,6,4,5,0,0,1160.0,265
Jet Airways,Banglore,New Delhi,BLR ? BOM ? DEL,21:20,1 Long layover,27992,1,3,4,0,0,700.0,580
Jet Airways,Delhi,Cochin,DEL ? BDQ ? BOM ? COK,04:25 22 Mar,In-flight meal not included,7791,21,3,3,0,0,1105.0,600
Air India,Delhi,Cochin,DEL ? BLR ? COK,23:00,No info,5704,21,3,3,0,0,370.0,1010
IndiGo,Kolkata,Banglore,CCU ? MAA ? BLR,22:15,No info,5268,21,5,1,0,0,995.0,340
GoAir,Banglore,Delhi,BLR ? DEL,14:30,No info,3898,6,6,3,0,0,700.0,170
SpiceJet,Kolkata,Banglore,CCU ? BLR,11:30,No info,3847,15,3,4,0,0,540.0,150
Multiple carriers,Delhi,Cochin,DEL ? BOM ? COK,19:00,No info,10877,12,6,2,0,0,450.0,690
Multiple carriers,Delhi,Cochin,DEL ? BOM ? COK,19:15,No info,8371,9,4,1,0,0,525.0,630
Multiple carriers,Delhi,Cochin,DEL ? HYD ? COK,22:30,No info,7038,6,6,3,0,0,430.0,920
Jet Airways,Kolkata,Banglore,CCU ? BOM ? BLR,16:20,No info,14571,9,6,6,0,0,390.0,590
Jet Airways,Kolkata,Banglore,CCU ? BOM ? BLR,09:20 10 Jun,In-flight meal not included,11841,9,6,6,0,0,1200.0,800
Jet Airways,Delhi,Cochin,DEL ? AMD ? BOM ? COK,12:35 19 May,No info,15129,18,5,5,0,0,805.0,1390
SpiceJet,Kolkata,Banglore,CCU ? BLR,00:40 16 Jun,No check-in baggage included,3841,15,6,5,0,0,1340.0,140
Jet Airways,Delhi,Cochin,DEL ? BOM ? COK,12:35 25 Jun,In-flight meal not included,10262,24,6,0,0,0,690.0,1505
Air India,Kolkata,Banglore,CCU ? BLR,23:20,No info,4460,6,4,5,0,0,1245.0,155
IndiGo,Banglore,New Delhi,BLR ? DEL,21:20,No info,7648,3,3,6,0,0,1105.0,175
Vistara,Kolkata,Banglore,CCU ? DEL ? BLR,20:20,No info,8610,6,6,3,0,0,430.0,790
IndiGo,Chennai,Kolkata,MAA ? CCU,15:35,No info,3597,18,6,1,0,0,795.0,140
IndiGo,Delhi,Cochin,DEL ? HYD ? COK,16:10,No info,6442,24,6,0,0,0,455.0,515
IndiGo,Delhi,Cochin,DEL ? BOM ? COK,21:00,No info,12351,9,3,5,0,0,400.0,860
Multiple carriers,Delhi,Cochin,DEL ? BOM ? COK,01:30 22 May,No info,14067,21,5,1,0,0,1050.0,480
IndiGo,Banglore,Delhi,BLR ? DEL,22:50,No info,4823,15,5,2,0,0,1200.0,170
Vistara,Kolkata,Banglore,CCU ? DEL ? BLR,22:10 25 Mar,No info,12102,24,3,6,0,0,1020.0,1750
Jet Airways,Mumbai,Hyderabad,BOM ? HYD,08:30,No info,8040,24,5,4,0,0,425.0,85
IndiGo,Banglore,New Delhi,BLR ? DEL,13:00,No info,7648,3,3,6,0,0,605.0,175
IndiGo,Delhi,Cochin,DEL ? MAA ? COK,07:25,No info,6582,9,5,3,0,0,120.0,325
Vistara,Banglore,Delhi,BLR ? DEL,14:20,No info,4668,12,6,2,0,0,690.0,170
IndiGo,Banglore,Delhi,BLR ? DEL,22:50,No info,4823,1,4,0,0,0,1200.0,170
SpiceJet,Kolkata,Banglore,CCU ? BLR,00:40 02 May,No info,3873,1,5,2,0,0,1340.0,140
Multiple carriers,Delhi,Cochin,DEL ? BOM ? COK,19:15,No info,8476,18,5,5,0,0,620.0,535
IndiGo,Delhi,Cochin,DEL ? MAA ? COK,12:30,No info,5636,27,5,0,0,0,435.0,315
Jet Airways,Kolkata,Banglore,CCU ? BOM ? BLR,19:50,In-flight meal not included,8586,12,5,6,0,0,505.0,685
IndiGo,Banglore,Delhi,BLR ? DEL,21:20,No info,4823,6,6,3,0,0,1105.0,175
Air India,Delhi,Cochin,DEL ? COK,08:00,No info,6881,6,3,2,0,0,310.0,170
Jet Airways,Kolkata,Banglore,CCU ? BOM ? BLR,22:35,In-flight meal not included,10844,9,5,3,0,0,845.0,510
IndiGo,Kolkata,Banglore,CCU ? BBI ? BLR,23:15,No info,4226,24,4,2,0,0,1175.0,220
Jet Airways,Delhi,Cochin,DEL ? BOM ? COK,19:00 10 May,In-flight meal not included,12373,9,5,3,0,0,1155.0,1425
Air India,Kolkata,Banglore,CCU ? JAI ? BOM ? BLR,21:50,No info,10697,6,6,3,0,0,500.0,810
Jet Airways,Mumbai,Hyderabad,BOM ? HYD,11:50,In-flight meal not included,4995,3,6,0,0,0,620.0,90
Air India,Delhi,Cochin,DEL ? AMD ? BOM ? COK,19:15 25 Jun,No info,9443,24,6,0,0,0,1000.0,1595
Jet Airways,Delhi,Cochin,DEL ? JAI ? BOM ? COK,04:25 19 May,In-flight meal not included,13029,18,5,5,0,0,330.0,1375
Jet Airways,Delhi,Cochin,DEL ? BDQ ? BOM ? COK,04:25 23 Mar,No info,12347,21,3,3,0,0,1105.0,2040
Multiple carriers,Delhi,Cochin,DEL ? BOM ? COK,21:00,No info,7408,9,6,6,0,0,780.0,480
Jet Airways,Kolkata,Banglore,CCU ? BOM ? BLR,09:20 02 Apr,In-flight meal not included,7064,1,4,0,0,0,1135.0,865
Jet Airways,Delhi,Cochin,DEL ? BOM ? COK,04:25 07 Mar,In-flight meal not included,13843,6,3,2,0,0,780.0,925
IndiGo,Kolkata,Banglore,CCU ? BLR,18:05,No info,4174,12,4,4,0,0,930.0,155
Multiple carriers,Delhi,Cochin,DEL ? GWL ? IDR ? BOM ? COK,21:00,No info,16294,15,5,2,0,0,695.0,565
SpiceJet,Kolkata,Banglore,CCU ? BLR,09:30,No check-in baggage included,3841,18,5,5,0,0,415.0,155
IndiGo,Banglore,Delhi,BLR ? DEL,06:50,No info,4423,15,6,5,0,0,240.0,170
Air India,Delhi,Cochin,DEL ? COK,08:00,No info,5201,12,6,2,0,0,310.0,170
Air India,Banglore,New Delhi,BLR ? BOM ? IDR ? DEL,11:10 07 Mar,No info,12599,3,3,6,0,0,405.0,1705
IndiGo,Mumbai,Hyderabad,BOM ? HYD,07:55,No info,4049,21,5,1,0,0,385.0,90
Air India,Kolkata,Banglore,CCU ? BOM ? TRV ? BLR,10:30 25 May,No info,12797,24,5,4,0,0,565.0,1505
Jet Airways,Kolkata,Banglore,CCU ? DEL ? BLR,10:55 25 May,No info,13067,24,5,4,0,0,1225.0,870
Vistara,Kolkata,Banglore,CCU ? DEL ? BLR,18:50 25 May,No info,9345,24,5,4,0,0,1220.0,1350
IndiGo,Delhi,Cochin,DEL ? HYD ? COK,12:10,No info,6818,21,5,1,0,0,305.0,425
Jet Airways,Mumbai,Hyderabad,BOM ? HYD,11:50,No info,8040,3,5,4,0,0,620.0,90
Jet Airways,Delhi,Cochin,DEL ? ATQ ? BOM ? COK,12:35 13 Jun,No info,14300,12,6,2,0,0,1100.0,1095
Multiple carriers,Delhi,Cochin,DEL ? BOM ? COK,01:30 16 May,No info,13727,15,5,2,0,0,1095.0,435
Jet Airways,Banglore,New Delhi,BLR ? BOM ? DEL,10:25 19 Mar,In-flight meal not included,7832,21,3,3,0,0,1015.0,1050
Multiple carriers,Delhi,Cochin,DEL ? BOM ? COK,12:55,No info,16259,9,3,5,0,0,240.0,535
IndiGo,Banglore,Delhi,BLR ? DEL,11:20,No info,4823,27,6,3,0,0,510.0,170
Jet Airways,Banglore,New Delhi,BLR ? BOM ? DEL,08:15 07 Mar,No info,16736,6,3,2,0,0,700.0,1235
Air India,Kolkata,Banglore,CCU ? BOM ? AMD ? BLR,05:25 07 Jun,No info,13217,6,6,3,0,0,565.0,1200
Multiple carriers,Delhi,Cochin,DEL ? BOM ? COK,21:00,No info,6637,27,3,2,0,0,770.0,490
Jet Airways,Kolkata,Banglore,CCU ? BOM ? BLR,12:00 10 Jun,In-flight meal not included,10844,9,6,6,0,0,1135.0,1025
Multiple carriers,Delhi,Cochin,DEL ? BOM ? COK,19:15,In-flight meal not included,8401,21,3,3,0,0,600.0,555
SpiceJet,Kolkata,Banglore,CCU ? BLR,11:25,No info,3873,12,4,4,0,0,540.0,145
Jet Airways,Delhi,Cochin,DEL ? ATQ ? BOM ? COK,04:25 25 Jun,In-flight meal not included,12410,24,6,0,0,0,1200.0,505
Jet Airways,Delhi,Cochin,DEL ? AMD ? BOM ? COK,12:35 19 May,No info,15129,18,5,5,0,0,1385.0,810
IndiGo,Banglore,Delhi,BLR ? DEL,15:50,No info,4423,1,5,2,0,0,780.0,170
Jet Airways,Delhi,Cochin,DEL ? BOM ? COK,19:00,No info,16079,27,5,0,0,0,780.0,360
Air India,Kolkata,Banglore,CCU ? VNS ? DEL ? BLR,08:55 07 Jun,No info,15894,6,6,3,0,0,870.0,1105
Multiple carriers,Delhi,Cochin,DEL ? BOM ? COK,19:00,No info,9103,15,5,2,0,0,295.0,845
Air India,Delhi,Cochin,DEL ? BLR ? COK,08:15 13 Jun,No info,8991,12,6,2,0,0,585.0,1350
Air India,Kolkata,Banglore,CCU ? BOM ? HBX ? BLR,18:20 02 Apr,No info,7893,1,4,0,0,0,1010.0,1530
IndiGo,Mumbai,Hyderabad,BOM ? HYD,04:00,No info,4575,3,3,6,0,0,150.0,90
SpiceJet,Kolkata,Banglore,CCU ? BLR,11:25,No info,3873,3,5,4,0,0,540.0,145
Jet Airways,Banglore,New Delhi,BLR ? BOM ? DEL,21:20,In-flight meal not included,7832,21,3,3,0,0,345.0,935
IndiGo,Chennai,Kolkata,MAA ? CCU,17:05,No info,3597,1,5,2,0,0,885.0,140
Jet Airways,Kolkata,Banglore,CCU ? BOM ? BLR,23:25 25 Mar,No info,13759,24,3,6,0,0,1270.0,1575
Jet Airways,Banglore,Delhi,BLR ? DEL,22:00,No info,7229,27,5,0,0,0,1135.0,185
SpiceJet,Kolkata,Banglore,CCU ? BLR,09:30,No info,3873,15,4,0,0,0,415.0,155
Multiple carriers,Delhi,Cochin,DEL ? BOM ? COK,19:00,No info,9794,15,5,2,0,0,360.0,780
Air India,Delhi,Cochin,DEL ? BLR ? COK,08:15 28 Mar,No info,6681,27,3,2,0,0,810.0,1125
IndiGo,Banglore,Delhi,BLR ? DEL,00:15 22 Apr,No info,4423,21,4,6,0,0,1275.0,180
Jet Airways,Kolkata,Banglore,CCU ? BOM ? BLR,19:50,In-flight meal not included,10844,15,5,2,0,0,505.0,685
IndiGo,Delhi,Cochin,DEL ? BOM ? COK,21:00,No info,7258,1,6,5,0,0,555.0,705
Jet Airways,Mumbai,Hyderabad,BOM ? HYD,11:50,In-flight meal not included,4995,12,6,2,0,0,620.0,90
Jet Airways,Delhi,Cochin,DEL ? BOM ? COK,19:00 10 Jun,No info,14924,9,6,6,0,0,1255.0,1325
Vistara,Banglore,New Delhi,BLR ? AMD ? DEL,10:25 16 Mar,No info,6590,15,3,4,0,0,400.0,1665
Jet Airways,Delhi,Cochin,DEL ? BOM ? COK,12:35 04 Jun,In-flight meal not included,10262,3,6,0,0,0,1255.0,940
SpiceJet,Kolkata,Banglore,CCU ? BLR,11:30,No info,5515,9,3,5,0,0,540.0,150
Jet Airways,Delhi,Cochin,DEL ? AMD ? BOM ? COK,19:45 28 Mar,In-flight meal not included,6643,27,3,2,0,0,1150.0,1475
IndiGo,Mumbai,Hyderabad,BOM ? HYD,20:35,No info,2754,24,6,0,0,0,1145.0,90
IndiGo,Delhi,Cochin,DEL ? BLR ? COK,22:15,No info,6493,9,6,6,0,0,1025.0,310
IndiGo,Kolkata,Banglore,CCU ? NAG ? BLR,23:30,No info,6218,24,5,4,0,0,1085.0,325
Air India,Delhi,Cochin,DEL ? BHO ? BOM ? COK,19:15,No info,10861,6,6,3,0,0,355.0,800
IndiGo,Delhi,Cochin,DEL ? HYD ? COK,16:10,No info,7094,6,3,2,0,0,455.0,515
SpiceJet,Mumbai,Hyderabad,BOM ? HYD,00:10 25 Mar,No info,2227,24,3,6,0,0,1365.0,85
Jet Airways,Banglore,Delhi,BLR ? DEL,22:50,In-flight meal not included,4544,21,4,6,0,0,1190.0,180
Air India,Banglore,New Delhi,BLR ? CCU ? BBI ? DEL,16:20,No info,7664,21,3,3,0,0,350.0,630
Jet Airways,Banglore,Delhi,BLR ? DEL,20:45,No info,8016,27,6,3,0,0,1065.0,180
Air Asia,Kolkata,Banglore,CCU ? BLR,01:20 28 May,No info,3807,27,5,0,0,0,1370.0,150
Air India,Delhi,Cochin,DEL ? LKO ? BOM ? COK,19:15,No info,12698,3,6,0,0,0,430.0,725
Jet Airways,Kolkata,Banglore,CCU ? BOM ? BLR,04:40 25 May,In-flight meal not included,8586,24,5,4,0,0,390.0,1330
Jet Airways,Kolkata,Banglore,CCU ? BOM ? BLR,04:40 02 Apr,In-flight meal not included,7064,1,4,0,0,0,390.0,1330
IndiGo,Delhi,Cochin,DEL ? COK,08:50,No info,5601,9,6,6,0,0,335.0,195
SpiceJet,Delhi,Cochin,DEL ? MAA ? COK,22:05,No info,7317,21,5,1,0,0,945.0,380
Air India,Kolkata,Banglore,CCU ? DEL ? COK ? TRV ? BLR,10:30 07 May,No info,12797,6,5,0,0,0,600.0,1470
IndiGo,Kolkata,Banglore,CCU ? MAA ? BLR,10:30,No info,4226,6,4,5,0,0,375.0,255
Jet Airways,Kolkata,Banglore,CCU ? DEL ? BLR,23:35,No info,14151,12,5,6,0,0,1020.0,395
IndiGo,Delhi,Cochin,DEL ? BOM ? COK,01:35 28 Mar,No info,6628,27,3,2,0,0,645.0,890
IndiGo,Banglore,New Delhi,BLR ? DEL,06:50,No info,8033,9,3,5,0,0,240.0,170
Multiple carriers,Delhi,Cochin,DEL ? BOM ? COK,19:00,No info,11200,1,6,5,0,0,635.0,505
IndiGo,Kolkata,Banglore,CCU ? BLR,18:05,No info,4804,24,6,0,0,0,930.0,155
Air Asia,Kolkata,Banglore,CCU ? DEL ? BLR,10:40 13 Jun,No info,5192,12,6,2,0,0,1360.0,720
Jet Airways,Delhi,Cochin,DEL ? JAI ? BOM ? COK,04:25 13 Jun,No info,13014,12,6,2,0,0,580.0,1125
Jet Airways,Kolkata,Banglore,CCU ? BOM ? BLR,22:35 22 May,In-flight meal not included,10844,21,5,1,0,0,1270.0,1525
Multiple carriers,Delhi,Cochin,DEL ? BOM ? COK,15:30,No info,15603,6,3,2,0,0,420.0,510
GoAir,Banglore,Delhi,BLR ? DEL,10:40,No info,4239,3,4,2,0,0,465.0,175
Jet Airways,Kolkata,Banglore,CCU ? BOM ? BLR,10:05 13 Jun,No info,13044,12,6,2,0,0,845.0,1200
Jet Airways,Delhi,Cochin,DEL ? BOM ? COK,19:00 28 May,In-flight meal not included,12898,27,5,0,0,0,1095.0,1485
SpiceJet,Kolkata,Banglore,CCU ? PNQ ? BLR,17:15,No info,6013,1,4,0,0,0,515.0,520
Jet Airways,Kolkata,Banglore,CCU ? BOM ? BLR,22:35,No info,14781,6,5,0,0,0,990.0,365
Jet Airways,Delhi,Cochin,DEL ? BOM ? COK,04:25 22 Mar,No info,12557,21,3,3,0,0,1050.0,655
Multiple carriers,Delhi,Cochin,DEL ? BOM ? COK,18:50,No info,13875,6,3,2,0,0,285.0,845
Jet Airways,Delhi,Cochin,DEL ? IDR ? BOM ? COK,04:25 16 Jun,In-flight meal not included,11507,15,6,5,0,0,575.0,1130
Air India,Kolkata,Banglore,CCU ? BLR,16:45,No info,5510,18,6,1,0,0,855.0,150
GoAir,Kolkata,Banglore,CCU ? AMD ? BLR,00:05 25 Mar,No info,10198,24,3,6,0,0,985.0,460
Jet Airways,Kolkata,Banglore,CCU ? GAU ? BLR,17:35,No info,8355,12,6,2,0,0,620.0,435
Jet Airways,Banglore,Delhi,BLR ? DEL,22:00,No info,8016,1,6,5,0,0,1135.0,185
IndiGo,Delhi,Cochin,DEL ? BOM ? COK,21:00,No info,6314,27,5,0,0,0,635.0,625
Air India,Delhi,Cochin,DEL ? COK,08:00,No info,5831,9,3,5,0,0,310.0,170
Jet Airways,Delhi,Cochin,DEL ? BOM ? COK,04:25 25 Jun,In-flight meal not included,10262,24,6,0,0,0,1155.0,550
Multiple carriers,Delhi,Cochin,DEL ? BOM ? COK,01:35 07 Mar,In-flight meal not included,15136,6,3,2,0,0,835.0,700
Jet Airways,Banglore,New Delhi,BLR ? BOM ? DEL,10:25 19 Mar,In-flight meal not included,7832,21,3,3,0,0,1235.0,830
SpiceJet,Chennai,Kolkata,MAA ? CCU,10:35,No info,3859,24,3,6,0,0,500.0,135
IndiGo,Kolkata,Banglore,CCU ? BLR,17:45,No info,4174,6,4,5,0,0,915.0,150
Jet Airways,Banglore,New Delhi,BLR ? BOM ? DEL,11:25,No info,19225,6,3,2,0,0,345.0,340
IndiGo,Delhi,Cochin,DEL ? BOM ? COK,21:00,No info,10518,9,3,5,0,0,285.0,975
IndiGo,Banglore,Delhi,BLR ? DEL,10:05,No info,4823,6,4,5,0,0,430.0,175
Air India,Banglore,New Delhi,BLR ? DEL,12:45,No info,7276,24,3,6,0,0,600.0,165
Multiple carriers,Delhi,Cochin,DEL ? BOM ? COK,19:00,No info,12192,9,6,6,0,0,600.0,540
Air Asia,Delhi,Cochin,DEL ? BLR ? COK,07:10 02 Jun,No info,11410,1,6,5,0,0,1005.0,865
Air India,Kolkata,Banglore,CCU ? DEL ? COK ? BLR,01:20 22 May,No info,13033,21,5,1,0,0,600.0,920
Jet Airways,Banglore,New Delhi,BLR ? BOM ? DEL,15:15,No info,26890,1,3,4,0,0,345.0,570
IndiGo,Kolkata,Banglore,CCU ? BLR,17:45,No info,4804,27,6,3,0,0,915.0,150
Jet Airways,Kolkata,Banglore,CCU ? BOM ? BLR,20:45 16 May,In-flight meal not included,10844,15,5,2,0,0,1135.0,1550
Air India,Delhi,Cochin,DEL ? JDH ? BOM ? COK,19:15 13 Jun,No info,12436,12,6,2,0,0,775.0,1820
IndiGo,Banglore,Delhi,BLR ? DEL,10:05,No info,4823,21,6,4,0,0,430.0,175
IndiGo,Mumbai,Hyderabad,BOM ? HYD,22:50,No info,2227,3,6,0,0,0,1280.0,90
Jet Airways,Delhi,Cochin,DEL ? BOM ? COK,12:35 02 Jun,In-flight meal not included,10262,1,6,5,0,0,1255.0,940
Jet Airways,Delhi,Cochin,DEL ? BOM ? COK,04:25 04 Mar,No info,17024,3,3,6,0,0,480.0,1225
Jet Airways,Delhi,Cochin,DEL ? IXC ? BOM ? COK,04:25 28 Mar,In-flight meal not included,9296,27,3,2,0,0,380.0,1325
Air India,Delhi,Cochin,DEL ? COK,21:10,No info,6094,6,6,3,0,0,1085.0,185
Jet Airways,Kolkata,Banglore,CCU ? BOM ? BLR,04:40 10 Jun,In-flight meal not included,8586,9,6,6,0,0,505.0,1215
Jet Airways,Delhi,Cochin,DEL ? NAG ? BOM ? COK,04:25 16 Jun,In-flight meal not included,10919,15,6,5,0,0,405.0,1300
GoAir,Kolkata,Banglore,CCU ? AMD ? BLR,00:15 10 Jun,No info,9495,9,6,6,0,0,1000.0,455
Jet Airways,Delhi,Cochin,DEL ? BOM ? COK,04:25 13 Jun,No info,14714,12,6,2,0,0,1310.0,395
Air India,Delhi,Cochin,DEL ? COK,17:10,No info,5201,24,6,0,0,0,850.0,180
Air India,Delhi,Cochin,DEL ? HYD ? MAA ? COK,09:25 28 Mar,No info,7090,27,3,2,0,0,585.0,1420
IndiGo,Mumbai,Hyderabad,BOM ? HYD,10:40,No info,4575,15,5,2,0,0,550.0,90
Multiple carriers,Delhi,Cochin,DEL ? HYD ? COK,16:10,No info,9646,15,5,2,0,0,425.0,545
IndiGo,Delhi,Cochin,DEL ? MAA ? COK,07:25,No info,5636,12,6,2,0,0,120.0,325
Multiple carriers,Delhi,Cochin,DEL ? HYD ? COK,16:10,No info,9646,15,6,5,0,0,425.0,545
Jet Airways,Mumbai,Hyderabad,BOM ? HYD,21:10,In-flight meal not included,4050,9,3,5,0,0,1180.0,90
Jet Airways,Delhi,Cochin,DEL ? BOM ? COK,19:00 10 Jun,No info,14714,9,6,6,0,0,1310.0,1270
IndiGo,Kolkata,Banglore,CCU ? BLR,17:45,No info,4804,18,6,1,0,0,915.0,150
Jet Airways,Delhi,Cochin,DEL ? BOM ? COK,19:00 10 Jun,In-flight meal not included,10577,9,6,6,0,0,1095.0,1485
GoAir,Banglore,Delhi,BLR ? DEL,23:40,No info,3898,15,6,5,0,0,1255.0,165
Jet Airways,Kolkata,Banglore,CCU ? BOM ? BLR,12:00 07 Jun,No info,14571,6,6,3,0,0,1200.0,960
Jet Airways,Delhi,Cochin,DEL ? NAG ? BOM ? COK,04:25 16 Jun,In-flight meal not included,10919,15,6,5,0,0,405.0,1300
Jet Airways,Banglore,Delhi,BLR ? DEL,08:45,No info,8016,18,6,1,0,0,360.0,165
IndiGo,Delhi,Cochin,DEL ? HYD ? COK,12:00,No info,6287,21,3,3,0,0,295.0,425
Air India,Kolkata,Banglore,CCU ? BOM ? BLR,07:55 07 Jun,No info,8366,6,6,3,0,0,1010.0,905
Jet Airways,Delhi,Cochin,DEL ? BOM ? COK,18:50,In-flight meal not included,15400,6,3,2,0,0,690.0,440
Vistara,Banglore,New Delhi,BLR ? DEL,22:20,No info,8553,3,3,6,0,0,1180.0,160
SpiceJet,Kolkata,Banglore,CCU ? BLR,09:30,No check-in baggage included,3841,9,4,1,0,0,415.0,155
Air India,Delhi,Cochin,DEL ? BHO ? BOM ? COK,07:40 10 Apr,No info,10021,9,4,1,0,0,355.0,1545
SpiceJet,Chennai,Kolkata,MAA ? CCU,20:05,No info,3597,24,6,0,0,0,1065.0,140
IndiGo,Chennai,Kolkata,MAA ? CCU,14:00,No info,4332,24,5,4,0,0,695.0,145
GoAir,Banglore,Delhi,BLR ? DEL,23:40,No info,3898,21,6,4,0,0,1255.0,165
Jet Airways,Mumbai,Hyderabad,BOM ? BDQ ? DEL ? HYD,16:50 07 Mar,No info,21375,6,3,2,0,0,785.0,1665
Vistara,Kolkata,Banglore,CCU ? DEL ? BLR,23:25,No info,8610,6,6,3,0,0,430.0,975
IndiGo,Kolkata,Banglore,CCU ? BLR,19:50,No info,4804,15,6,5,0,0,1035.0,155
Air India,Delhi,Cochin,DEL ? CCU ? BOM ? COK,19:15 02 Jun,No info,13591,1,6,5,0,0,865.0,1730
Jet Airways,Kolkata,Banglore,CCU ? BOM ? BLR,16:20,No info,14781,6,5,0,0,0,390.0,590
Jet Airways,Banglore,New Delhi,BLR ? BOM ? DEL,13:15,In-flight meal not included,9134,15,3,4,0,0,480.0,315
Air India,Delhi,Cochin,DEL ? NAG ? BOM ? COK,07:40 10 Jun,No info,10493,9,6,6,0,0,355.0,1545
Jet Airways,Banglore,New Delhi,BLR ? BOM ? DEL,09:00 19 Mar,In-flight meal not included,8147,24,3,6,0,0,700.0,1280
SpiceJet,Kolkata,Banglore,CCU ? BLR,00:40 22 Jun,No info,3873,21,6,4,0,0,1340.0,140
Jet Airways,Kolkata,Banglore,CCU ? BOM ? BLR,12:00 10 Jun,No info,14571,9,6,6,0,0,1135.0,1025
Air India,Banglore,New Delhi,BLR ? VGA ? HYD ? DEL,21:25,No info,11003,3,3,6,0,0,630.0,655
Jet Airways,Delhi,Cochin,DEL ? BOM ? COK,04:25 04 Jun,In-flight meal not included,10262,3,6,0,0,0,1155.0,550
Jet Airways,Delhi,Cochin,DEL ? BOM ? COK,18:50,No info,12719,21,3,3,0,0,135.0,995
Jet Airways,Delhi,Cochin,DEL ? BOM ? COK,19:00 25 Jun,In-flight meal not included,10262,24,6,0,0,0,1255.0,1325
Air India,Banglore,Delhi,BLR ? DEL,19:45,No info,7171,21,6,4,0,0,1020.0,165
SpiceJet,Banglore,Delhi,BLR ? DEL,08:35,No info,4423,27,4,5,0,0,355.0,160
Multiple carriers,Delhi,Cochin,DEL ? BOM ? COK,01:35 10 Mar,In-flight meal not included,12616,9,3,5,0,0,1045.0,490
Air India,Delhi,Cochin,DEL ? HYD ? BOM ? COK,19:15 02 Jun,No info,12970,1,6,5,0,0,1035.0,1560
Jet Airways,Kolkata,Banglore,CCU ? BOM ? BLR,10:05 25 Mar,No info,14914,24,3,6,0,0,1270.0,775
Jet Airways,Mumbai,Hyderabad,BOM ? HYD,04:20,In-flight meal not included,3210,6,5,0,0,0,175.0,85
GoAir,Banglore,Delhi,BLR ? DEL,10:40,No info,4632,21,4,6,0,0,465.0,175
Jet Airways,Delhi,Cochin,DEL ? BOM ? COK,04:25 10 May,In-flight meal not included,12373,9,5,3,0,0,1050.0,655
IndiGo,Kolkata,Banglore,CCU ? BLR,16:55,No info,4804,15,6,5,0,0,865.0,150
Multiple carriers,Delhi,Cochin,DEL ? GWL ? IDR ? BOM ? COK,21:00,No info,21829,3,3,6,0,0,695.0,565
Multiple carriers,Delhi,Cochin,DEL ? BOM ? COK,21:00,No info,13587,1,6,5,0,0,480.0,780
Jet Airways,Delhi,Cochin,DEL ? AMD ? BOM ? COK,04:25 29 Jun,No info,12819,27,6,3,0,0,1385.0,1760
Air Asia,Delhi,Cochin,DEL ? BLR ? COK,07:10 28 Mar,No info,6151,27,3,2,0,0,1210.0,660
Jet Airways,Banglore,Delhi,BLR ? DEL,18:10,No info,8016,1,6,5,0,0,915.0,175
Multiple carriers,Delhi,Cochin,DEL ? BOM ? COK,18:50,No info,15135,6,3,2,0,0,450.0,680
IndiGo,Delhi,Cochin,DEL ? BOM ? COK,01:30 22 May,No info,6794,21,5,1,0,0,1030.0,500
Vistara,Kolkata,Banglore,CCU ? DEL ? BLR,20:20 16 May,No info,8610,15,5,2,0,0,1020.0,1640
Air India,Kolkata,Banglore,CCU ? IXR ? DEL ? BLR,12:30 19 May,No info,12723,18,5,5,0,0,350.0,1840
Air India,Kolkata,Banglore,CCU ? BBI ? BLR,13:15 07 Jun,No info,7662,6,6,3,0,0,720.0,1515
Multiple carriers,Delhi,Cochin,DEL ? BOM ? COK,01:35 10 Mar,No info,14343,9,3,5,0,0,1020.0,515
Multiple carriers,Delhi,Cochin,DEL ? BOM ? COK,01:30 02 Jun,No info,6795,1,6,5,0,0,620.0,910
SpiceJet,Kolkata,Banglore,CCU ? BLR,00:40 10 May,No info,3873,9,5,3,0,0,1340.0,140
IndiGo,Mumbai,Hyderabad,BOM ? HYD,20:35,No info,2754,12,6,2,0,0,1145.0,90
Air India,Mumbai,Hyderabad,BOM ? CCU ? HYD,21:15,No info,16666,6,3,2,0,0,370.0,905
Multiple carriers,Delhi,Cochin,DEL ? BOM ? COK,12:35,No info,11098,1,6,5,0,0,295.0,460
Jet Airways,Kolkata,Banglore,CCU ? DEL ? BLR,22:05 10 Jun,In-flight meal not included,10539,9,6,6,0,0,1020.0,1745
Air India,Delhi,Cochin,DEL ? BOM ? COK,19:15,No info,9929,27,5,0,0,0,420.0,735
Jet Airways,Kolkata,Banglore,CCU ? BOM ? BLR,16:20 13 May,In-flight meal not included,10844,12,5,6,0,0,990.0,1430
Jet Airways,Kolkata,Banglore,CCU ? DEL ? BLR,14:25 07 Jun,No info,12692,6,6,3,0,0,575.0,1730
Jet Airways,Delhi,Cochin,DEL ? BOM ? COK,04:25 22 Mar,In-flight meal not included,9212,21,3,3,0,0,1250.0,455
Multiple carriers,Delhi,Cochin,DEL ? BOM ? COK,01:30 16 May,No info,13727,15,5,2,0,0,900.0,630
Air Asia,Banglore,Delhi,BLR ? DEL,07:45,No info,4282,15,6,5,0,0,295.0,170
Jet Airways,Kolkata,Banglore,CCU ? BOM ? BLR,16:20 25 May,In-flight meal not included,10844,24,5,4,0,0,1135.0,1285
Air India,Delhi,Cochin,DEL ? MAA ? COK,09:25 28 Jun,No info,7480,27,6,3,0,0,1040.0,965
IndiGo,Banglore,Delhi,BLR ? DEL,19:55,No info,4823,1,5,2,0,0,1015.0,180
Jet Airways,Delhi,Cochin,DEL ? BOM ? COK,12:35 19 May,In-flight meal not included,12373,18,5,5,0,0,1370.0,825
Multiple carriers,Delhi,Cochin,DEL ? BOM ? COK,21:00,No info,7215,21,3,3,0,0,700.0,560
Air India,Delhi,Cochin,DEL ? MAA ? COK,09:25 10 May,No info,7480,9,5,3,0,0,365.0,1640
Multiple carriers,Delhi,Cochin,DEL ? BOM ? COK,21:00,No info,8143,24,6,0,0,0,540.0,720
IndiGo,Banglore,Delhi,BLR ? DEL,21:20,No info,4823,3,5,4,0,0,1105.0,175
Jet Airways,Kolkata,Banglore,CCU ? BOM ? BLR,08:15 07 Jun,In-flight meal not included,10844,6,6,3,0,0,1200.0,735
SpiceJet,Banglore,Delhi,BLR ? DEL,00:05 13 Apr,No info,5621,12,4,4,0,0,1270.0,175
Vistara,Kolkata,Banglore,CCU ? DEL ? BLR,20:20 19 May,No info,9555,18,5,5,0,0,1220.0,1440
IndiGo,Banglore,New Delhi,BLR ? DEL,04:15,No info,4777,21,3,3,0,0,90.0,165
SpiceJet,Banglore,New Delhi,BLR ? DEL,12:30,No info,7648,3,3,6,0,0,575.0,175
IndiGo,Kolkata,Banglore,CCU ? PAT ? BLR,14:15,No info,10308,1,4,0,0,0,560.0,295
Jet Airways,Delhi,Cochin,DEL ? JDH ? BOM ? COK,19:00,No info,21219,24,5,4,0,0,700.0,440
IndiGo,Kolkata,Banglore,CCU ? PAT ? BLR,14:15,No info,11319,6,5,0,0,0,560.0,295
Jet Airways,Kolkata,Banglore,CCU ? BOM ? BLR,20:45 16 May,In-flight meal not included,10844,15,5,2,0,0,1270.0,1415
Multiple carriers,Delhi,Cochin,DEL ? BOM ? COK,01:30 10 May,No info,15078,9,5,3,0,0,1095.0,435
SpiceJet,Mumbai,Hyderabad,BOM ? HYD,00:15 02 May,No info,2017,1,5,2,0,0,1365.0,90
Air Asia,Kolkata,Banglore,CCU ? BLR,01:20 02 Jun,No info,4409,1,6,5,0,0,1370.0,150
IndiGo,Delhi,Cochin,DEL ? HYD ? COK,12:10,No info,5054,9,6,6,0,0,455.0,275
Air India,Banglore,New Delhi,BLR ? CCU ? GAU ? DEL,22:10,No info,10111,15,3,4,0,0,350.0,980
SpiceJet,Banglore,New Delhi,BLR ? DEL,23:20,No check-in baggage included,4273,18,3,0,0,0,1230.0,170
Jet Airways,Delhi,Cochin,DEL ? MAA ? BOM ? COK,18:50 22 Mar,In-flight meal not included,8728,21,3,3,0,0,835.0,1735
Air India,Kolkata,Banglore,CCU ? BOM ? BLR,07:55 25 May,No info,8576,24,5,4,0,0,1010.0,905
Jet Airways,Banglore,Delhi,BLR ? DEL,20:45,No info,8016,3,6,0,0,0,1065.0,180
Jet Airways,Banglore,Delhi,BLR ? DEL,18:10,No info,8016,9,6,6,0,0,915.0,175
Jet Airways,Kolkata,Banglore,CCU ? DEL ? BLR,23:35 19 May,No info,14151,18,5,5,0,0,1225.0,1630
IndiGo,Banglore,Delhi,BLR ? DEL,08:50,No info,4423,15,4,0,0,0,365.0,165
Jet Airways,Mumbai,Hyderabad,BOM ? HYD,08:30,In-flight meal not included,4050,15,6,5,0,0,425.0,85
Jet Airways,Kolkata,Banglore,CCU ? BOM ? BLR,19:50,No info,14781,6,5,0,0,0,845.0,345
Jet Airways,Kolkata,Banglore,CCU ? BOM ? BLR,08:15 16 May,In-flight meal not included,8586,15,5,2,0,0,1200.0,735
Air Asia,Kolkata,Banglore,CCU ? BBI ? BLR,23:30,No info,5162,21,5,1,0,0,1195.0,215
Jet Airways,Kolkata,Banglore,CCU ? BOM ? BLR,04:40 10 Jun,No info,13731,9,6,6,0,0,1270.0,450
Jet Airways,Delhi,Cochin,DEL ? BOM ? COK,04:25 22 Mar,In-flight meal not included,7438,21,3,3,0,0,780.0,925
Jet Airways,Kolkata,Banglore,CCU ? DEL ? BLR,10:55 16 May,No info,14151,15,5,2,0,0,575.0,1520
Vistara,Banglore,Delhi,BLR ? DEL,23:50,No info,5613,12,4,4,0,0,1260.0,170
IndiGo,Kolkata,Banglore,CCU ? HYD ? BLR,20:05,No info,5380,15,5,2,0,0,915.0,290
Jet Airways,Delhi,Cochin,DEL ? BOM ? COK,04:25 22 Mar,In-flight meal not included,7438,21,3,3,0,0,690.0,1015
Multiple carriers,Delhi,Cochin,DEL ? HYD ? COK,22:30,No info,9646,1,6,5,0,0,425.0,925
Air Asia,Delhi,Cochin,DEL ? BLR ? COK,07:10 16 May,No info,6853,15,5,2,0,0,1245.0,625
Jet Airways,Banglore,New Delhi,BLR ? BOM ? DEL,20:20,No info,13555,18,3,0,0,0,845.0,375
IndiGo,Delhi,Cochin,DEL ? BOM ? COK,01:30 16 Jun,No info,5883,15,6,5,0,0,1050.0,480
IndiGo,Delhi,Cochin,DEL ? HYD ? COK,12:00,No info,6171,9,3,5,0,0,295.0,425
IndiGo,Mumbai,Hyderabad,BOM ? HYD,18:25,No info,3175,21,5,1,0,0,1015.0,90
IndiGo,Delhi,Cochin,DEL ? AMD ? COK,13:40,No info,4832,27,3,2,0,0,465.0,355
Multiple carriers,Delhi,Cochin,DEL ? BOM ? COK,01:30 02 Jun,No info,13377,1,6,5,0,0,960.0,570
Jet Airways,Delhi,Cochin,DEL ? BOM ? COK,04:25 25 Jun,In-flight meal not included,10262,24,6,0,0,0,1185.0,520
Jet Airways,Delhi,Cochin,DEL ? BOM ? COK,12:35 02 Jun,In-flight meal not included,10262,1,6,5,0,0,1095.0,1100
Air India,Delhi,Cochin,DEL ? JAI ? BOM ? COK,07:40 19 May,No info,8603,18,5,5,0,0,720.0,1180
Jet Airways,Kolkata,Banglore,CCU ? BOM ? BLR,04:40 07 Jun,In-flight meal not included,8586,6,6,3,0,0,390.0,1330
Vistara,Kolkata,Banglore,CCU ? DEL ? BLR,09:05 22 May,No info,8452,21,5,1,0,0,1220.0,765
Jet Airways,Kolkata,Banglore,CCU ? BOM ? BLR,18:10 25 Mar,No info,14231,24,3,6,0,0,1135.0,1395
Jet Airways,Delhi,Cochin,DEL ? BOM ? COK,19:00,No info,16289,21,5,1,0,0,480.0,660
SpiceJet,Banglore,New Delhi,BLR ? DEL,12:30,No info,6860,3,3,6,0,0,575.0,175
IndiGo,Mumbai,Hyderabad,BOM ? HYD,04:05,No info,2754,9,5,3,0,0,155.0,90
Multiple carriers,Delhi,Cochin,DEL ? HYD ? COK,22:30,No info,9646,9,6,6,0,0,425.0,925
Air India,Chennai,Kolkata,MAA ? CCU,13:55,No info,4667,27,5,0,0,0,700.0,135
IndiGo,Kolkata,Banglore,CCU ? BLR,18:05,No info,4804,21,4,6,0,0,930.0,155
IndiGo,Banglore,New Delhi,BLR ? DEL,04:15,No info,4545,9,3,5,0,0,90.0,165
Jet Airways,Banglore,New Delhi,BLR ? BOM ? DEL,20:20 02 Mar,No info,25735,1,3,4,0,0,1370.0,1290
Jet Airways,Delhi,Cochin,DEL ? JAI ? BOM ? COK,04:25 22 Mar,No info,12647,21,3,3,0,0,330.0,1375
Jet Airways,Kolkata,Banglore,CCU ? BOM ? BLR,08:15 02 May,In-flight meal not included,8586,1,5,2,0,0,845.0,1090
IndiGo,Chennai,Kolkata,MAA ? CCU,00:25 10 Jun,No info,5277,9,6,6,0,0,1325.0,140
IndiGo,Delhi,Cochin,DEL ? BOM ? COK,01:35 28 Mar,No info,6206,27,3,2,0,0,690.0,845
Air Asia,Banglore,Delhi,BLR ? DEL,13:55,No info,4483,12,4,4,0,0,670.0,165
Vistara,Kolkata,Banglore,CCU ? DEL ? BLR,18:50 25 May,No info,9870,24,5,4,0,0,1020.0,1550
SpiceJet,Kolkata,Banglore,CCU ? BLR,19:40,No check-in baggage included,3841,27,6,3,0,0,1030.0,150
SpiceJet,Kolkata,Banglore,CCU ? BLR,11:30,No check-in baggage included,3815,27,3,2,0,0,540.0,150
IndiGo,Banglore,New Delhi,BLR ? DEL,02:20 25 Mar,No info,6860,24,3,6,0,0,1410.0,170
Jet Airways,Kolkata,Banglore,CCU ? DEL ? BLR,10:55 02 May,No info,12121,1,5,2,0,0,1225.0,870
Jet Airways,Delhi,Cochin,DEL ? BOM ? COK,18:50,In-flight meal not included,5963,27,3,2,0,0,595.0,535
SpiceJet,Banglore,Delhi,BLR ? DEL,08:35,No info,3625,6,6,3,0,0,355.0,160
SpiceJet,Kolkata,Banglore,CCU ? BLR,11:25,No check-in baggage included,3841,15,6,5,0,0,540.0,145
IndiGo,Banglore,Delhi,BLR ? DEL,22:50,No info,4823,12,6,2,0,0,1200.0,170
Multiple carriers,Delhi,Cochin,DEL ? HYD ? COK,16:10,No info,9646,12,6,2,0,0,585.0,385
Jet Airways,Delhi,Cochin,DEL ? BOM ? COK,12:35,In-flight meal not included,10152,27,5,0,0,0,135.0,620
IndiGo,Delhi,Cochin,DEL ? HYD ? COK,22:30,No info,7514,3,6,0,0,0,410.0,940
Jet Airways,Banglore,New Delhi,BLR ? BOM ? DEL,18:25,No info,16736,6,3,2,0,0,420.0,685
Jet Airways,Kolkata,Banglore,CCU ? BOM ? BLR,10:05 07 May,No info,13584,6,5,0,0,0,1135.0,910
Air India,Kolkata,Banglore,CCU ? JAI ? BOM ? BLR,07:55 22 May,No info,11222,21,5,1,0,0,500.0,1415
IndiGo,Chennai,Kolkata,MAA ? CCU,10:15,No info,3850,1,5,2,0,0,475.0,140
Vistara,Banglore,New Delhi,BLR ? DEL,14:40,No info,7608,24,3,6,0,0,720.0,160
Jet Airways,Kolkata,Banglore,CCU ? BOM ? BLR,16:20 13 May,In-flight meal not included,10844,12,5,6,0,0,1200.0,1220
Multiple carriers,Delhi,Cochin,DEL ? BOM ? COK,01:30 10 Jun,No info,7408,9,6,6,0,0,1020.0,510
Vistara,Chennai,Kolkata,MAA ? CCU,09:20,No info,3687,18,5,5,0,0,425.0,135
SpiceJet,Delhi,Cochin,DEL ? BLR ? COK,22:50,No info,11726,3,3,6,0,0,995.0,375
Jet Airways,Kolkata,Banglore,CCU ? BOM ? BLR,09:20 07 May,In-flight meal not included,9663,6,5,0,0,0,390.0,1610
Air India,Kolkata,Banglore,CCU ? DEL ? COK ? BLR,13:45 25 Mar,No info,12829,24,3,6,0,0,420.0,1845
IndiGo,Delhi,Cochin,DEL ? BOM ? COK,21:00,No info,6069,27,6,3,0,0,960.0,300
Jet Airways,Kolkata,Banglore,CCU ? BOM ? BLR,19:50 13 Jun,In-flight meal not included,8529,12,6,2,0,0,990.0,1640
Vistara,Kolkata,Banglore,CCU ? DEL ? BLR,23:25,No info,8085,9,5,3,0,0,1020.0,385
Vistara,Banglore,Delhi,BLR ? DEL,22:15,No info,4878,15,5,2,0,0,1170.0,165
IndiGo,Banglore,Delhi,BLR ? DEL,15:50,No info,4077,3,4,2,0,0,780.0,170
IndiGo,Kolkata,Banglore,CCU ? PNQ ? BLR,02:15 10 May,No info,7605,9,5,3,0,0,1260.0,315
Jet Airways,Delhi,Cochin,DEL ? JAI ? BOM ? COK,04:25 16 Jun,No info,13014,15,6,5,0,0,330.0,1375
IndiGo,Delhi,Cochin,DEL ? HYD ? COK,22:20,No info,11600,3,3,6,0,0,455.0,885
Jet Airways,Kolkata,Banglore,CCU ? DEL ? BLR,09:45 13 May,No info,14151,12,5,6,0,0,1020.0,1005
Air India,Delhi,Cochin,DEL ? HYD ? BOM ? COK,07:40 25 Jun,No info,12497,24,6,0,0,0,795.0,1105
Jet Airways,Delhi,Cochin,DEL ? BOM ? COK,18:50,No info,17024,6,3,2,0,0,135.0,995
SpiceJet,Chennai,Kolkata,MAA ? CCU,12:05,No info,6300,9,3,5,0,0,570.0,155
Multiple carriers,Delhi,Cochin,DEL ? BOM ? COK,01:35 07 Mar,No info,15147,6,3,2,0,0,1065.0,470
Multiple carriers,Delhi,Cochin,DEL ? BOM ? COK,01:30 02 Jun,No info,6795,1,6,5,0,0,770.0,760
IndiGo,Mumbai,Hyderabad,BOM ? HYD,20:30,No info,5755,3,3,6,0,0,1145.0,85
Air India,Kolkata,Banglore,CCU ? DEL ? BLR,16:15 13 May,No info,10203,12,5,6,0,0,1230.0,1185
Jet Airways,Delhi,Cochin,DEL ? BOM ? COK,04:25 07 Jun,No info,14714,6,6,3,0,0,690.0,1015
IndiGo,Banglore,New Delhi,BLR ? DEL,01:10 19 Mar,No info,4545,18,3,0,0,0,1340.0,170
Jet Airways,Kolkata,Banglore,CCU ? BOM ? BLR,20:45,No info,14781,15,5,2,0,0,390.0,855
Air India,Banglore,New Delhi,BLR ? TRV ? COK ? DEL,11:05 13 Mar,No info,11602,12,3,1,0,0,450.0,1655
IndiGo,Mumbai,Hyderabad,BOM ? HYD,07:55,No info,4049,6,5,0,0,0,385.0,90
Jet Airways,Delhi,Cochin,DEL ? JAI ? BOM ? COK,04:25 10 May,In-flight meal not included,13029,9,5,3,0,0,330.0,1375
Jet Airways,Kolkata,Banglore,CCU ? BOM ? BLR,20:45,No info,14571,9,6,6,0,0,505.0,740
Air India,Banglore,Delhi,BLR ? DEL,08:55,No info,6961,9,6,6,0,0,370.0,165
SpiceJet,Kolkata,Banglore,CCU ? PNQ ? BLR,17:15,No info,6381,15,5,2,0,0,515.0,520
SpiceJet,Kolkata,Banglore,CCU ? BLR,09:30,No check-in baggage included,3841,1,4,0,0,0,415.0,155
Jet Airways,Delhi,Cochin,DEL ? IXC ? BOM ? COK,04:25 22 Mar,No info,11538,21,3,3,0,0,380.0,1325
Vistara,Kolkata,Banglore,CCU ? DEL ? BLR,20:20 07 May,No info,8610,6,5,0,0,0,1220.0,1440
Air India,Delhi,Cochin,DEL ? HYD ? BOM ? COK,19:15 07 Mar,No info,11552,6,3,2,0,0,425.0,2170
Multiple carriers,Delhi,Cochin,DEL ? BOM ? COK,21:00,No info,7408,1,6,5,0,0,420.0,840
Jet Airways,Delhi,Cochin,DEL ? BOM ? COK,12:35 28 Jun,In-flight meal not included,10262,27,6,3,0,0,1185.0,1010
Air India,Kolkata,Banglore,CCU ? IXR ? DEL ? BLR,08:55 07 May,No info,10991,6,5,0,0,0,350.0,1625
Multiple carriers,Delhi,Cochin,DEL ? BOM ? COK,01:30 10 Jun,No info,13587,9,6,6,0,0,1095.0,435
Air India,Delhi,Cochin,DEL ? MAA ? COK,09:25 16 May,No info,7480,15,5,2,0,0,750.0,1255
IndiGo,Banglore,New Delhi,BLR ? IDR ? DEL,22:55,No info,6351,9,3,5,0,0,1075.0,300
Multiple carriers,Delhi,Cochin,DEL ? BOM ? COK,21:00,In-flight meal not included,7153,27,5,0,0,0,840.0,420
Air Asia,Kolkata,Banglore,CCU ? BLR,22:25,No info,4409,6,5,0,0,0,1195.0,150
IndiGo,Kolkata,Banglore,CCU ? PNQ ? BLR,02:15 16 May,No info,7228,15,5,2,0,0,1260.0,315
Multiple carriers,Delhi,Cochin,DEL ? BOM ? COK,18:50,No info,11667,27,3,2,0,0,480.0,650
SpiceJet,Kolkata,Banglore,CCU ? MAA ? BLR,20:20,No info,4649,12,6,2,0,0,905.0,315
Air India,Kolkata,Banglore,CCU ? BOM ? COK ? BLR,13:45 10 May,No info,12592,9,5,3,0,0,1010.0,1255
Multiple carriers,Delhi,Cochin,DEL ? BOM ? COK,19:00,No info,11789,12,6,2,0,0,620.0,520
Air India,Chennai,Kolkata,MAA ? CCU,13:55,No info,4667,1,6,5,0,0,700.0,135
Air Asia,Kolkata,Banglore,CCU ? DEL ? BLR,10:40 22 May,No info,9719,21,5,1,0,0,1360.0,720
Air India,Delhi,Cochin,DEL ? BOM ? COK,19:15,No info,6902,27,3,2,0,0,780.0,375
Jet Airways,Kolkata,Banglore,CCU ? BOM ? BLR,04:40 22 May,No info,14781,21,5,1,0,0,1200.0,520
Jet Airways,Kolkata,Banglore,CCU ? BOM ? BLR,22:35,In-flight meal not included,10844,18,5,5,0,0,505.0,850
Air India,Kolkata,Banglore,CCU ? IXZ ? MAA ? BLR,14:35 25 Mar,No info,11522,24,3,6,0,0,340.0,1975
Air India,Banglore,Delhi,BLR ? DEL,16:10,No info,6121,21,4,6,0,0,800.0,170
Vistara,Kolkata,Banglore,CCU ? DEL ? BLR,23:25,No info,8610,6,6,3,0,0,1020.0,385
Air Asia,Kolkata,Banglore,CCU ? BLR,01:20 25 Mar,No info,5620,24,3,6,0,0,1370.0,150
IndiGo,Kolkata,Banglore,CCU ? BLR,17:45,No info,4804,27,5,0,0,0,915.0,150
Multiple carriers,Delhi,Cochin,DEL ? BOM ? COK,21:00,No info,7005,27,5,0,0,0,620.0,640
Jet Airways,Delhi,Cochin,DEL ? AMD ? BOM ? COK,19:00 02 May,No info,15129,1,5,2,0,0,1385.0,1195
Jet Airways,Kolkata,Banglore,CCU ? BOM ? BLR,04:40 25 May,In-flight meal not included,8586,24,5,4,0,0,1200.0,520
Multiple carriers,Delhi,Cochin,DEL ? BOM ? COK,19:00,No info,10197,18,5,5,0,0,480.0,660
Multiple carriers,Delhi,Cochin,DEL ? BOM ? COK,19:15,No info,10667,27,3,2,0,0,550.0,605
IndiGo,Kolkata,Banglore,CCU ? PAT ? BLR,14:15,No info,11160,12,6,2,0,0,560.0,295
Air India,Delhi,Cochin,DEL ? LKO ? BOM ? COK,19:15 28 May,No info,12488,27,5,0,0,0,740.0,1855
Jet Airways,Kolkata,Banglore,CCU ? BOM ? BLR,19:50,In-flight meal not included,10844,18,5,5,0,0,505.0,685
Air India,Delhi,Cochin,DEL ? AMD ? BOM ? COK,19:15 04 Jun,No info,9968,3,6,0,0,0,1000.0,1595
Jet Airways,Banglore,Delhi,BLR ? DEL,22:00,In-flight meal not included,5198,18,5,5,0,0,1135.0,185
Jet Airways,Kolkata,Banglore,CCU ? BOM ? BLR,04:40 02 May,In-flight meal not included,8586,1,5,2,0,0,845.0,875
IndiGo,Chennai,Kolkata,MAA ? CCU,14:00,No info,4332,18,5,5,0,0,695.0,145
IndiGo,Kolkata,Banglore,CCU ? MAA ? BLR,13:00,No info,5069,6,5,0,0,0,490.0,290
Jet Airways,Banglore,Delhi,BLR ? DEL,11:20,In-flight meal not included,4544,6,5,0,0,0,500.0,180
Multiple carriers,Delhi,Cochin,DEL ? BOM ? COK,15:30,No info,14973,3,3,6,0,0,240.0,690
Air India,Banglore,New Delhi,BLR ? BOM ? IDR ? GWL ? DEL,18:05 13 Mar,No info,13387,12,3,1,0,0,405.0,2120
SpiceJet,Banglore,Delhi,BLR ? DEL,08:35,No info,3625,9,6,6,0,0,355.0,160
Jet Airways,Kolkata,Banglore,CCU ? DEL ? BLR,14:25 25 May,In-flight meal not included,10703,24,5,4,0,0,575.0,1730
IndiGo,Kolkata,Banglore,CCU ? BLR,17:45,No info,7615,24,3,6,0,0,910.0,155
IndiGo,Banglore,Delhi,BLR ? DEL,21:20,No info,4823,27,5,0,0,0,1105.0,175
Jet Airways,Banglore,New Delhi,BLR ? BOM ? DEL,05:05 07 Mar,No info,16736,6,3,2,0,0,700.0,1045
Jet Airways,Kolkata,Banglore,CCU ? BOM ? BLR,12:00 10 May,In-flight meal not included,9663,9,5,3,0,0,1270.0,890
Multiple carriers,Delhi,Cochin,DEL ? BOM ? COK,19:00,No info,9205,18,5,5,0,0,510.0,630
Jet Airways,Delhi,Cochin,DEL ? BOM ? COK,04:25 10 May,No info,15554,9,5,3,0,0,1370.0,335
SpiceJet,Mumbai,Hyderabad,BOM ? HYD,00:15 16 May,No check-in baggage included,1965,15,5,2,0,0,1365.0,90
Air India,Kolkata,Banglore,CCU ? BLR,16:45,No info,5510,15,6,5,0,0,855.0,150
Multiple carriers,Delhi,Cochin,DEL ? BOM ? COK,19:15,No info,8266,9,5,3,0,0,620.0,535
IndiGo,Mumbai,Hyderabad,BOM ? HYD,18:25,No info,3175,27,5,0,0,0,1015.0,90
SpiceJet,Delhi,Cochin,DEL ? PNQ ? COK,13:15,No check-in baggage included,4760,9,5,3,0,0,525.0,270
Multiple carriers,Delhi,Cochin,DEL ? BOM ? COK,21:00,No info,7740,27,5,0,0,0,525.0,735
Jet Airways,Kolkata,Banglore,CCU ? BOM ? BLR,23:35,No info,13941,15,5,2,0,0,845.0,570
Air Asia,Delhi,Cochin,DEL ? BLR ? COK,07:10 07 Jun,No info,11410,6,6,3,0,0,1005.0,865
Jet Airways,Kolkata,Banglore,CCU ? BOM ? BLR,19:50 02 Apr,No info,12681,1,4,0,0,0,990.0,1640
Jet Airways,Delhi,Cochin,DEL ? JAI ? BOM ? COK,12:35 07 May,No info,15129,6,5,0,0,0,580.0,1615
Jet Airways,Delhi,Cochin,DEL ? JAI ? BOM ? COK,19:00,In-flight meal not included,10368,12,6,2,0,0,330.0,810
Air India,Kolkata,Banglore,CCU ? JAI ? DEL ? BLR,20:25,No info,12324,21,5,1,0,0,500.0,725
SpiceJet,Kolkata,Banglore,CCU ? BLR,19:40,No check-in baggage included,3841,15,4,0,0,0,1030.0,150
Jet Airways,Delhi,Cochin,DEL ? JAI ? BOM ? COK,04:25 25 Jun,No info,13014,24,6,0,0,0,330.0,1375
IndiGo,Delhi,Cochin,DEL ? HYD ? COK,22:30,No info,6442,27,6,3,0,0,410.0,940
Jet Airways,Delhi,Cochin,DEL ? BOM ? COK,19:00,In-flight meal not included,12373,18,5,5,0,0,840.0,300
Jet Airways,Banglore,New Delhi,BLR ? BOM ? DEL,23:00,No info,13817,12,3,1,0,0,535.0,845
IndiGo,Banglore,Delhi,BLR ? DEL,21:50,No info,4823,24,6,0,0,0,1135.0,175
Jet Airways,Delhi,Cochin,DEL ? MAA ? BOM ? COK,04:25 28 Mar,In-flight meal not included,9412,27,3,2,0,0,310.0,1395
Air India,Delhi,Cochin,DEL ? GOI ? BOM ? COK,19:15 28 May,No info,10231,27,5,0,0,0,1320.0,1275
Jet Airways,Banglore,Delhi,BLR ? DEL,18:45,No info,7229,9,4,1,0,0,950.0,175
SpiceJet,Banglore,New Delhi,BLR ? DEL,12:30,No check-in baggage included,4273,24,3,6,0,0,575.0,175
Jet Airways,Kolkata,Banglore,CCU ? BOM ? BLR,20:45 19 May,In-flight meal not included,10844,18,5,5,0,0,1135.0,1550
IndiGo,Delhi,Cochin,DEL ? MAA ? COK,07:25,No info,7164,27,5,0,0,0,120.0,325
Jet Airways,Banglore,Delhi,BLR ? DEL,10:10,In-flight meal not included,6478,27,6,3,0,0,430.0,180
Jet Airways,Banglore,Delhi,BLR ? DEL,10:10,In-flight meal not included,5198,12,5,6,0,0,430.0,180
SpiceJet,Banglore,Delhi,BLR ? DEL,08:35,No check-in baggage included,4319,27,4,5,0,0,355.0,160
Jet Airways,Delhi,Cochin,DEL ? BOM ? COK,12:35 28 Jun,In-flight meal not included,10262,27,6,3,0,0,1155.0,1040
Vistara,Delhi,Cochin,DEL ? COK,17:50,No info,6741,18,5,5,0,0,880.0,190
Jet Airways,Kolkata,Banglore,CCU ? BOM ? BLR,22:35,No info,14571,6,6,3,0,0,845.0,510
Air India,Banglore,New Delhi,BLR ? MAA ? DEL,23:55,Change airports,26092,1,3,4,0,0,710.0,725
Air India,Delhi,Cochin,DEL ? GOI ? BOM ? COK,19:15,No info,11753,27,6,3,0,0,655.0,500
Jet Airways,Banglore,New Delhi,BLR ? BOM ? DEL,23:00,In-flight meal not included,7832,21,3,3,0,0,480.0,900
Vistara,Kolkata,Banglore,CCU ? DEL ? BLR,20:20,No info,8610,1,5,2,0,0,430.0,790
Jet Airways,Kolkata,Banglore,CCU ? BOM ? BLR,22:35,No info,13626,12,6,2,0,0,845.0,510
Jet Airways,Delhi,Cochin,DEL ? JAI ? BOM ? COK,12:35 10 Jun,In-flight meal not included,10368,9,6,6,0,0,580.0,1615
IndiGo,Mumbai,Hyderabad,BOM ? HYD,04:05,No info,2754,18,6,1,0,0,155.0,90
Jet Airways,Kolkata,Banglore,CCU ? DEL ? BLR,18:00 07 Jun,No info,12692,6,6,3,0,0,1020.0,1500
IndiGo,Banglore,New Delhi,BLR ? DEL,13:00,No info,10067,1,3,4,0,0,605.0,175
GoAir,Delhi,Cochin,DEL ? BOM ? COK,19:35,No info,4959,3,6,0,0,0,635.0,540
Air India,Banglore,New Delhi,BLR ? BOM ? IDR ? DEL,11:10 02 Mar,No info,19372,1,3,4,0,0,530.0,1580
Air India,Mumbai,Hyderabad,BOM ? HYD,07:40,No info,3100,18,5,5,0,0,380.0,80
Multiple carriers,Delhi,Cochin,DEL ? BOM ? COK,21:00,No info,8405,15,5,2,0,0,450.0,810
Multiple carriers,Delhi,Cochin,DEL ? BOM ? COK,21:00,In-flight meal not included,6943,27,5,0,0,0,690.0,570
SpiceJet,Kolkata,Banglore,CCU ? BLR,19:40,No check-in baggage included,3841,27,4,5,0,0,1030.0,150
SpiceJet,Mumbai,Hyderabad,BOM ? HYD,00:15 07 Jun,No info,2017,6,6,3,0,0,1365.0,90
Vistara,Kolkata,Banglore,CCU ? DEL ? BLR,10:45 02 May,No info,9187,1,5,2,0,0,1020.0,1065
Jet Airways,Kolkata,Banglore,CCU ? BOM ? BLR,19:50,No info,13941,12,5,6,0,0,505.0,685
Jet Airways,Delhi,Cochin,DEL ? MAA ? BOM ? COK,18:50 22 Mar,In-flight meal not included,8938,21,3,3,0,0,1155.0,1415
SpiceJet,Banglore,Delhi,BLR ? DEL,12:20,No check-in baggage included,4319,18,5,5,0,0,570.0,170
SpiceJet,Banglore,Delhi,BLR ? DEL,00:05 02 Apr,No check-in baggage included,3573,1,4,0,0,0,1270.0,175
SpiceJet,Kolkata,Banglore,CCU ? BLR,11:25,No check-in baggage included,3841,3,5,4,0,0,540.0,145
Jet Airways,Delhi,Cochin,DEL ? COK,14:15,In-flight meal not included,7202,27,6,3,0,0,660.0,195
Vistara,Kolkata,Banglore,CCU ? DEL ? BLR,22:55,No info,9187,9,6,6,0,0,1020.0,355
GoAir,Delhi,Cochin,DEL ? AMD ? COK,13:35,No info,6976,3,6,0,0,0,445.0,370
Jet Airways,Delhi,Cochin,DEL ? BOM ? COK,12:35 22 May,In-flight meal not included,12898,21,5,1,0,0,1095.0,1100
Jet Airways,Delhi,Cochin,DEL ? BOM ? COK,04:25 28 May,In-flight meal not included,12898,27,5,0,0,0,135.0,1570
Jet Airways,Delhi,Cochin,DEL ? IDR ? BOM ? COK,19:00 16 Jun,In-flight meal not included,10588,15,6,5,0,0,1285.0,1295
Air India,Delhi,Cochin,DEL ? GOI ? BOM ? COK,19:15 25 Jun,No info,9181,24,6,0,0,0,1320.0,1275
Jet Airways,Banglore,New Delhi,BLR ? BOM ? DEL,05:05 07 Mar,In-flight meal not included,11087,3,3,6,0,0,345.0,1400
Jet Airways,Delhi,Cochin,DEL ? BOM ? COK,12:35,In-flight meal not included,10262,27,6,3,0,0,425.0,330
Jet Airways,Delhi,Cochin,DEL ? COK,14:15,In-flight meal not included,4886,6,4,5,0,0,660.0,195
IndiGo,Delhi,Cochin,DEL ? BBI ? COK,08:30,No info,8470,21,3,3,0,0,155.0,355
Air India,Kolkata,Banglore,CCU ? GAU ? IMF ? DEL ? BLR,23:15,No info,14960,21,5,1,0,0,590.0,805
SpiceJet,Kolkata,Banglore,CCU ? BLR,09:30,No info,3873,9,5,3,0,0,415.0,155
Air India,Delhi,Cochin,DEL ? AMD ? BOM ? COK,19:15 10 Mar,No info,11911,9,3,5,0,0,1000.0,1595
Air India,Delhi,Cochin,DEL ? BLR ? COK,23:00,No info,8907,15,6,5,0,0,585.0,795
SpiceJet,Chennai,Kolkata,MAA ? CCU,10:35,No check-in baggage included,3859,9,5,3,0,0,500.0,135
Air Asia,Kolkata,Banglore,CCU ? BLR,01:20 25 Jun,No info,3807,24,6,0,0,0,1370.0,150
Air Asia,Kolkata,Banglore,CCU ? BLR,12:55,No info,4384,6,3,2,0,0,620.0,155
Multiple carriers,Delhi,Cochin,DEL ? BOM ? COK,12:35,No info,11622,3,6,0,0,0,295.0,460
Vistara,Banglore,New Delhi,BLR ? DEL,22:20,No info,4563,24,3,6,0,0,1180.0,160
SpiceJet,Mumbai,Hyderabad,BOM ? HYD,14:45,No check-in baggage included,1965,1,4,0,0,0,795.0,90
Air India,Kolkata,Banglore,CCU ? BLR,23:20,No info,4145,24,4,2,0,0,1245.0,155
Jet Airways,Kolkata,Banglore,CCU ? BOM ? BLR,20:40 25 Mar,In-flight meal not included,10031,24,3,6,0,0,1270.0,1410
Air India,Banglore,New Delhi,BLR ? HYD ? DEL,23:10,No info,11628,1,3,4,0,0,1020.0,370
Jet Airways,Delhi,Cochin,DEL ? BOM ? COK,12:35,In-flight meal not included,10262,15,6,5,0,0,425.0,330
SpiceJet,Mumbai,Hyderabad,BOM ? HYD,14:45,No info,2017,24,6,0,0,0,795.0,90
Vistara,Delhi,Cochin,DEL ? COK,09:10,No info,6216,27,4,5,0,0,360.0,190
Multiple carriers,Delhi,Cochin,DEL ? GWL ? IDR ? BOM ? COK,01:30 16 May,No info,16294,15,5,2,0,0,695.0,835
IndiGo,Banglore,Delhi,BLR ? DEL,06:50,No info,3943,3,6,0,0,0,240.0,170
Multiple carriers,Delhi,Cochin,DEL ? HYD ? COK,22:30,No info,7038,27,5,0,0,0,895.0,455
SpiceJet,Banglore,New Delhi,BLR ? PNQ ? DEL,18:15,No info,7294,9,3,5,0,0,620.0,475
SpiceJet,Kolkata,Banglore,CCU ? BLR,11:25,No info,3873,6,4,5,0,0,540.0,145
Air India,Mumbai,Hyderabad,BOM ? HYD,15:25,No info,3100,18,6,1,0,0,835.0,90
Multiple carriers,Delhi,Cochin,DEL ? BOM ? COK,19:00,No info,12507,27,5,0,0,0,600.0,540
Air Asia,Delhi,Cochin,DEL ? BLR ? COK,22:30,No info,6152,21,5,1,0,0,475.0,875
Air India,Kolkata,Banglore,CCU ? GAU ? BLR,21:05,No info,8030,1,4,0,0,0,590.0,675
Jet Airways,Banglore,Delhi,BLR ? DEL,11:20,In-flight meal not included,5769,18,6,1,0,0,500.0,180
IndiGo,Kolkata,Banglore,CCU ? BLR,19:50,No info,4804,6,6,3,0,0,1035.0,155
Air India,Delhi,Cochin,DEL ? MAA ? COK,09:25 19 May,No info,8372,18,5,5,0,0,585.0,1420
Jet Airways,Banglore,New Delhi,BLR ? MAA ? DEL,14:25,No info,8578,15,3,4,0,0,585.0,280
Air India,Delhi,Cochin,DEL ? GOI ? BOM ? COK,19:15 19 May,No info,11228,18,5,5,0,0,1320.0,1275
Air India,Kolkata,Banglore,CCU ? GAU ? DEL ? BLR,08:55 02 May,No info,13227,1,5,2,0,0,590.0,1385
IndiGo,Banglore,New Delhi,BLR ? DEL,22:55,No info,8855,15,3,4,0,0,1200.0,175
Multiple carriers,Delhi,Cochin,DEL ? BOM ? COK,12:35,No info,12192,12,6,2,0,0,230.0,525
Jet Airways,Delhi,Cochin,DEL ? AMD ? BOM ? COK,19:00 28 Jun,No info,12819,27,6,3,0,0,1385.0,1195
IndiGo,Banglore,Delhi,BLR ? DEL,08:50,No info,3943,27,6,3,0,0,365.0,165
Multiple carriers,Delhi,Cochin,DEL ? BOM ? COK,12:55,In-flight meal not included,18260,9,3,5,0,0,20.0,755
Air India,Banglore,Delhi,BLR ? DEL,08:55,No info,5228,18,4,3,0,0,370.0,165
Jet Airways,Delhi,Cochin,DEL ? ATQ ? BOM ? COK,04:25 13 Jun,No info,14300,12,6,2,0,0,735.0,970
Air India,Kolkata,Banglore,CCU ? BBI ? BOM ? BLR,18:30 02 May,No info,10151,1,5,2,0,0,720.0,1830
IndiGo,Kolkata,Banglore,CCU ? MAA ? BLR,22:15,No info,5699,6,5,0,0,0,1055.0,280
Vistara,Kolkata,Banglore,CCU ? DEL ? BLR,10:45 22 May,No info,9187,21,5,1,0,0,430.0,1655
Vistara,Kolkata,Banglore,CCU ? DEL ? BLR,09:05 07 Jun,No info,8452,6,6,3,0,0,1220.0,765
Multiple carriers,Delhi,Cochin,DEL ? BOM ? COK,13:20,No info,13961,21,3,3,0,0,135.0,665
Jet Airways,Banglore,Delhi,BLR ? DEL,10:10,In-flight meal not included,5769,24,6,0,0,0,430.0,180
Multiple carriers,Delhi,Cochin,DEL ? BOM ? COK,19:00,No info,10877,24,6,0,0,0,450.0,690
IndiGo,Banglore,Delhi,BLR ? DEL,02:20 10 Apr,No info,4591,9,4,1,0,0,1410.0,170
Air India,Kolkata,Banglore,CCU ? BOM ? AMD ? BLR,05:25 07 May,No info,17732,6,5,0,0,0,565.0,1200
Jet Airways,Delhi,Cochin,DEL ? BOM ? COK,04:25 10 May,In-flight meal not included,12373,9,5,3,0,0,1095.0,610
Air Asia,Kolkata,Banglore,CCU ? BLR,22:25,No info,3807,27,6,3,0,0,1195.0,150
Vistara,Kolkata,Banglore,CCU ? DEL ? BLR,20:20,No info,9555,9,6,6,0,0,430.0,790
Air Asia,Banglore,Delhi,BLR ? DEL,13:55,No info,4483,6,6,3,0,0,670.0,165
Jet Airways,Kolkata,Banglore,CCU ? BOM ? BLR,20:45,No info,14781,12,5,6,0,0,845.0,400
Jet Airways,Delhi,Cochin,DEL ? IDR ? BOM ? COK,12:35 04 Jun,No info,13292,3,6,0,0,0,575.0,1620
Jet Airways,Delhi,Cochin,DEL ? BOM ? COK,19:00 19 May,In-flight meal not included,12373,18,5,5,0,0,1155.0,1425
IndiGo,Delhi,Cochin,DEL ? HYD ? COK,12:10,No info,5530,21,5,1,0,0,410.0,320
IndiGo,Delhi,Cochin,DEL ? BOM ? COK,21:00,No info,7081,18,5,5,0,0,510.0,750
Jet Airways,Delhi,Cochin,DEL ? BOM ? COK,12:35 16 Jun,In-flight meal not included,10262,15,6,5,0,0,540.0,1655
Multiple carriers,Delhi,Cochin,DEL ? BOM ? COK,19:15,No info,9316,27,5,0,0,0,700.0,455
Jet Airways,Kolkata,Banglore,CCU ? BOM ? BLR,18:15,In-flight meal not included,10844,9,5,3,0,0,390.0,705
IndiGo,Delhi,Cochin,DEL ? BOM ? COK,21:00,No info,8542,1,5,2,0,0,450.0,810
IndiGo,Banglore,Delhi,BLR ? DEL,19:55,No info,4823,15,4,0,0,0,1015.0,180
Air India,Delhi,Cochin,DEL ? BOM ? COK,07:40 07 Mar,No info,12940,6,3,2,0,0,240.0,1660
Jet Airways,Kolkata,Banglore,CCU ? BOM ? BLR,04:40 07 Jun,No info,13374,6,6,3,0,0,1270.0,450
Multiple carriers,Delhi,Cochin,DEL ? BOM ? COK,21:00,No info,13062,21,3,3,0,0,690.0,570
Jet Airways,Delhi,Cochin,DEL ? JAI ? BOM ? COK,19:00,No info,13014,3,6,0,0,0,330.0,810
Jet Airways,Banglore,Delhi,BLR ? DEL,22:00,No info,8541,21,6,4,0,0,1135.0,185
Jet Airways,Kolkata,Banglore,CCU ? BOM ? BLR,10:05 25 Mar,In-flight meal not included,11134,24,3,6,0,0,835.0,1210
Jet Airways,Banglore,New Delhi,BLR ? BOM ? DEL,19:10,In-flight meal not included,7832,21,3,3,0,0,535.0,615
Multiple carriers,Delhi,Cochin,DEL ? HYD ? COK,22:30,No info,8888,9,5,3,0,0,795.0,555
Jet Airways,Kolkata,Banglore,CCU ? BOM ? BLR,09:20 13 May,In-flight meal not included,9663,12,5,6,0,0,1135.0,865
Multiple carriers,Delhi,Cochin,DEL ? BOM ? COK,15:30,No info,17267,6,3,2,0,0,425.0,505
Jet Airways,Banglore,New Delhi,BLR ? BOM ? DEL,11:25 19 Mar,In-flight meal not included,7832,21,3,3,0,0,1235.0,890
Vistara,Banglore,New Delhi,BLR ? DEL,22:20,No info,12123,18,3,0,0,0,1180.0,160
Multiple carriers,Delhi,Cochin,DEL ? BOM ? COK,01:30 16 May,No info,8073,15,5,2,0,0,1020.0,510
SpiceJet,Banglore,Delhi,BLR ? DEL,12:20,No info,4991,12,4,4,0,0,570.0,170
GoAir,Banglore,Delhi,BLR ? DEL,23:40,No info,3419,12,6,2,0,0,1255.0,165
Jet Airways,Delhi,Cochin,DEL ? BOM ? COK,19:00 28 Jun,In-flight meal not included,10262,27,6,3,0,0,1185.0,1395
Jet Airways,Delhi,Cochin,DEL ? BOM ? COK,12:35 02 Jun,In-flight meal not included,10262,1,6,5,0,0,1185.0,1010
Air Asia,Kolkata,Banglore,CCU ? BLR,01:20 04 Apr,No info,3807,3,4,2,0,0,1370.0,150
IndiGo,Mumbai,Hyderabad,BOM ? HYD,13:25,No info,5755,3,3,6,0,0,720.0,85
Jet Airways,Delhi,Cochin,DEL ? BOM ? COK,04:25 02 Jun,In-flight meal not included,10262,1,6,5,0,0,1310.0,395
Air India,Delhi,Cochin,DEL ? HYD ? BOM ? COK,07:40 22 May,No info,13039,21,5,1,0,0,1035.0,865
Jet Airways,Banglore,New Delhi,BLR ? BOM ? DEL,21:20,In-flight meal not included,7832,21,3,3,0,0,535.0,745
IndiGo,Chennai,Kolkata,MAA ? CCU,10:15,No info,6297,9,3,5,0,0,475.0,140
Jet Airways,Mumbai,Hyderabad,BOM ? HYD,21:05,In-flight meal not included,3210,24,6,0,0,0,1175.0,90
Multiple carriers,Delhi,Cochin,DEL ? BOM ? COK,21:00,No info,15147,3,3,6,0,0,620.0,640
IndiGo,Mumbai,Hyderabad,BOM ? HYD,10:40,No info,4049,24,6,0,0,0,550.0,90
Jet Airways,Delhi,Cochin,DEL ? LKO ? BOM ? COK,12:35 13 Jun,No info,13882,12,6,2,0,0,565.0,1630
Air India,Kolkata,Banglore,CCU ? BOM ? BLR,21:50,No info,8366,21,5,1,0,0,565.0,745
Jet Airways,Banglore,New Delhi,BLR ? BOM ? DEL,07:40 16 Mar,In-flight meal not included,9134,15,3,4,0,0,1370.0,530
IndiGo,Banglore,Delhi,BLR ? DEL,11:20,No info,4823,3,4,2,0,0,510.0,170
Air India,Kolkata,Banglore,CCU ? MAA ? BLR,14:35 10 Apr,No info,5006,9,4,1,0,0,875.0,1440
Air India,Delhi,Cochin,DEL ? MAA ? COK,09:25 02 Jun,No info,7480,1,6,5,0,0,750.0,1255
Jet Airways,Kolkata,Banglore,CCU ? BOM ? BLR,22:35,In-flight meal not included,10844,6,6,3,0,0,990.0,365
Jet Airways,Kolkata,Banglore,CCU ? BOM ? BLR,08:15 02 Apr,In-flight meal not included,7064,1,4,0,0,0,1200.0,735
IndiGo,Kolkata,Banglore,CCU ? BLR,16:55,No info,5224,21,6,4,0,0,865.0,150
Air Asia,Kolkata,Banglore,CCU ? BLR,12:55,No info,4384,15,3,4,0,0,620.0,155
Multiple carriers,Delhi,Cochin,DEL ? BOM ? COK,01:30 02 Jun,No info,13377,1,6,5,0,0,780.0,750
Multiple carriers,Delhi,Cochin,DEL ? BOM ? COK,19:15,No info,8837,27,5,0,0,0,400.0,755
Air India,Delhi,Cochin,DEL ? MAA ? COK,09:25 04 Mar,No info,16352,3,3,6,0,0,1040.0,965
Air India,Delhi,Cochin,DEL ? GOI ? BOM ? COK,19:15 10 Jun,No info,10441,9,6,6,0,0,1320.0,1275
IndiGo,Chennai,Kolkata,MAA ? CCU,15:35,No info,3597,9,5,3,0,0,795.0,140
Air Asia,Kolkata,Banglore,CCU ? BLR,22:25,No info,3807,12,6,2,0,0,1195.0,150
Jet Airways,Kolkata,Banglore,CCU ? BOM ? BLR,08:15 07 May,In-flight meal not included,9663,6,5,0,0,0,1200.0,735
Jet Airways,Kolkata,Banglore,CCU ? BOM ? BLR,19:50 02 Apr,No info,12681,1,4,0,0,0,1200.0,1430
Vistara,Banglore,Delhi,BLR ? DEL,14:20,No info,4668,24,5,4,0,0,690.0,170
Jet Airways,Delhi,Cochin,DEL ? AMD ? BOM ? COK,12:35 19 May,No info,15129,18,5,5,0,0,805.0,1390
Multiple carriers,Delhi,Cochin,DEL ? BOM ? COK,01:35 04 Mar,No info,17057,3,3,6,0,0,1050.0,485
Air India,Delhi,Cochin,DEL ? BOM ? COK,07:40 04 Jun,No info,8372,3,6,0,0,0,1260.0,640
SpiceJet,Kolkata,Banglore,CCU ? BLR,19:45,No info,5515,1,3,4,0,0,1035.0,150
Jet Airways,Kolkata,Banglore,CCU ? GAU ? BLR,17:35,No info,8355,1,5,2,0,0,620.0,435
IndiGo,Mumbai,Hyderabad,BOM ? HYD,04:05,No info,2754,1,4,0,0,0,155.0,90
Multiple carriers,Delhi,Cochin,DEL ? BOM ? COK,01:30 16 Jun,No info,13377,15,6,5,0,0,900.0,630
Jet Airways,Delhi,Cochin,DEL ? BOM ? COK,19:00 10 May,No info,15554,9,5,3,0,0,1185.0,1395
IndiGo,Kolkata,Banglore,CCU ? BLR,16:55,No info,5224,18,5,5,0,0,865.0,150
IndiGo,Delhi,Cochin,DEL ? BOM ? COK,21:00,No info,6069,9,6,6,0,0,960.0,300
Jet Airways,Delhi,Cochin,DEL ? BOM ? COK,12:35 10 May,In-flight meal not included,12373,9,5,3,0,0,690.0,1505
Jet Airways,Kolkata,Banglore,CCU ? BOM ? BLR,04:40 13 Jun,In-flight meal not included,6959,12,6,2,0,0,1135.0,585
SpiceJet,Kolkata,Banglore,CCU ? BLR,11:25,No check-in baggage included,3841,27,5,0,0,0,540.0,145
Air India,Delhi,Cochin,DEL ? BOM ? COK,19:15,No info,8669,15,5,2,0,0,230.0,925
Jet Airways,Delhi,Cochin,DEL ? JAI ? BOM ? COK,19:00,No info,13014,1,6,5,0,0,330.0,810
Jet Airways,Kolkata,Banglore,CCU ? BOM ? BLR,04:40 07 Jun,No info,13731,6,6,3,0,0,505.0,1215
Multiple carriers,Delhi,Cochin,DEL ? BOM ? COK,01:30 22 May,No info,7888,21,5,1,0,0,600.0,930
Vistara,Kolkata,Banglore,CCU ? DEL ? BLR,22:10,No info,12942,24,3,6,0,0,430.0,900
Vistara,Mumbai,Hyderabad,BOM ? DEL ? HYD,09:25 07 Mar,No info,12395,6,3,2,0,0,715.0,1290
Jet Airways,Kolkata,Banglore,CCU ? BOM ? BLR,23:35,No info,14571,9,6,6,0,0,990.0,425
IndiGo,Banglore,Delhi,BLR ? DEL,03:25,No info,4591,27,4,5,0,0,30.0,175
Air India,Kolkata,Banglore,CCU ? BOM ? COK ? BLR,13:45 10 May,No info,12592,9,5,3,0,0,565.0,1700
IndiGo,Kolkata,Banglore,CCU ? BLR,16:55,No info,4804,6,6,3,0,0,865.0,150
Jet Airways,Kolkata,Banglore,CCU ? BOM ? BLR,08:15 22 May,No info,14388,21,5,1,0,0,845.0,1090
Air India,Delhi,Cochin,DEL ? GOI ? BOM ? COK,19:15 10 Mar,No info,14851,9,3,5,0,0,1320.0,1275
Jet Airways,Kolkata,Banglore,CCU ? BOM ? BLR,08:15 19 May,In-flight meal not included,8586,18,5,5,0,0,1270.0,665
Jet Airways,Banglore,New Delhi,BLR ? BOM ? DEL,09:30 02 Mar,1 Long layover,31825,1,3,4,0,0,1370.0,640
Jet Airways,Delhi,Cochin,DEL ? BDQ ? BOM ? COK,04:25 10 Jun,No info,14237,9,6,6,0,0,1105.0,600
IndiGo,Kolkata,Banglore,CCU ? MAA ? BLR,13:00,No info,5069,6,6,3,0,0,490.0,290
Jet Airways,Delhi,Cochin,DEL ? BOM ? COK,12:35,No info,16079,1,6,5,0,0,425.0,330
Jet Airways,Kolkata,Banglore,CCU ? BOM ? BLR,08:15 16 May,In-flight meal not included,9663,15,5,2,0,0,1135.0,800
Multiple carriers,Delhi,Cochin,DEL ? BOM ? COK,21:00,No info,13587,27,5,0,0,0,690.0,570
Air India,Kolkata,Banglore,CCU ? DEL ? BLR,23:15 25 Mar,No info,10808,24,3,6,0,0,1230.0,1605
Multiple carriers,Delhi,Cochin,DEL ? BOM ? COK,19:15,In-flight meal not included,11446,27,5,0,0,0,600.0,555
Air India,Mumbai,Hyderabad,BOM ? HYD,20:45,No info,3100,1,5,2,0,0,1170.0,75
GoAir,Kolkata,Banglore,CCU ? AMD ? BLR,00:15 02 May,No info,6484,1,5,2,0,0,1000.0,455
IndiGo,Mumbai,Hyderabad,BOM ? HYD,07:55,No info,4049,9,5,3,0,0,385.0,90
SpiceJet,Banglore,New Delhi,BLR ? DEL,23:20,No check-in baggage included,3873,24,3,6,0,0,1230.0,170
IndiGo,Banglore,New Delhi,BLR ? GOI ? DEL,00:40 13 Mar,No info,7280,9,3,5,0,0,1170.0,310
Air India,Mumbai,Hyderabad,BOM ? HYD,15:25,No info,3625,27,5,0,0,0,835.0,90
SpiceJet,Banglore,Delhi,BLR ? DEL,00:05 16 Jun,No check-in baggage included,3919,15,6,5,0,0,1270.0,175
Jet Airways,Delhi,Cochin,DEL ? BOM ? COK,19:00,No info,15554,9,5,3,0,0,135.0,1005
IndiGo,Chennai,Kolkata,MAA ? CCU,10:15,No info,3850,3,6,0,0,0,475.0,140
Jet Airways,Delhi,Cochin,DEL ? AMD ? BOM ? COK,19:00 22 May,No info,15129,21,5,1,0,0,1385.0,1195
Jet Airways,Banglore,Delhi,BLR ? DEL,22:00,No info,7229,12,5,6,0,0,1135.0,185
IndiGo,Banglore,Delhi,BLR ? DEL,21:50,No info,4823,27,4,5,0,0,1135.0,175
IndiGo,Banglore,Delhi,BLR ? DEL,21:50,No info,4823,15,5,2,0,0,1135.0,175
Vistara,Kolkata,Banglore,CCU ? DEL ? BLR,09:10 25 Mar,No info,11682,24,3,6,0,0,430.0,1560
IndiGo,Banglore,Delhi,BLR ? DEL,21:50,No info,4823,21,4,6,0,0,1135.0,175
Jet Airways,Delhi,Cochin,DEL ? BOM ? COK,04:25 10 Jun,In-flight meal not included,10262,9,6,6,0,0,780.0,925
IndiGo,Delhi,Cochin,DEL ? HYD ? COK,16:10,No info,6818,6,6,3,0,0,305.0,665
SpiceJet,Mumbai,Hyderabad,BOM ? HYD,00:15 28 May,No check-in baggage included,1965,27,5,0,0,0,1365.0,90
Vistara,Kolkata,Banglore,CCU ? DEL ? BLR,23:25,No info,9345,12,5,6,0,0,430.0,975
IndiGo,Delhi,Cochin,DEL ? HYD ? COK,22:30,No info,6938,6,6,3,0,0,970.0,380
Jet Airways,Delhi,Cochin,DEL ? JAI ? BOM ? COK,12:35 16 Jun,In-flight meal not included,10368,15,6,5,0,0,580.0,1615
Air India,Delhi,Cochin,DEL ? GOI ? BOM ? COK,07:40 13 Jun,No info,11753,12,6,2,0,0,655.0,1245
Air India,Delhi,Cochin,DEL ? LKO ? BOM ? COK,19:15 28 May,No info,12488,27,5,0,0,0,1110.0,1485
Jet Airways,Kolkata,Banglore,CCU ? BOM ? BLR,19:50,In-flight meal not included,9899,12,6,2,0,0,845.0,345
Multiple carriers,Delhi,Cochin,DEL ? BOM ? COK,19:00,No info,11622,6,6,3,0,0,555.0,585
SpiceJet,Kolkata,Banglore,CCU ? BLR,09:35,No info,3847,27,3,2,0,0,415.0,160
Jet Airways,Delhi,Cochin,DEL ? BOM ? COK,04:25 28 Jun,No info,16079,27,6,3,0,0,1370.0,335
Jet Airways,Banglore,Delhi,BLR ? DEL,08:45,In-flight meal not included,6478,18,6,1,0,0,360.0,165
Air India,Delhi,Cochin,DEL ? COK,17:10,No info,5201,21,6,4,0,0,850.0,180
Air Asia,Kolkata,Banglore,CCU ? BLR,12:55,No info,4409,9,5,3,0,0,620.0,155
Jet Airways,Banglore,New Delhi,BLR ? BOM ? DEL,09:30 07 Mar,No info,17261,6,3,2,0,0,535.0,1475
Vistara,Banglore,Delhi,BLR ? DEL,19:35,No info,4878,27,5,0,0,0,1020.0,155
SpiceJet,Banglore,Delhi,BLR ? DEL,08:35,No check-in baggage included,3573,18,5,5,0,0,355.0,160
Jet Airways,Kolkata,Banglore,CCU ? BOM ? BLR,16:20 19 May,In-flight meal not included,10844,18,5,5,0,0,1200.0,1220
IndiGo,Kolkata,Banglore,CCU ? BLR,00:50 22 Apr,No info,4804,21,4,6,0,0,1335.0,155
Air India,Delhi,Cochin,DEL ? COK,17:10,No info,5201,27,6,3,0,0,850.0,180
Multiple carriers,Delhi,Cochin,DEL ? BOM ? COK,19:15,No info,14533,18,5,5,0,0,780.0,375
SpiceJet,Kolkata,Banglore,CCU ? BLR,00:40 13 Apr,No info,3873,12,4,4,0,0,1340.0,140
SpiceJet,Chennai,Kolkata,MAA ? CCU,20:05,No check-in baggage included,3543,6,6,3,0,0,1065.0,140
Multiple carriers,Delhi,Cochin,DEL ? BOM ? COK,21:00,No info,7215,21,3,3,0,0,620.0,640
Multiple carriers,Delhi,Cochin,DEL ? BOM ? COK,18:50,No info,11999,21,3,3,0,0,620.0,510
IndiGo,Mumbai,Hyderabad,BOM ? HYD,13:30,No info,2754,18,5,5,0,0,720.0,90
Jet Airways,Banglore,New Delhi,BLR ? BOM ? DEL,10:45 13 Mar,No info,13817,12,3,1,0,0,1135.0,950
Air Asia,Kolkata,Banglore,CCU ? BLR,22:25,No info,4107,15,6,5,0,0,1195.0,150
Multiple carriers,Delhi,Cochin,DEL ? BOM ? COK,21:00,No info,8073,9,5,3,0,0,540.0,720
IndiGo,Mumbai,Hyderabad,BOM ? HYD,22:50,No info,2227,27,6,3,0,0,1280.0,90
Jet Airways,Kolkata,Banglore,CCU ? DEL ? BLR,18:00 07 Jun,In-flight meal not included,10539,6,6,3,0,0,1225.0,1295
IndiGo,Banglore,Delhi,BLR ? DEL,04:15,No info,3943,3,5,4,0,0,90.0,165
Jet Airways,Kolkata,Banglore,CCU ? BOM ? BLR,16:20 25 May,In-flight meal not included,10844,24,5,4,0,0,845.0,1575
SpiceJet,Banglore,New Delhi,BLR ? DEL,23:20,No info,3925,24,3,6,0,0,1230.0,170
Jet Airways,Mumbai,Hyderabad,BOM ? HYD,04:20,In-flight meal not included,3210,1,5,2,0,0,175.0,85
Jet Airways,Banglore,Delhi,BLR ? DEL,20:45,No info,8016,6,6,3,0,0,1065.0,180
SpiceJet,Kolkata,Banglore,CCU ? BLR,19:40,No check-in baggage included,3841,12,4,4,0,0,1030.0,150
Jet Airways,Kolkata,Banglore,CCU ? BOM ? BLR,04:40 10 May,No info,14388,9,5,3,0,0,1270.0,450
IndiGo,Chennai,Kolkata,MAA ? CCU,17:05,No info,3597,18,6,1,0,0,885.0,140
Multiple carriers,Delhi,Cochin,DEL ? BOM ? COK,01:35 10 Mar,In-flight meal not included,14086,9,3,5,0,0,905.0,630
IndiGo,Banglore,Delhi,BLR ? DEL,01:00 10 Jun,No info,3749,9,6,6,0,0,1330.0,170
Jet Airways,Banglore,Delhi,BLR ? DEL,08:45,No info,7229,24,5,4,0,0,360.0,165
Multiple carriers,Delhi,Cochin,DEL ? BOM ? COK,21:00,No info,15603,6,3,2,0,0,420.0,840
IndiGo,Banglore,Delhi,BLR ? DEL,22:50,No info,4823,27,5,0,0,0,1200.0,170
Jet Airways,Mumbai,Hyderabad,BOM ? HYD,11:50,No info,8040,3,4,2,0,0,620.0,90
Jet Airways,Kolkata,Banglore,CCU ? BOM ? BLR,10:05 07 May,No info,13941,6,5,0,0,0,390.0,1655
Jet Airways,Delhi,Cochin,DEL ? BOM ? COK,04:25 07 Jun,No info,14714,6,6,3,0,0,1310.0,395
Vistara,Kolkata,Banglore,CCU ? DEL ? BLR,18:50,No info,7927,1,4,0,0,0,430.0,700
Jet Airways,Banglore,Delhi,BLR ? DEL,14:05,In-flight meal not included,4030,15,5,2,0,0,670.0,175
IndiGo,Delhi,Cochin,DEL ? BOM ? COK,21:00,No info,8285,21,3,3,0,0,550.0,710
Jet Airways,Kolkata,Banglore,CCU ? BOM ? BLR,18:15,In-flight meal not included,10844,6,5,0,0,0,505.0,590
Jet Airways,Kolkata,Banglore,CCU ? BOM ? BLR,09:20 13 May,In-flight meal not included,9663,12,5,6,0,0,390.0,1610
IndiGo,Kolkata,Banglore,CCU ? BLR,00:55 28 Mar,No info,4148,27,3,2,0,0,1330.0,165
IndiGo,Delhi,Cochin,DEL ? BLR ? COK,10:05,No info,6496,24,6,0,0,0,310.0,295
IndiGo,Kolkata,Banglore,CCU ? BLR,00:55 19 Mar,No info,4148,18,3,0,0,0,1330.0,165
Jet Airways,Kolkata,Banglore,CCU ? BOM ? BLR,19:40,No info,13339,24,3,6,0,0,390.0,790
Jet Airways,Delhi,Cochin,DEL ? LKO ? BOM ? COK,12:35 16 Jun,No info,13882,15,6,5,0,0,565.0,1630
IndiGo,Banglore,Delhi,BLR ? DEL,04:15,No info,3943,12,5,6,0,0,90.0,165
Jet Airways,Banglore,New Delhi,BLR ? BOM ? DEL,12:25 13 Mar,In-flight meal not included,11087,12,3,1,0,0,1235.0,950
Jet Airways,Delhi,Cochin,DEL ? ATQ ? BOM ? COK,04:25 07 Jun,In-flight meal not included,15318,6,6,3,0,0,1200.0,505
SpiceJet,Kolkata,Banglore,CCU ? BLR,00:40 07 Jun,No info,3873,6,6,3,0,0,1340.0,140
Multiple carriers,Delhi,Cochin,DEL ? BOM ? COK,19:00,No info,11573,27,5,0,0,0,295.0,845
Vistara,Banglore,Delhi,BLR ? DEL,14:20,No info,4668,15,5,2,0,0,690.0,170
Air India,Banglore,New Delhi,BLR ? CCU ? GAU ? DEL,22:10,No info,13576,1,3,4,0,0,350.0,980
Air India,Banglore,New Delhi,BLR ? MAA ? DEL,13:00 02 Mar,1 Long layover,15434,1,3,4,0,0,710.0,1510
Vistara,Banglore,Delhi,BLR ? DEL,14:20,No info,5403,21,4,6,0,0,690.0,170
Jet Airways,Delhi,Cochin,DEL ? IDR ? BOM ? COK,19:45 07 Mar,No info,16914,6,3,2,0,0,325.0,2300
Jet Airways,Kolkata,Banglore,CCU ? BOM ? BLR,08:15 22 May,No info,14781,21,5,1,0,0,1270.0,665
Jet Airways,Banglore,Delhi,BLR ? DEL,14:05,In-flight meal not included,4544,9,4,1,0,0,670.0,175
Air India,Kolkata,Banglore,CCU ? BBI ? BOM ? BLR,07:55 13 Jun,No info,9416,12,6,2,0,0,720.0,1195
Vistara,Kolkata,Banglore,CCU ? DEL ? BLR,22:55,No info,8662,9,6,6,0,0,430.0,945
Air India,Delhi,Cochin,DEL ? BOM ? COK,19:15,No info,9194,24,6,0,0,0,600.0,555
SpiceJet,Kolkata,Banglore,CCU ? BLR,09:30,No info,3873,3,6,0,0,0,415.0,155
IndiGo,Kolkata,Banglore,CCU ? PAT ? BLR,14:15,No info,11465,9,6,6,0,0,560.0,295
Air India,Delhi,Cochin,DEL ? BLR ? COK,23:00,No info,8907,9,6,6,0,0,585.0,795
Air India,Delhi,Cochin,DEL ? HYD ? BOM ? COK,19:15 22 Mar,No info,8770,21,3,3,0,0,1035.0,1560
Jet Airways,Delhi,Cochin,DEL ? BOM ? COK,04:25 28 Mar,No info,12242,27,3,2,0,0,595.0,1110
Multiple carriers,Delhi,Cochin,DEL ? BOM ? COK,19:00,No info,12192,12,6,2,0,0,600.0,540
Vistara,Kolkata,Banglore,CCU ? DEL ? BLR,10:45 02 Apr,No info,8505,1,4,0,0,0,430.0,1655
Jet Airways,Kolkata,Banglore,CCU ? BOM ? BLR,09:20 10 May,In-flight meal not included,9663,9,5,3,0,0,845.0,1155
Multiple carriers,Delhi,Cochin,DEL ? BOM ? COK,19:15,No info,8614,15,6,5,0,0,450.0,705
Jet Airways,Delhi,Cochin,DEL ? IDR ? BOM ? COK,04:25 25 Jun,No info,13292,24,6,0,0,0,330.0,1375
Multiple carriers,Delhi,Cochin,DEL ? BOM ? COK,21:00,No info,7740,3,6,0,0,0,770.0,490
IndiGo,Delhi,Cochin,DEL ? BOM ? COK,01:30 02 May,No info,8854,1,5,2,0,0,1115.0,415
IndiGo,Delhi,Cochin,DEL ? HYD ? MAA ? COK,21:20,No info,7682,6,3,2,0,0,515.0,765
IndiGo,Kolkata,Banglore,CCU ? BLR,19:50,No info,4804,9,5,3,0,0,1035.0,155
Vistara,Banglore,Delhi,BLR ? DEL,12:35,No info,4668,21,5,1,0,0,585.0,170
Multiple carriers,Delhi,Cochin,DEL ? BOM ? COK,01:30 25 Jun,In-flight meal not included,5797,24,6,0,0,0,915.0,615
Air India,Delhi,Cochin,DEL ? COK,17:10,No info,4729,3,4,2,0,0,850.0,180
Multiple carriers,Delhi,Cochin,DEL ? BOM ? COK,01:30 22 May,No info,7888,21,5,1,0,0,780.0,750
IndiGo,Kolkata,Banglore,CCU ? MAA ? BLR,13:00,No info,5069,24,5,4,0,0,490.0,290
Air India,Delhi,Cochin,DEL ? RPR ? NAG ? BOM ? COK,19:15 22 Mar,No info,9128,21,3,3,0,0,315.0,2280
Jet Airways,Kolkata,Banglore,CCU ? BOM ? BLR,09:20 02 May,In-flight meal not included,9663,1,5,2,0,0,1200.0,800
Air India,Delhi,Cochin,DEL ? MAA ? COK,09:25 07 Jun,No info,7952,6,6,3,0,0,1240.0,765
Jet Airways,Delhi,Cochin,DEL ? BOM ? COK,12:35 25 Jun,In-flight meal not included,10262,24,6,0,0,0,600.0,1595
Jet Airways,Delhi,Cochin,DEL ? LKO ? BOM ? COK,04:25 07 Jun,No info,13882,6,6,3,0,0,705.0,1000
IndiGo,Banglore,Delhi,BLR ? DEL,15:50,No info,4591,12,5,6,0,0,780.0,170
Air India,Mumbai,Hyderabad,BOM ? GOI ? PNQ ? HYD,16:55,No info,16172,12,3,1,0,0,1270.0,255
IndiGo,Banglore,Delhi,BLR ? DEL,04:15,No info,4591,18,4,3,0,0,90.0,165
IndiGo,Mumbai,Hyderabad,BOM ? HYD,07:55,No info,4049,24,6,0,0,0,385.0,90
IndiGo,Kolkata,Banglore,CCU ? BLR,18:05,No info,4804,3,5,4,0,0,930.0,155
Multiple carriers,Delhi,Cochin,DEL ? BOM ? COK,15:30,No info,6673,27,3,2,0,0,480.0,450
Jet Airways,Delhi,Cochin,DEL ? AMD ? BOM ? COK,04:25 29 Jun,In-flight meal not included,11150,27,6,3,0,0,1385.0,1760
Air India,Delhi,Cochin,DEL ? CCU ? BOM ? COK,19:15 16 Jun,No info,13591,15,6,5,0,0,1215.0,1380
IndiGo,Banglore,Delhi,BLR ? DEL,08:50,No info,4077,9,5,3,0,0,365.0,165
Multiple carriers,Delhi,Cochin,DEL ? BOM ? COK,19:15,In-flight meal not included,12927,1,6,5,0,0,425.0,730
Jet Airways,Delhi,Cochin,DEL ? BHO ? BOM ? COK,12:35,No info,16274,21,5,1,0,0,330.0,425
Vistara,Banglore,Delhi,BLR ? DEL,09:40,No info,4668,15,5,2,0,0,420.0,160
Jet Airways,Delhi,Cochin,DEL ? BOM ? COK,12:35 28 May,In-flight meal not included,12898,27,5,0,0,0,1255.0,940
Air India,Mumbai,Hyderabad,BOM ? DEL ? HYD,23:45,No info,11678,6,3,2,0,0,960.0,465
IndiGo,Delhi,Cochin,DEL ? LKO ? COK,03:35 13 Jun,No info,5775,12,6,2,0,0,1310.0,345
SpiceJet,Kolkata,Banglore,CCU ? BLR,11:30,No info,5515,1,3,4,0,0,540.0,150
Jet Airways,Banglore,New Delhi,BLR ? BOM ? DEL,09:00 16 Mar,No info,13555,18,3,0,0,0,1370.0,610
Jet Airways,Kolkata,Banglore,CCU ? BOM ? BLR,04:40 25 May,No info,14571,24,5,4,0,0,990.0,730
SpiceJet,Mumbai,Hyderabad,BOM ? HYD,14:45,No info,2227,9,6,6,0,0,795.0,90
Air India,Banglore,Delhi,BLR ? DEL,16:10,No info,6961,24,6,0,0,0,800.0,170
Air India,Delhi,Cochin,DEL ? BOM ? COK,19:15,No info,15704,9,3,5,0,0,420.0,735
Jet Airways,Mumbai,Hyderabad,BOM ? HYD,11:50,No info,8040,6,3,2,0,0,620.0,90
Jet Airways,Delhi,Cochin,DEL ? BOM ? COK,04:25 02 Jun,No info,14714,1,6,5,0,0,1155.0,550
Jet Airways,Delhi,Cochin,DEL ? IXC ? BOM ? COK,04:25 28 Mar,In-flight meal not included,9296,27,3,2,0,0,380.0,1325
Multiple carriers,Delhi,Cochin,DEL ? BOM ? COK,19:00,No info,10197,21,5,1,0,0,540.0,600
Air India,Delhi,Cochin,DEL ? BOM ? COK,19:15,No info,8372,12,6,2,0,0,780.0,375
Vistara,Delhi,Cochin,DEL ? COK,17:50,No info,6741,9,3,5,0,0,895.0,175
IndiGo,Chennai,Kolkata,MAA ? CCU,19:40,No info,6297,9,3,5,0,0,1025.0,155
Jet Airways,Kolkata,Banglore,CCU ? BOM ? BLR,18:15,No info,13626,12,6,2,0,0,505.0,590
Jet Airways,Delhi,Cochin,DEL ? AMD ? BOM ? COK,19:00 28 May,No info,15129,27,5,0,0,0,1150.0,1430
IndiGo,Delhi,Cochin,DEL ? BLR ? COK,07:45,No info,6426,21,3,3,0,0,120.0,345
Jet Airways,Delhi,Cochin,DEL ? ATQ ? BOM ? COK,04:25 10 Mar,No info,20904,9,3,5,0,0,1210.0,495
Air Asia,Delhi,Cochin,DEL ? BLR ? COK,07:10 10 Apr,No info,6451,9,4,1,0,0,1245.0,625
Air India,Banglore,New Delhi,BLR ? BBI ? DEL,23:45,No info,12704,1,3,4,0,0,570.0,855
Jet Airways,Kolkata,Banglore,CCU ? DEL ? BLR,09:45 25 May,No info,13067,24,5,4,0,0,1225.0,800
Jet Airways,Banglore,Delhi,BLR ? DEL,08:45,No info,7229,18,5,5,0,0,360.0,165
Jet Airways,Delhi,Cochin,DEL ? BDQ ? BOM ? COK,04:25 23 Mar,No info,12347,21,3,3,0,0,1105.0,2040
Multiple carriers,Delhi,Cochin,DEL ? BOM ? COK,21:00,No info,17057,3,3,6,0,0,835.0,425
Air India,Kolkata,Banglore,CCU ? BOM ? HBX ? BLR,18:20,No info,8366,18,5,5,0,0,565.0,535
Multiple carriers,Delhi,Cochin,DEL ? BOM ? COK,01:30 10 May,No info,15078,9,5,3,0,0,600.0,930
Air Asia,Kolkata,Banglore,CCU ? DEL ? BLR,19:25,No info,7870,9,6,6,0,0,455.0,710
IndiGo,Mumbai,Hyderabad,BOM ? HYD,18:25,No info,3603,12,5,6,0,0,1015.0,90
Air India,Kolkata,Banglore,CCU ? DEL ? BLR,16:15,No info,11936,12,6,2,0,0,420.0,555
Multiple carriers,Delhi,Cochin,DEL ? BOM ? COK,01:30 28 May,In-flight meal not included,8925,27,5,0,0,0,600.0,930
Air India,Delhi,Cochin,DEL ? COK,17:10,No info,6934,21,4,6,0,0,850.0,180
Jet Airways,Delhi,Cochin,DEL ? BOM ? COK,19:00,In-flight meal not included,6542,15,4,0,0,0,690.0,450
IndiGo,Kolkata,Banglore,CCU ? BLR,16:55,No info,4778,15,3,4,0,0,860.0,155
IndiGo,Kolkata,Banglore,CCU ? BLR,19:50,No info,4804,24,5,4,0,0,1035.0,155
Jet Airways,Kolkata,Banglore,CCU ? DEL ? BLR,10:55 13 May,No info,14151,12,5,6,0,0,1225.0,870
Multiple carriers,Delhi,Cochin,DEL ? BOM ? COK,19:15,No info,16108,1,6,5,0,0,780.0,375
Multiple carriers,Delhi,Cochin,DEL ? BOM ? COK,01:30 02 Jun,No info,13377,1,6,5,0,0,900.0,630
SpiceJet,Banglore,Delhi,BLR ? DEL,12:20,No check-in baggage included,3919,1,4,0,0,0,570.0,170
Multiple carriers,Delhi,Cochin,DEL ? BOM ? COK,21:00,In-flight meal not included,15136,6,3,2,0,0,835.0,425
Vistara,Kolkata,Banglore,CCU ? DEL ? BLR,20:20,No info,9345,21,5,1,0,0,430.0,790
Multiple carriers,Delhi,Cochin,DEL ? BOM ? COK,15:30,No info,12327,27,3,2,0,0,135.0,795
Jet Airways,Banglore,New Delhi,BLR ? BOM ? DEL,16:10,No info,12284,18,3,0,0,0,535.0,435
Air India,Delhi,Cochin,DEL ? HYD ? BOM ? COK,19:15 16 May,No info,13039,15,5,2,0,0,1035.0,1560
Jet Airways,Delhi,Cochin,DEL ? BOM ? COK,04:25 10 Mar,In-flight meal not included,11848,9,3,5,0,0,1045.0,660
Jet Airways,Delhi,Cochin,DEL ? BOM ? COK,19:00 22 May,No info,16079,21,5,1,0,0,1095.0,1485
IndiGo,Kolkata,Banglore,CCU ? BLR,00:50 04 May,No info,4804,3,5,4,0,0,1335.0,155
Jet Airways,Kolkata,Banglore,CCU ? BOM ? BLR,23:35 10 Jun,In-flight meal not included,10844,9,6,6,0,0,1200.0,1655
Vistara,Kolkata,Banglore,CCU ? DEL ? BLR,10:45 02 Apr,No info,8505,1,4,0,0,0,1220.0,865
Air India,Kolkata,Banglore,CCU ? BOM ? GOI ? BLR,05:35 25 Mar,No info,11774,24,3,6,0,0,565.0,1210
Jet Airways,Banglore,Delhi,BLR ? DEL,08:45,In-flight meal not included,5769,3,6,0,0,0,360.0,165
Jet Airways,Kolkata,Banglore,CCU ? BOM ? BLR,20:45,In-flight meal not included,10844,1,5,2,0,0,505.0,740
SpiceJet,Chennai,Kolkata,MAA ? CCU,10:35,No info,3597,24,5,4,0,0,500.0,135
Multiple carriers,Delhi,Cochin,DEL ? BOM ? COK,18:50,No info,16497,6,3,2,0,0,600.0,530
Jet Airways,Kolkata,Banglore,CCU ? DEL ? BLR,19:10 16 May,No info,14151,15,5,2,0,0,1020.0,1570
IndiGo,Kolkata,Banglore,CCU ? BLR,12:20,No info,4804,6,5,0,0,0,575.0,165
Air India,Mumbai,Hyderabad,BOM ? HYD,16:25,No info,3100,24,5,4,0,0,900.0,85
Jet Airways,Delhi,Cochin,DEL ? BOM ? COK,19:00,No info,14714,3,6,0,0,0,540.0,600
IndiGo,Mumbai,Hyderabad,BOM ? HYD,18:25,No info,8853,1,3,4,0,0,1015.0,90
IndiGo,Delhi,Cochin,DEL ? MAA ? COK,12:30,No info,6582,1,6,5,0,0,435.0,315
Vistara,Banglore,Delhi,BLR ? DEL,14:20,No info,4668,3,6,0,0,0,690.0,170
Jet Airways,Kolkata,Banglore,CCU ? BOM ? BLR,16:20 07 Jun,No info,14571,6,6,3,0,0,1200.0,1220
Jet Airways,Delhi,Cochin,DEL ? BOM ? COK,04:25 07 Mar,In-flight meal not included,13843,6,3,2,0,0,1310.0,395
Multiple carriers,Delhi,Cochin,DEL ? BOM ? COK,19:15,No info,7354,3,6,0,0,0,400.0,755
IndiGo,Kolkata,Banglore,CCU ? BLR,00:50 02 Jun,No info,4804,1,6,5,0,0,1335.0,155
IndiGo,Chennai,Kolkata,MAA ? CCU,00:25 02 Jun,No info,5277,1,6,5,0,0,1325.0,140
Air India,Delhi,Cochin,DEL ? BLR ? COK,08:15 28 Mar,No info,5998,27,3,2,0,0,1230.0,705
IndiGo,Banglore,Delhi,BLR ? DEL,15:50,No info,4591,1,4,0,0,0,780.0,170
IndiGo,Chennai,Kolkata,MAA ? CCU,17:05,No info,3597,6,5,0,0,0,885.0,140
Jet Airways,Mumbai,Hyderabad,BOM ? HYD,21:05,No info,5678,24,6,0,0,0,1175.0,90
IndiGo,Chennai,Kolkata,MAA ? CCU,10:15,No info,3850,6,6,3,0,0,475.0,140
SpiceJet,Mumbai,Hyderabad,BOM ? HYD,14:45,No info,2017,18,6,1,0,0,795.0,90
Jet Airways,Delhi,Cochin,DEL ? BOM ? COK,19:00 16 Jun,In-flight meal not included,10262,15,6,5,0,0,1255.0,1325
Air India,Delhi,Cochin,DEL ? JAI ? BOM ? COK,19:15,No info,8603,12,6,2,0,0,720.0,435
Multiple carriers,Delhi,Cochin,DEL ? HYD ? COK,22:20,No info,14153,3,3,6,0,0,785.0,555
Jet Airways,Kolkata,Banglore,CCU ? DEL ? BLR,23:35 07 May,In-flight meal not included,8066,6,5,0,0,0,1225.0,1630
Multiple carriers,Delhi,Cochin,DEL ? BOM ? COK,01:35 22 Mar,No info,7695,21,3,3,0,0,770.0,765
SpiceJet,Delhi,Cochin,DEL ? PNQ ? COK,13:15,No info,8488,6,3,2,0,0,525.0,270
GoAir,Banglore,New Delhi,BLR ? DEL,14:35,No info,4340,18,3,0,0,0,700.0,175
Jet Airways,Kolkata,Banglore,CCU ? DEL ? BLR,10:55 16 May,No info,14151,15,5,2,0,0,1225.0,870
Jet Airways,Banglore,New Delhi,BLR ? BOM ? DEL,05:05 16 Mar,In-flight meal not included,11087,18,3,0,0,0,1015.0,730
Jet Airways,Kolkata,Banglore,CCU ? BOM ? BLR,18:10 25 Mar,No info,13759,24,3,6,0,0,1185.0,1345
Jet Airways,Delhi,Cochin,DEL ? BOM ? COK,04:25 22 May,No info,16079,21,5,1,0,0,1155.0,550
Multiple carriers,Delhi,Cochin,DEL ? BOM ? COK,19:00,No info,12717,1,6,5,0,0,540.0,600
Jet Airways,Mumbai,Hyderabad,BOM ? HYD,11:50,In-flight meal not included,4995,21,6,4,0,0,620.0,90
SpiceJet,Kolkata,Banglore,CCU ? BLR,19:40,No info,3873,12,4,4,0,0,1030.0,150
Jet Airways,Kolkata,Banglore,CCU ? BOM ? BLR,12:00,In-flight meal not included,7826,24,3,6,0,0,390.0,330
Vistara,Kolkata,Banglore,CCU ? DEL ? BLR,09:05 02 Apr,No info,7980,1,4,0,0,0,1220.0,765
Multiple carriers,Delhi,Cochin,DEL ? HYD ? COK,00:55 22 May,No info,9486,21,5,1,0,0,585.0,910
Jet Airways,Kolkata,Banglore,CCU ? BOM ? BLR,18:15 10 Jun,In-flight meal not included,10844,9,6,6,0,0,1135.0,1400
IndiGo,Chennai,Kolkata,MAA ? CCU,07:35,No info,6482,3,3,6,0,0,315.0,140
IndiGo,Delhi,Cochin,DEL ? BOM ? COK,01:30 02 Jun,No info,6628,1,6,5,0,0,1050.0,480
Air India,Kolkata,Banglore,CCU ? GAU ? BLR,21:05,No info,7452,6,6,3,0,0,590.0,675
Jet Airways,Delhi,Cochin,DEL ? LKO ? BOM ? COK,04:25 16 Jun,No info,13882,15,6,5,0,0,565.0,1140
Multiple carriers,Delhi,Cochin,DEL ? BOM ? COK,19:15,No info,8099,27,6,3,0,0,555.0,600
Vistara,Banglore,Delhi,BLR ? DEL,19:35,No info,4878,1,6,5,0,0,1020.0,155
IndiGo,Kolkata,Banglore,CCU ? HYD ? BLR,20:30,No info,5170,6,6,3,0,0,915.0,315
SpiceJet,Banglore,New Delhi,BLR ? HYD ? DEL,23:40,No info,6315,3,3,6,0,0,935.0,485
IndiGo,Chennai,Kolkata,MAA ? CCU,15:35,No info,7295,1,3,4,0,0,800.0,135
Multiple carriers,Delhi,Cochin,DEL ? BOM ? COK,19:00,No info,9794,1,5,2,0,0,450.0,690
Jet Airways,Delhi,Cochin,DEL ? AMD ? BOM ? COK,04:25 23 Mar,In-flight meal not included,8834,21,3,3,0,0,1150.0,1995
SpiceJet,Mumbai,Hyderabad,BOM ? HYD,00:15 22 Jun,No info,2017,21,6,4,0,0,1365.0,90
Multiple carriers,Delhi,Cochin,DEL ? BOM ? COK,19:45,No info,12615,9,3,5,0,0,400.0,785
Vistara,Banglore,New Delhi,BLR ? DEL,00:05 13 Mar,No info,7240,9,3,5,0,0,1270.0,175
Jet Airways,Banglore,Delhi,BLR ? DEL,18:10,No info,8016,24,6,0,0,0,915.0,175
Vistara,Banglore,Delhi,BLR ? DEL,19:35,No info,4878,6,5,0,0,0,1020.0,155
Jet Airways,Delhi,Cochin,DEL ? IDR ? BOM ? COK,04:25 13 Jun,No info,13292,12,6,2,0,0,330.0,1375
Air India,Banglore,New Delhi,BLR ? MAA ? DEL,08:55 13 Mar,No info,11707,12,3,1,0,0,710.0,1265
IndiGo,Delhi,Cochin,DEL ? BLR ? COK,22:15,No info,6147,24,6,0,0,0,1025.0,310
IndiGo,Delhi,Cochin,DEL ? BOM ? COK,21:00,No info,6093,12,6,2,0,0,450.0,810
Jet Airways,Kolkata,Banglore,CCU ? BOM ? BLR,08:15 02 Apr,No info,12681,1,4,0,0,0,1200.0,735
SpiceJet,Banglore,Delhi,BLR ? DEL,08:35,No info,3311,27,5,0,0,0,355.0,160
Air India,Mumbai,Hyderabad,BOM ? BLR ? CCU ? BBI ? HYD,12:25 13 Mar,No info,14260,12,3,1,0,0,1010.0,1175
Air India,Delhi,Cochin,DEL ? CCU ? BOM ? COK,19:15 28 Jun,No info,13591,27,6,3,0,0,865.0,1730
IndiGo,Kolkata,Banglore,CCU ? BLR,22:55,No info,4804,15,5,2,0,0,1220.0,155
Air India,Delhi,Cochin,DEL ? UDR ? BOM ? COK,07:40 16 May,No info,13538,15,5,2,0,0,800.0,1100
Jet Airways,Kolkata,Banglore,CCU ? DEL ? BLR,09:45 10 Jun,No info,14151,9,6,6,0,0,575.0,1450
SpiceJet,Banglore,New Delhi,BLR ? DEL,08:35,No info,5575,15,3,4,0,0,345.0,170
Jet Airways,Kolkata,Banglore,CCU ? BOM ? BLR,09:20 25 May,No info,14178,24,5,4,0,0,390.0,1610
Air India,Chennai,Kolkata,MAA ? CCU,13:55,No info,7082,12,3,1,0,0,700.0,135
SpiceJet,Banglore,Delhi,BLR ? DEL,00:05 10 May,No check-in baggage included,4319,9,5,3,0,0,1270.0,175
Jet Airways,Delhi,Cochin,DEL ? UDR ? BOM ? COK,18:50 04 Mar,No info,20747,3,3,6,0,0,1100.0,1470
Jet Airways,Kolkata,Banglore,CCU ? BOM ? BLR,22:35,No info,13759,24,3,6,0,0,505.0,850
Jet Airways,Delhi,Cochin,DEL ? BHO ? BOM ? COK,04:25 22 Mar,In-flight meal not included,9181,21,3,3,0,0,340.0,1365
Jet Airways,Delhi,Cochin,DEL ? BOM ? COK,18:50,No info,17024,3,3,6,0,0,135.0,995
IndiGo,Delhi,Cochin,DEL ? HYD ? COK,12:00,No info,5298,27,3,2,0,0,400.0,320
Jet Airways,Kolkata,Banglore,CCU ? BOM ? BLR,22:35,No info,13364,1,4,0,0,0,845.0,510
Jet Airways,Kolkata,Banglore,CCU ? BOM ? BLR,16:20,In-flight meal not included,10844,12,5,6,0,0,390.0,590
Jet Airways,Kolkata,Banglore,CCU ? BOM ? BLR,04:40 16 May,No info,13941,15,5,2,0,0,1200.0,520
Jet Airways,Delhi,Cochin,DEL ? NAG ? BOM ? COK,04:25 13 Jun,In-flight meal not included,10919,12,6,2,0,0,405.0,1300
Jet Airways,Banglore,New Delhi,BLR ? BOM ? DEL,13:15,No info,12284,18,3,0,0,0,345.0,450
IndiGo,Delhi,Cochin,DEL ? HYD ? COK,22:20,No info,6790,21,3,3,0,0,515.0,825
IndiGo,Mumbai,Hyderabad,BOM ? HYD,07:55,No info,4392,18,5,5,0,0,385.0,90
Air India,Delhi,Cochin,DEL ? AMD ? BOM ? COK,19:15 07 Jun,No info,9653,6,6,3,0,0,300.0,2295
SpiceJet,Mumbai,Hyderabad,BOM ? HYD,07:15,No info,2753,21,6,4,0,0,345.0,90
Air India,Kolkata,Banglore,CCU ? HYD ? BLR,11:05 19 May,No info,6327,18,5,5,0,0,1140.0,965
Multiple carriers,Delhi,Cochin,DEL ? HYD ? COK,22:20,In-flight meal not included,11125,3,3,6,0,0,430.0,910
Jet Airways,Delhi,Cochin,DEL ? BOM ? COK,19:00 07 Jun,In-flight meal not included,10262,6,6,3,0,0,1370.0,1210
Jet Airways,Delhi,Cochin,DEL ? BOM ? COK,04:25 10 Jun,In-flight meal not included,10262,9,6,6,0,0,1050.0,655
Air Asia,Delhi,Cochin,DEL ? BLR ? COK,22:25,No info,6752,27,5,0,0,0,1005.0,340
IndiGo,Banglore,Delhi,BLR ? DEL,08:50,No info,4423,27,5,0,0,0,365.0,165
Air Asia,Banglore,Delhi,BLR ? DEL,13:55,No info,3383,21,5,1,0,0,670.0,165
Air India,Delhi,Cochin,DEL ? UDR ? BOM ? COK,07:40 16 Jun,No info,12121,15,6,5,0,0,800.0,1100
Multiple carriers,Delhi,Cochin,DEL ? BOM ? COK,01:30 10 May,No info,9021,9,5,3,0,0,700.0,830
Multiple carriers,Delhi,Cochin,DEL ? BOM ? COK,19:15,No info,8266,6,6,3,0,0,700.0,455
Jet Airways,Delhi,Cochin,DEL ? BOM ? COK,19:00 04 Jun,No info,14714,3,6,0,0,0,1185.0,1395
Air India,Delhi,Cochin,DEL ? BHO ? BOM ? COK,19:15,No info,11386,27,6,3,0,0,355.0,800
Jet Airways,Banglore,New Delhi,BLR ? BOM ? DEL,08:15 07 Mar,No info,14815,6,3,2,0,0,535.0,1400
Jet Airways,Delhi,Cochin,DEL ? BOM ? COK,04:25 07 Mar,In-flight meal not included,13843,6,3,2,0,0,540.0,1165
IndiGo,Delhi,Cochin,DEL ? BOM ? COK,21:00,No info,7191,15,5,2,0,0,450.0,810
SpiceJet,Kolkata,Banglore,CCU ? BLR,19:45,No info,6251,3,3,6,0,0,1035.0,150
Jet Airways,Delhi,Cochin,DEL ? MAA ? BOM ? COK,04:25 28 Mar,In-flight meal not included,9412,27,3,2,0,0,310.0,1395
SpiceJet,Kolkata,Banglore,CCU ? BLR,00:40 16 Mar,No check-in baggage included,3815,15,3,4,0,0,1340.0,140
Air India,Mumbai,Hyderabad,BOM ? HYD,20:45,No info,3100,15,5,2,0,0,1170.0,75
Vistara,Delhi,Cochin,DEL ? COK,17:50,No info,6216,21,6,4,0,0,880.0,190
Multiple carriers,Delhi,Cochin,DEL ? BOM ? COK,01:30 28 Jun,No info,13377,27,6,3,0,0,840.0,690
IndiGo,Banglore,New Delhi,BLR ? HYD ? DEL,12:20,No info,5694,21,3,3,0,0,450.0,290
Air India,Kolkata,Banglore,CCU ? VNS ? DEL ? BLR,12:30 22 May,No info,15107,21,5,1,0,0,870.0,1320
Air India,Delhi,Cochin,DEL ? BOM ? COK,19:15 10 Mar,No info,11260,9,3,5,0,0,1380.0,1215
Air India,Delhi,Cochin,DEL ? BOM ? COK,19:15,No info,9929,27,5,0,0,0,480.0,675
Air India,Delhi,Cochin,DEL ? MAA ? COK,09:25 22 Mar,No info,5642,21,3,3,0,0,1240.0,765
Multiple carriers,Delhi,Cochin,DEL ? BOM ? COK,01:30 10 May,No info,15078,9,5,3,0,0,780.0,750
Multiple carriers,Delhi,Cochin,DEL ? BOM ? COK,01:30 13 Jun,No info,13377,12,6,2,0,0,840.0,690
Air India,Kolkata,Banglore,CCU ? DEL ? COK ? BLR,13:45 16 May,No info,16057,15,5,2,0,0,1230.0,1035
Jet Airways,Banglore,New Delhi,BLR ? BOM ? DEL,10:45,No info,12284,18,3,0,0,0,345.0,300
Jet Airways,Mumbai,Hyderabad,BOM ? HYD,21:05,No info,5678,18,3,0,0,0,1175.0,90
Multiple carriers,Delhi,Cochin,DEL ? BOM ? COK,01:35 04 Mar,No info,17703,3,3,6,0,0,1080.0,455
IndiGo,Banglore,Delhi,BLR ? DEL,10:05,No info,4823,3,6,0,0,0,430.0,175
Air India,Kolkata,Banglore,CCU ? IXR ? BBI ? BLR,13:15,No info,5562,1,4,0,0,0,350.0,445
IndiGo,Delhi,Cochin,DEL ? BBI ? COK,08:30,No info,13790,6,3,2,0,0,155.0,355
Jet Airways,Kolkata,Banglore,CCU ? BOM ? BLR,08:15 02 May,In-flight meal not included,8586,1,5,2,0,0,990.0,945
Multiple carriers,Delhi,Cochin,DEL ? BOM ? COK,19:00,No info,11264,27,5,0,0,0,450.0,690
Jet Airways,Kolkata,Banglore,CCU ? BOM ? BLR,04:40 13 May,In-flight meal not included,9663,12,5,6,0,0,1135.0,585
IndiGo,Delhi,Cochin,DEL ? BOM ? COK,21:00,No info,6416,6,6,3,0,0,510.0,750
IndiGo,Delhi,Cochin,DEL ? BOM ? COK,21:00,No info,7725,9,3,5,0,0,960.0,300
Jet Airways,Delhi,Cochin,DEL ? NAG ? BOM ? COK,12:35 02 Jun,No info,13376,1,6,5,0,0,875.0,1320
Jet Airways,Kolkata,Banglore,CCU ? BOM ? BLR,12:00 25 Mar,No info,14231,24,3,6,0,0,835.0,1325
Jet Airways,Delhi,Cochin,DEL ? BOM ? COK,04:25 04 Mar,No info,19828,3,3,6,0,0,690.0,1015
Jet Airways,Mumbai,Hyderabad,BOM ? HYD,08:35,No info,8040,27,3,2,0,0,430.0,85
Air India,Banglore,New Delhi,BLR ? DEL,19:45,No info,25913,1,3,4,0,0,1020.0,165
Jet Airways,Delhi,Cochin,DEL ? BOM ? COK,19:00,No info,16079,21,5,1,0,0,540.0,600
Air India,Mumbai,Hyderabad,BOM ? HYD,22:25,No info,4937,3,3,6,0,0,1265.0,80
Air India,Delhi,Cochin,DEL ? HYD ? BOM ? COK,07:40 28 Jun,No info,13039,27,6,3,0,0,1035.0,865
Jet Airways,Kolkata,Banglore,CCU ? DEL ? BLR,14:25 02 May,In-flight meal not included,9314,1,5,2,0,0,1225.0,1080
SpiceJet,Delhi,Cochin,DEL ? BLR ? COK,22:50,No info,4957,27,6,3,0,0,1075.0,295
Multiple carriers,Delhi,Cochin,DEL ? BOM ? COK,11:30,No info,14973,3,3,6,0,0,240.0,450
Jet Airways,Kolkata,Banglore,CCU ? BOM ? BLR,16:20,No info,14571,9,6,6,0,0,505.0,475
IndiGo,Kolkata,Banglore,CCU ? BLR,16:55,No info,5224,6,5,0,0,0,865.0,150
Multiple carriers,Delhi,Cochin,DEL ? BOM ? COK,19:00,No info,11622,24,6,0,0,0,555.0,585
GoAir,Banglore,Delhi,BLR ? DEL,23:40,No info,3419,27,5,0,0,0,1255.0,165
Jet Airways,Delhi,Cochin,DEL ? BHO ? BOM ? COK,12:35,In-flight meal not included,13344,1,6,5,0,0,330.0,425
IndiGo,Delhi,Cochin,DEL ? BOM ? COK,01:30 07 Jun,No info,6316,6,6,3,0,0,960.0,570
IndiGo,Mumbai,Hyderabad,BOM ? HYD,18:25,No info,4392,21,6,4,0,0,1015.0,90
Jet Airways,Delhi,Cochin,DEL ? AMD ? BOM ? COK,04:25 19 May,No info,16704,18,5,5,0,0,805.0,900
Jet Airways,Kolkata,Banglore,CCU ? BOM ? BLR,12:00 13 Jun,In-flight meal not included,8529,12,6,2,0,0,1135.0,1025
Jet Airways,Delhi,Cochin,DEL ? ATQ ? BOM ? COK,12:35 13 Jun,No info,14300,12,6,2,0,0,735.0,1460
Multiple carriers,Delhi,Cochin,DEL ? BOM ? COK,01:30 28 May,No info,7198,27,5,0,0,0,780.0,750
Jet Airways,Delhi,Cochin,DEL ? ATQ ? BOM ? COK,19:00 13 Jun,No info,14300,12,6,2,0,0,1100.0,1480
Jet Airways,Banglore,Delhi,BLR ? DEL,22:00,No info,7229,3,4,2,0,0,1135.0,185
SpiceJet,Kolkata,Banglore,CCU ? BLR,11:25,No check-in baggage included,3841,9,6,6,0,0,540.0,145
Jet Airways,Banglore,Delhi,BLR ? DEL,08:45,In-flight meal not included,4030,1,5,2,0,0,360.0,165
Jet Airways,Delhi,Cochin,DEL ? BOM ? COK,04:25 22 May,No info,16079,21,5,1,0,0,1255.0,450
IndiGo,Mumbai,Hyderabad,BOM ? HYD,13:30,No info,2754,27,5,0,0,0,720.0,90
IndiGo,Delhi,Cochin,DEL ? BLR ? COK,10:05,No info,6842,3,6,0,0,0,310.0,295
Vistara,Banglore,New Delhi,BLR ? DEL,12:35,No info,6138,24,3,6,0,0,590.0,165
Jet Airways,Kolkata,Banglore,CCU ? BOM ? BLR,04:40 13 Jun,No info,12576,12,6,2,0,0,1200.0,520
Jet Airways,Kolkata,Banglore,CCU ? DEL ? BLR,14:25 13 May,No info,13067,12,5,6,0,0,575.0,1730
Jet Airways,Kolkata,Banglore,CCU ? GAU ? BLR,17:35,No info,9358,6,5,0,0,0,620.0,435
Jet Airways,Kolkata,Banglore,CCU ? BOM ? BLR,04:40 10 May,In-flight meal not included,8586,9,5,3,0,0,505.0,1215
Air India,Banglore,Delhi,BLR ? DEL,16:10,No info,5176,6,4,5,0,0,800.0,170
Air India,Delhi,Cochin,DEL ? MAA ? COK,09:25 16 Jun,No info,7480,15,6,5,0,0,1240.0,765
Air India,Kolkata,Banglore,CCU ? IXR ? DEL ? BLR,12:30 07 Jun,No info,12723,6,6,3,0,0,350.0,1840
Air India,Kolkata,Banglore,CCU ? BBI ? BLR,13:15,No info,5793,1,4,0,0,0,550.0,245
Multiple carriers,Delhi,Cochin,DEL ? BOM ? COK,19:15,No info,14848,12,6,2,0,0,540.0,615
Air India,Delhi,Cochin,DEL ? AMD ? BOM ? COK,19:15 16 May,No info,10493,15,5,2,0,0,300.0,2295
Jet Airways,Kolkata,Banglore,CCU ? DEL ? BLR,18:00 10 May,No info,11467,9,5,3,0,0,1225.0,1295
Air India,Delhi,Cochin,DEL ? BOM ? COK,19:15,No info,9719,27,5,0,0,0,230.0,925
SpiceJet,Kolkata,Banglore,CCU ? BLR,00:40 16 Apr,No info,3873,15,4,0,0,0,1340.0,140
IndiGo,Delhi,Cochin,DEL ? MAA ? COK,07:25,No info,4862,21,3,3,0,0,125.0,320
SpiceJet,Banglore,Delhi,BLR ? DEL,12:20,No info,3971,3,4,2,0,0,570.0,170
Jet Airways,Banglore,New Delhi,BLR ? BOM ? DEL,10:25 19 Mar,In-flight meal not included,7832,21,3,3,0,0,700.0,1365
SpiceJet,Banglore,Delhi,BLR ? DEL,12:20,No info,3625,21,5,1,0,0,570.0,170
Vistara,Kolkata,Banglore,CCU ? DEL ? BLR,18:50 02 May,No info,8610,1,5,2,0,0,1020.0,1550
Multiple carriers,Delhi,Cochin,DEL ? BOM ? COK,15:30,No info,14486,21,3,3,0,0,540.0,390
SpiceJet,Kolkata,Banglore,CCU ? BLR,11:25,No check-in baggage included,3841,9,5,3,0,0,540.0,145
Jet Airways,Kolkata,Banglore,CCU ? BOM ? BLR,04:40 10 May,No info,13941,9,5,3,0,0,845.0,875
IndiGo,Banglore,Delhi,BLR ? DEL,21:50,No info,4823,12,5,6,0,0,1135.0,175
Air India,Kolkata,Banglore,CCU ? BBI ? BOM ? BLR,21:50,No info,12009,1,5,2,0,0,550.0,760
SpiceJet,Chennai,Kolkata,MAA ? CCU,10:35,No info,3597,21,6,4,0,0,500.0,135
Multiple carriers,Delhi,Cochin,DEL ? BOM ? COK,01:35 04 Mar,No info,21226,3,3,6,0,0,960.0,575
Jet Airways,Delhi,Cochin,DEL ? BOM ? COK,12:35 10 Jun,In-flight meal not included,10577,9,6,6,0,0,1155.0,1040
Air Asia,Kolkata,Banglore,CCU ? DEL ? BLR,19:25,No info,5320,12,5,6,0,0,455.0,710
IndiGo,Banglore,New Delhi,BLR ? DEL,10:05,No info,6860,21,3,3,0,0,430.0,175
SpiceJet,Mumbai,Hyderabad,BOM ? HYD,00:10 22 Mar,No info,1759,21,3,3,0,0,1365.0,85
Jet Airways,Delhi,Cochin,DEL ? BOM ? COK,04:25 28 Mar,No info,12242,27,3,2,0,0,690.0,1015
SpiceJet,Kolkata,Banglore,CCU ? BLR,00:40 04 Jun,No check-in baggage included,3841,3,6,0,0,0,1340.0,140
Jet Airways,Banglore,Delhi,BLR ? DEL,18:10,In-flight meal not included,3502,27,5,0,0,0,915.0,175
Jet Airways,Kolkata,Banglore,CCU ? BOM ? BLR,23:35,In-flight meal not included,10844,9,5,3,0,0,845.0,570
IndiGo,Kolkata,Banglore,CCU ? BLR,00:05 10 Apr,No info,4174,9,4,1,0,0,1285.0,160
Jet Airways,Kolkata,Banglore,CCU ? GAU ? BLR,17:35,In-flight meal not included,5608,9,6,6,0,0,620.0,435
IndiGo,Kolkata,Banglore,CCU ? PAT ? BLR,14:15,No info,9376,24,5,4,0,0,560.0,295
Jet Airways,Kolkata,Banglore,CCU ? BOM ? BLR,16:20 07 May,No info,13584,6,5,0,0,0,1270.0,1150
Multiple carriers,Delhi,Cochin,DEL ? BOM ? COK,19:15,No info,7354,24,6,0,0,0,510.0,645
Jet Airways,Kolkata,Banglore,CCU ? BOM ? BLR,18:15 13 May,In-flight meal not included,10844,12,5,6,0,0,1200.0,1335
Jet Airways,Kolkata,Banglore,CCU ? BOM ? BLR,08:15 13 May,No info,14388,12,5,6,0,0,1135.0,800
Jet Airways,Kolkata,Banglore,CCU ? BOM ? BLR,16:20,No info,14781,18,5,5,0,0,345.0,635
Air India,Delhi,Cochin,DEL ? JAI ? BOM ? COK,19:15,No info,9653,27,5,0,0,0,720.0,435
Jet Airways,Delhi,Cochin,DEL ? BOM ? COK,04:25 10 Jun,In-flight meal not included,10262,9,6,6,0,0,600.0,1105
IndiGo,Delhi,Cochin,DEL ? HYD ? COK,22:30,No info,6674,6,6,3,0,0,410.0,940
IndiGo,Delhi,Cochin,DEL ? HYD ? COK,16:10,No info,7663,3,3,6,0,0,515.0,455
SpiceJet,Banglore,Delhi,BLR ? DEL,08:35,No check-in baggage included,4319,18,4,3,0,0,355.0,160
Jet Airways,Delhi,Cochin,DEL ? BOM ? COK,19:00,In-flight meal not included,12373,18,5,5,0,0,135.0,1005
Jet Airways,Delhi,Cochin,DEL ? BOM ? COK,04:25 10 Apr,No info,12242,9,4,1,0,0,1370.0,335
Jet Airways,Delhi,Cochin,DEL ? BOM ? COK,19:00,No info,16289,27,5,0,0,0,480.0,660
GoAir,Banglore,Delhi,BLR ? DEL,23:40,No info,3419,3,6,0,0,0,1255.0,165
Jet Airways,Kolkata,Banglore,CCU ? BOM ? BLR,16:20,In-flight meal not included,7851,1,4,0,0,0,505.0,475
Jet Airways,Banglore,New Delhi,BLR ? BOM ? DEL,15:15,No info,12284,18,3,0,0,0,345.0,570
IndiGo,Delhi,Cochin,DEL ? BLR ? COK,07:45,No info,6386,15,6,5,0,0,120.0,345
Jet Airways,Delhi,Cochin,DEL ? AMD ? BOM ? COK,04:25 29 Jun,No info,15339,27,6,3,0,0,1385.0,1760
SpiceJet,Mumbai,Hyderabad,BOM ? HYD,00:15 13 May,No info,2017,12,5,6,0,0,1365.0,90
Jet Airways,Delhi,Cochin,DEL ? BHO ? BOM ? COK,12:35,No info,16274,18,5,5,0,0,330.0,425
IndiGo,Delhi,Cochin,DEL ? TRV ? COK,01:45 22 Mar,No info,5947,21,3,3,0,0,1265.0,280
Jet Airways,Mumbai,Hyderabad,BOM ? HYD,08:35,No info,8040,21,3,3,0,0,430.0,85
Jet Airways,Delhi,Cochin,DEL ? JAI ? BOM ? COK,12:35 13 Jun,In-flight meal not included,10368,12,6,2,0,0,580.0,1615
Air India,Delhi,Cochin,DEL ? BLR ? COK,23:00 19 May,No info,8907,18,5,5,0,0,1230.0,1590
IndiGo,Mumbai,Hyderabad,BOM ? HYD,07:55,No info,4049,6,6,3,0,0,385.0,90
Air India,Banglore,New Delhi,BLR ? DEL,12:45,No info,8588,3,3,6,0,0,600.0,165
Jet Airways,Banglore,Delhi,BLR ? DEL,22:50,No info,7229,27,5,0,0,0,1190.0,180
IndiGo,Banglore,Delhi,BLR ? DEL,00:15 07 May,No info,3943,6,5,0,0,0,1275.0,180
Air Asia,Banglore,Delhi,BLR ? DEL,02:45 04 May,No info,4483,3,5,4,0,0,1435.0,170
Air India,Kolkata,Banglore,CCU ? BBI ? BOM ? BLR,18:30 22 May,No info,10151,21,5,1,0,0,720.0,1830
IndiGo,Banglore,Delhi,BLR ? DEL,01:00 19 Jun,No info,3419,18,6,1,0,0,1330.0,170
Air India,Delhi,Cochin,DEL ? GOI ? BOM ? COK,07:40 19 May,No info,13486,18,5,5,0,0,655.0,1245
Vistara,Kolkata,Banglore,CCU ? DEL ? BLR,18:50 10 Jun,No info,8610,9,6,6,0,0,1220.0,1350
GoAir,Banglore,Delhi,BLR ? DEL,14:30,No info,3898,15,6,5,0,0,700.0,170
Air India,Kolkata,Banglore,CCU ? BBI ? BOM ? BLR,11:10 25 Mar,No info,15187,24,3,6,0,0,550.0,1560
IndiGo,Delhi,Cochin,DEL ? HYD ? MAA ? COK,21:20,No info,10278,1,3,4,0,0,295.0,985
IndiGo,Delhi,Cochin,DEL ? HYD ? COK,16:10,No info,6442,15,4,0,0,0,410.0,560
Jet Airways,Delhi,Cochin,DEL ? BHO ? BOM ? COK,12:35,In-flight meal not included,13344,3,6,0,0,0,330.0,425
Air India,Banglore,New Delhi,BLR ? HYD ? DEL,08:50 16 Mar,No info,5521,15,3,4,0,0,495.0,1475
IndiGo,Chennai,Kolkata,MAA ? CCU,15:35,No info,3597,27,5,0,0,0,795.0,140
Air India,Banglore,New Delhi,BLR ? CCU ? DEL,09:15 13 Mar,No info,11077,9,3,5,0,0,665.0,1330
Multiple carriers,Delhi,Cochin,DEL ? BOM ? COK,01:35 28 Mar,No info,6673,27,3,2,0,0,1080.0,455
Air India,Delhi,Cochin,DEL ? HYD ? BOM ? COK,19:15 10 Jun,No info,12392,9,6,6,0,0,1035.0,1560
Air India,Mumbai,Hyderabad,BOM ? MAA ? HYD,22:00,No info,10366,6,3,2,0,0,355.0,965
Air India,Delhi,Cochin,DEL ? RPR ? NAG ? BOM ? COK,19:15 16 Jun,No info,10703,15,6,5,0,0,315.0,2280
Air India,Delhi,Cochin,DEL ? BLR ? COK,23:00,No info,7174,9,5,3,0,0,585.0,795
Jet Airways,Banglore,New Delhi,BLR ? BOM ? DEL,09:30 16 Mar,In-flight meal not included,11087,18,3,0,0,0,1370.0,640
Air Asia,Banglore,Delhi,BLR ? DEL,02:45 28 Apr,No info,3383,27,4,5,0,0,1435.0,170
Air India,Kolkata,Banglore,CCU ? GAU ? DEL ? BLR,08:55 07 Jun,No info,14960,6,6,3,0,0,1005.0,970
Jet Airways,Kolkata,Banglore,CCU ? DEL ? BLR,09:45 02 May,No info,11467,1,5,2,0,0,1225.0,800
Multiple carriers,Delhi,Cochin,DEL ? BOM ? COK,15:30,No info,6673,27,3,2,0,0,540.0,390
Air India,Mumbai,Hyderabad,BOM ? HYD,15:25,No info,3100,27,6,3,0,0,835.0,90
Jet Airways,Banglore,New Delhi,BLR ? BOM ? DEL,16:10,No info,16736,6,3,2,0,0,345.0,625
Air India,Delhi,Cochin,DEL ? MAA ? COK,09:25 02 Apr,No info,5117,1,4,0,0,0,1240.0,765
Jet Airways,Delhi,Cochin,DEL ? BDQ ? BOM ? COK,18:50 22 Mar,No info,11093,21,3,3,0,0,645.0,1925
GoAir,Kolkata,Banglore,CCU ? BOM ? BLR,07:45 10 Jun,No info,6354,9,6,6,0,0,1410.0,495
Air India,Delhi,Cochin,DEL ? COK,17:10,No info,5674,18,3,0,0,0,850.0,180
Jet Airways,Delhi,Cochin,DEL ? JAI ? BOM ? COK,04:25 28 May,In-flight meal not included,13029,27,5,0,0,0,580.0,1125
Jet Airways,Delhi,Cochin,DEL ? AMD ? BOM ? COK,04:25 26 Jun,No info,12819,24,6,0,0,0,1385.0,1760
Air India,Banglore,New Delhi,BLR ? BOM ? UDR ? DEL,16:30 07 Mar,No info,14143,6,3,2,0,0,530.0,1900
IndiGo,Banglore,Delhi,BLR ? DEL,11:20,No info,5740,18,4,3,0,0,510.0,170
GoAir,Banglore,New Delhi,BLR ? DEL,14:35,No info,7646,3,3,6,0,0,700.0,175
Air India,Delhi,Cochin,DEL ? CCU ? BOM ? COK,19:15 10 May,No info,13591,9,5,3,0,0,865.0,1730
Air India,Mumbai,Hyderabad,BOM ? HYD,20:45,No info,3100,1,6,5,0,0,1170.0,75
Jet Airways,Delhi,Cochin,DEL ? BOM ? COK,12:35 02 Apr,In-flight meal not included,5406,1,4,0,0,0,1095.0,1100
Jet Airways,Kolkata,Banglore,CCU ? BOM ? BLR,08:15 07 May,No info,14388,6,5,0,0,0,1200.0,735
IndiGo,Chennai,Kolkata,MAA ? CCU,14:00,No info,6297,9,3,5,0,0,695.0,145
Jet Airways,Banglore,Delhi,BLR ? DEL,22:50,No info,7229,12,5,6,0,0,1190.0,180
Jet Airways,Delhi,Cochin,DEL ? AMD ? BOM ? COK,04:25 08 Mar,No info,20694,6,3,2,0,0,1150.0,1995
Air Asia,Banglore,Delhi,BLR ? DEL,07:45,No info,4282,21,6,4,0,0,295.0,170
Multiple carriers,Delhi,Cochin,DEL ? BOM ? COK,01:30 19 May,No info,13727,18,5,5,0,0,690.0,840
Multiple carriers,Delhi,Cochin,DEL ? BOM ? COK,19:15,No info,8614,15,6,5,0,0,685.0,470
Multiple carriers,Delhi,Cochin,DEL ? BOM ? COK,01:35 22 Mar,No info,7363,21,3,3,0,0,1080.0,455
Air India,Delhi,Cochin,DEL ? GOI ? BOM ? COK,19:15 16 May,No info,11281,15,5,2,0,0,1320.0,1275
GoAir,Banglore,Delhi,BLR ? DEL,14:30,No info,4340,18,5,5,0,0,700.0,170
IndiGo,Kolkata,Banglore,CCU ? BLR,19:55,No info,4778,9,3,5,0,0,1035.0,160
Jet Airways,Delhi,Cochin,DEL ? BOM ? COK,12:35 28 May,In-flight meal not included,12898,27,5,0,0,0,690.0,1505
IndiGo,Delhi,Cochin,DEL ? HYD ? COK,16:10,No info,6442,15,4,0,0,0,515.0,455
Jet Airways,Delhi,Cochin,DEL ? BOM ? COK,19:00,No info,14714,24,6,0,0,0,690.0,450
Multiple carriers,Delhi,Cochin,DEL ? HYD ? COK,22:30,No info,8018,27,6,3,0,0,795.0,555
Air India,Kolkata,Banglore,CCU ? BLR,23:20,No info,4145,6,5,0,0,0,1245.0,155
IndiGo,Mumbai,Hyderabad,BOM ? HYD,18:25,No info,4784,9,5,3,0,0,1015.0,90
Air India,Banglore,New Delhi,BLR ? MAA ? DEL,19:50,No info,11707,12,3,1,0,0,710.0,480
SpiceJet,Kolkata,Banglore,CCU ? BLR,19:45,No check-in baggage included,3815,21,3,3,0,0,1035.0,150
Air India,Banglore,New Delhi,BLR ? COK ? DEL,13:20 02 Mar,No info,21130,1,3,4,0,0,1320.0,920
Jet Airways,Delhi,Cochin,DEL ? BOM ? COK,18:50,No info,17024,6,3,2,0,0,780.0,350
SpiceJet,Kolkata,Banglore,CCU ? BLR,11:25,No info,3873,21,6,4,0,0,540.0,145
Jet Airways,Kolkata,Banglore,CCU ? DEL ? BLR,19:10 07 Jun,No info,14151,6,6,3,0,0,1020.0,1570
IndiGo,Kolkata,Banglore,CCU ? BLR,00:05 19 Jun,No info,4804,18,6,1,0,0,1285.0,160
Jet Airways,Delhi,Cochin,DEL ? BOM ? COK,04:25 28 May,In-flight meal not included,12898,27,5,0,0,0,425.0,1280
IndiGo,Banglore,Delhi,BLR ? DEL,01:00 04 May,No info,4284,3,5,4,0,0,1330.0,170
Jet Airways,Banglore,Delhi,BLR ? DEL,11:20,No info,7229,21,4,6,0,0,500.0,180
IndiGo,Banglore,New Delhi,BLR ? HYD ? DEL,12:20,No info,6114,15,3,4,0,0,450.0,290
Multiple carriers,Delhi,Cochin,DEL ? BOM ? COK,19:15,No info,14848,27,6,3,0,0,690.0,465
IndiGo,Delhi,Cochin,DEL ? BOM ? COK,15:30,No info,13611,6,3,2,0,0,285.0,645
Jet Airways,Banglore,Delhi,BLR ? DEL,10:10,No info,8016,12,6,2,0,0,430.0,180
Jet Airways,Kolkata,Banglore,CCU ? BOM ? BLR,18:15,No info,14571,9,6,6,0,0,505.0,590
Jet Airways,Delhi,Cochin,DEL ? BOM ? COK,19:00,In-flight meal not included,10675,27,5,0,0,0,540.0,600
IndiGo,Delhi,Cochin,DEL ? BOM ? COK,11:50,No info,6794,21,5,1,0,0,295.0,415
Jet Airways,Delhi,Cochin,DEL ? BOM ? COK,04:25 28 Mar,In-flight meal not included,6540,27,3,2,0,0,595.0,1110
Vistara,Banglore,New Delhi,BLR ? DEL,14:10,No info,7240,9,3,5,0,0,690.0,160
Air India,Delhi,Cochin,DEL ? HYD ? MAA ? COK,09:25 16 Jun,No info,8839,15,6,5,0,0,795.0,1210
SpiceJet,Kolkata,Banglore,CCU ? BLR,11:25,No info,3873,6,6,3,0,0,540.0,145
Air India,Delhi,Cochin,DEL ? BHO ? BOM ? COK,19:15 07 Jun,No info,11596,6,6,3,0,0,1200.0,1395
Air India,Delhi,Cochin,DEL ? BOM ? COK,19:15,No info,7199,21,3,3,0,0,480.0,675
Jet Airways,Delhi,Cochin,DEL ? BOM ? COK,12:35,In-flight meal not included,12898,1,6,5,0,0,425.0,330
Multiple carriers,Delhi,Cochin,DEL ? BOM ? COK,19:00,No info,12524,1,6,5,0,0,525.0,615
Jet Airways,Delhi,Cochin,DEL ? JAI ? BOM ? COK,04:25 25 Jun,In-flight meal not included,10368,24,6,0,0,0,330.0,1375
Jet Airways,Mumbai,Hyderabad,BOM ? HYD,11:50,No info,8040,15,3,4,0,0,620.0,90
GoAir,Delhi,Cochin,DEL ? BOM ? COK,19:35,No info,5135,3,4,2,0,0,635.0,540
Air India,Banglore,New Delhi,BLR ? HYD ? DEL,23:10,No info,5626,9,3,5,0,0,410.0,980
Air India,Delhi,Cochin,DEL ? BOM ? COK,19:15,No info,15809,6,3,2,0,0,420.0,735
IndiGo,Delhi,Cochin,DEL ? HYD ? COK,22:30,No info,6412,27,6,3,0,0,970.0,380
Jet Airways,Delhi,Cochin,DEL ? JDH ? BOM ? COK,19:00,No info,18804,1,6,5,0,0,700.0,440
IndiGo,Mumbai,Hyderabad,BOM ? HYD,22:50,No info,2227,1,4,0,0,0,1280.0,90
Multiple carriers,Delhi,Cochin,DEL ? HYD ? COK,22:20,No info,6916,6,3,2,0,0,425.0,915
Air India,Mumbai,Hyderabad,BOM ? HYD,22:25,No info,3100,27,6,3,0,0,1265.0,80
Jet Airways,Kolkata,Banglore,CCU ? BOM ? BLR,12:00,No info,14388,6,5,0,0,0,390.0,330
Multiple carriers,Delhi,Cochin,DEL ? BOM ? COK,01:35 28 Mar,No info,12327,27,3,2,0,0,960.0,575
Jet Airways,Delhi,Cochin,DEL ? JAI ? BOM ? COK,04:25 04 Jun,No info,13014,3,6,0,0,0,1170.0,535
Vistara,Banglore,Delhi,BLR ? DEL,12:35,No info,5403,15,4,0,0,0,585.0,170
Multiple carriers,Delhi,Cochin,DEL ? BOM ? COK,21:00,No info,18228,9,3,5,0,0,520.0,740
Jet Airways,Kolkata,Banglore,CCU ? BOM ? BLR,19:50 07 Jun,In-flight meal not included,10844,6,6,3,0,0,1200.0,1430
Jet Airways,Delhi,Cochin,DEL ? BOM ? COK,04:25 07 Mar,In-flight meal not included,13843,6,3,2,0,0,690.0,1015
SpiceJet,Banglore,New Delhi,BLR ? DEL,12:30,No info,11690,1,3,4,0,0,575.0,175
Vistara,Kolkata,Banglore,CCU ? DEL ? BLR,09:05 02 May,No info,8452,1,5,2,0,0,1020.0,965
Air India,Delhi,Cochin,DEL ? BOM ? COK,19:15 28 May,No info,8372,27,5,0,0,0,1200.0,1395
Jet Airways,Delhi,Cochin,DEL ? BOM ? COK,04:25 07 Jun,In-flight meal not included,10262,6,6,3,0,0,840.0,865
Jet Airways,Mumbai,Hyderabad,BOM ? HYD,11:50,No info,5678,15,6,5,0,0,620.0,90
Jet Airways,Kolkata,Banglore,CCU ? DEL ? BLR,09:45 13 May,No info,14151,12,5,6,0,0,1225.0,800
Jet Airways,Banglore,Delhi,BLR ? DEL,22:00,In-flight meal not included,4544,21,4,6,0,0,1135.0,185
Jet Airways,Kolkata,Banglore,CCU ? DEL ? BLR,14:25 13 Jun,No info,12692,12,6,2,0,0,575.0,1730
Jet Airways,Delhi,Cochin,DEL ? IXC ? BOM ? COK,04:25 10 Mar,No info,17019,9,3,5,0,0,825.0,880
IndiGo,Kolkata,Banglore,CCU ? BLR,12:20,No info,6565,3,3,6,0,0,575.0,165
GoAir,Delhi,Cochin,DEL ? BOM ? COK,12:50,No info,5281,27,3,2,0,0,420.0,350
Multiple carriers,Delhi,Cochin,DEL ? HYD ? COK,16:10,No info,9646,9,6,6,0,0,425.0,545
IndiGo,Mumbai,Hyderabad,BOM ? HYD,04:00,No info,3175,6,3,2,0,0,150.0,90
Air India,Delhi,Cochin,DEL ? AMD ? BOM ? COK,19:15 28 Jun,No info,9653,27,6,3,0,0,1185.0,1410
Air India,Delhi,Cochin,DEL ? BOM ? COK,07:40 07 Mar,No info,14777,6,3,2,0,0,1380.0,520
Multiple carriers,Delhi,Cochin,DEL ? BOM ? COK,19:15,No info,7155,12,6,2,0,0,295.0,860
SpiceJet,Chennai,Kolkata,MAA ? CCU,10:35,No check-in baggage included,3543,6,6,3,0,0,500.0,135
IndiGo,Kolkata,Banglore,CCU ? BLR,12:20,No info,4804,9,5,3,0,0,575.0,165
IndiGo,Delhi,Cochin,DEL ? HYD ? COK,12:00,No info,9304,3,3,6,0,0,400.0,320
IndiGo,Banglore,Delhi,BLR ? DEL,00:15 16 Apr,No info,3943,15,4,0,0,0,1275.0,180
IndiGo,Delhi,Cochin,DEL ? BLR ? COK,22:25,No info,7060,1,6,5,0,0,1025.0,320
Air India,Banglore,Delhi,BLR ? DEL,23:55,No info,5228,15,6,5,0,0,1265.0,170
SpiceJet,Chennai,Kolkata,MAA ? CCU,10:35,No info,3597,24,6,0,0,0,500.0,135
SpiceJet,Banglore,Delhi,BLR ? DEL,00:05 04 Apr,No info,3971,3,4,2,0,0,1270.0,175
Multiple carriers,Delhi,Cochin,DEL ? BOM ? COK,21:00,No info,13727,6,5,0,0,0,780.0,480
Jet Airways,Kolkata,Banglore,CCU ? DEL ? BLR,22:05 02 Apr,No info,12121,1,4,0,0,0,1225.0,1540
Jet Airways,Delhi,Cochin,DEL ? BOM ? COK,19:00 04 Jun,In-flight meal not included,10262,3,6,0,0,0,1155.0,1425
Jet Airways,Delhi,Cochin,DEL ? BOM ? COK,12:35 02 Jun,In-flight meal not included,10262,1,6,5,0,0,840.0,1355
Jet Airways,Delhi,Cochin,DEL ? BOM ? COK,04:25 02 Jun,No info,14714,1,6,5,0,0,1185.0,520
Jet Airways,Delhi,Cochin,DEL ? AMD ? BOM ? COK,18:50 22 Mar,In-flight meal not included,8834,21,3,3,0,0,1150.0,1420
Multiple carriers,Delhi,Cochin,DEL ? BOM ? COK,12:35,No info,9838,21,3,3,0,0,285.0,470
IndiGo,Kolkata,Banglore,CCU ? HYD ? BLR,20:05,No info,4775,18,5,5,0,0,915.0,290
IndiGo,Banglore,Delhi,BLR ? DEL,21:50,No info,4823,3,5,4,0,0,1135.0,175
Air India,Kolkata,Banglore,CCU ? IXR ? DEL ? BLR,12:30 16 May,No info,12723,15,5,2,0,0,350.0,1840
IndiGo,Delhi,Cochin,DEL ? BOM ? COK,01:30 16 Jun,No info,5883,15,6,5,0,0,635.0,895
Vistara,Kolkata,Banglore,CCU ? DEL ? BLR,20:20 25 May,No info,9870,24,5,4,0,0,1020.0,1640
Jet Airways,Delhi,Cochin,DEL ? BOM ? COK,12:35 04 Jun,In-flight meal not included,10262,3,6,0,0,0,780.0,1415
Multiple carriers,Delhi,Cochin,DEL ? HYD ? COK,16:10,No info,6513,9,6,6,0,0,430.0,540
Air India,Kolkata,Banglore,CCU ? BOM ? COK ? BLR,13:45 16 May,No info,15532,15,5,2,0,0,1010.0,1255
Jet Airways,Delhi,Cochin,DEL ? BOM ? COK,19:00 07 Jun,No info,14714,6,6,3,0,0,1370.0,1210
Vistara,Kolkata,Banglore,CCU ? DEL ? BLR,10:45 19 May,No info,9187,18,5,5,0,0,1220.0,865
Multiple carriers,Delhi,Cochin,DEL ? HYD ? COK,22:30,No info,7038,6,6,3,0,0,895.0,455
Multiple carriers,Delhi,Cochin,DEL ? BOM ? COK,21:00,No info,13587,6,6,3,0,0,840.0,420
Jet Airways,Banglore,Delhi,BLR ? DEL,14:05,No info,8016,3,6,0,0,0,670.0,175
IndiGo,Mumbai,Hyderabad,BOM ? HYD,10:45,No info,4049,6,6,3,0,0,555.0,90
Jet Airways,Mumbai,Hyderabad,BOM ? HYD,08:35,No info,9536,6,3,2,0,0,430.0,85
Jet Airways,Kolkata,Banglore,CCU ? BOM ? BLR,18:15,No info,14571,24,5,4,0,0,505.0,590
Jet Airways,Delhi,Cochin,DEL ? JDH ? BOM ? COK,19:00,In-flight meal not included,15812,6,6,3,0,0,700.0,440
Air Asia,Delhi,Cochin,DEL ? BLR ? COK,22:25,No info,8759,6,6,3,0,0,475.0,870
Air India,Kolkata,Banglore,CCU ? BBI ? BOM ? BLR,21:50,No info,10151,21,5,1,0,0,720.0,590
IndiGo,Kolkata,Banglore,CCU ? BLR,18:05,No info,4804,15,5,2,0,0,930.0,155
IndiGo,Delhi,Cochin,DEL ? BOM ? COK,01:30 25 Jun,No info,6104,24,6,0,0,0,1050.0,480
Air India,Kolkata,Banglore,CCU ? BLR,16:45,No info,5510,6,5,0,0,0,855.0,150
IndiGo,Delhi,Cochin,DEL ? BLR ? COK,22:25,No info,6027,9,5,3,0,0,1025.0,320
SpiceJet,Kolkata,Banglore,CCU ? BLR,11:25,No info,4174,21,5,1,0,0,540.0,145
IndiGo,Delhi,Cochin,DEL ? BOM ? COK,01:30 22 May,No info,6794,21,5,1,0,0,635.0,895
Air India,Delhi,Cochin,DEL ? BHO ? BOM ? COK,07:40 07 Mar,No info,15428,6,3,2,0,0,355.0,1545
Jet Airways,Kolkata,Banglore,CCU ? BOM ? BLR,19:50 07 May,No info,14388,6,5,0,0,0,1200.0,1430
IndiGo,Delhi,Cochin,DEL ? BOM ? COK,01:30 22 May,No info,6896,21,5,1,0,0,900.0,630
IndiGo,Banglore,New Delhi,BLR ? DEL,21:20,No info,6144,21,3,3,0,0,1105.0,175
Jet Airways,Banglore,New Delhi,BLR ? BOM ? DEL,05:05 07 Mar,No info,19225,6,3,2,0,0,1370.0,375
Air India,Kolkata,Banglore,CCU ? GAU ? DEL ? BLR,08:55 10 May,No info,13227,9,5,3,0,0,1005.0,970
Jet Airways,Delhi,Cochin,DEL ? IDR ? BOM ? COK,04:25 28 Mar,No info,11664,27,3,2,0,0,325.0,1380
Jet Airways,Kolkata,Banglore,CCU ? BOM ? BLR,18:15 13 May,In-flight meal not included,10844,12,5,6,0,0,1135.0,1400
Jet Airways,Kolkata,Banglore,CCU ? BOM ? BLR,04:40 07 Jun,In-flight meal not included,7757,6,6,3,0,0,1270.0,450
IndiGo,Mumbai,Hyderabad,BOM ? HYD,20:35,No info,2754,12,5,6,0,0,1145.0,90
Multiple carriers,Delhi,Cochin,DEL ? BOM ? COK,21:00,No info,7618,27,5,0,0,0,420.0,840
Jet Airways,Kolkata,Banglore,CCU ? BOM ? BLR,23:35,No info,14781,12,5,6,0,0,990.0,425
IndiGo,Banglore,Delhi,BLR ? DEL,03:25,No info,4284,15,4,0,0,0,30.0,175
Multiple carriers,Delhi,Cochin,DEL ? BOM ? COK,21:00,No info,7740,6,6,3,0,0,525.0,735
IndiGo,Banglore,Delhi,BLR ? DEL,04:15,No info,3419,15,6,5,0,0,90.0,165
Jet Airways,Kolkata,Banglore,CCU ? BOM ? BLR,04:40 13 May,No info,13941,12,5,6,0,0,505.0,1215
Air India,Kolkata,Banglore,CCU ? IXR ? DEL ? BLR,08:55 10 Jun,No info,12723,9,6,6,0,0,350.0,1625
Jet Airways,Delhi,Cochin,DEL ? ATQ ? BOM ? COK,04:25 13 Jun,No info,14300,12,6,2,0,0,490.0,1215
Air India,Banglore,Delhi,BLR ? DEL,12:45,No info,6121,3,5,4,0,0,600.0,165
Jet Airways,Delhi,Cochin,DEL ? BOM ? COK,19:45,No info,17549,9,3,5,0,0,480.0,705
SpiceJet,Mumbai,Hyderabad,BOM ? HYD,00:10 28 Mar,No info,1759,27,3,2,0,0,1365.0,85
IndiGo,Banglore,Delhi,BLR ? DEL,08:50,No info,4423,12,5,6,0,0,365.0,165
Jet Airways,Banglore,Delhi,BLR ? DEL,10:10,In-flight meal not included,4544,9,4,1,0,0,430.0,180
Multiple carriers,Delhi,Cochin,DEL ? BOM ? COK,19:00,No info,12402,3,6,0,0,0,480.0,660
Jet Airways,Kolkata,Banglore,CCU ? BOM ? BLR,09:20 02 May,In-flight meal not included,9663,1,5,2,0,0,505.0,1495
Jet Airways,Kolkata,Banglore,CCU ? BOM ? BLR,22:35 02 Apr,No info,12681,1,4,0,0,0,1200.0,1595
Air India,Delhi,Cochin,DEL ? MAA ? COK,09:25 02 Apr,No info,5117,1,4,0,0,0,585.0,1420
Jet Airways,Delhi,Cochin,DEL ? BOM ? COK,12:35 22 May,In-flight meal not included,12898,21,5,1,0,0,780.0,1415
Jet Airways,Kolkata,Banglore,CCU ? BOM ? BLR,08:15 07 May,No info,13941,6,5,0,0,0,390.0,1545
Jet Airways,Banglore,Delhi,BLR ? DEL,08:45,In-flight meal not included,4030,21,5,1,0,0,360.0,165
IndiGo,Mumbai,Hyderabad,BOM ? HYD,07:45,No info,17501,1,3,4,0,0,380.0,85
Jet Airways,Kolkata,Banglore,CCU ? BOM ? BLR,09:20 13 Jun,In-flight meal not included,8529,12,6,2,0,0,845.0,1155
Multiple carriers,Delhi,Cochin,DEL ? BOM ? COK,01:30 16 May,No info,8073,15,5,2,0,0,600.0,930
Air India,Delhi,Cochin,DEL ? JAI ? BOM ? COK,19:15 10 May,No info,11942,9,5,3,0,0,1125.0,1470
Jet Airways,Delhi,Cochin,DEL ? JAI ? BOM ? COK,18:50,No info,11702,21,3,3,0,0,330.0,800
IndiGo,Delhi,Cochin,DEL ? HYD ? COK,16:10,No info,6442,3,6,0,0,0,515.0,455
IndiGo,Kolkata,Banglore,CCU ? BLR,12:20,No info,4804,24,6,0,0,0,575.0,165
IndiGo,Banglore,Delhi,BLR ? DEL,11:20,No info,4823,1,4,0,0,0,510.0,170
Multiple carriers,Delhi,Cochin,DEL ? BOM ? COK,19:00,No info,10877,12,6,2,0,0,530.0,610
Air India,Kolkata,Banglore,CCU ? BBI ? BOM ? BLR,18:30 10 Jun,No info,10151,9,6,6,0,0,720.0,1830
Air India,Delhi,Cochin,DEL ? COK,08:00,No info,5201,21,6,4,0,0,310.0,170
Jet Airways,Kolkata,Banglore,CCU ? DEL ? BLR,18:00,No info,13067,15,5,2,0,0,575.0,505
IndiGo,Mumbai,Hyderabad,BOM ? HYD,04:00,No info,2754,24,3,6,0,0,150.0,90
Air India,Kolkata,Banglore,CCU ? BOM ? BLR,21:50,No info,8366,15,5,2,0,0,565.0,745
Jet Airways,Kolkata,Banglore,CCU ? BOM ? BLR,19:50 22 May,In-flight meal not included,10844,21,5,1,0,0,1135.0,1495
Vistara,Banglore,Delhi,BLR ? DEL,19:35,No info,4878,18,6,1,0,0,1020.0,155
Air India,Delhi,Cochin,DEL ? GOI ? BOM ? COK,19:15 22 May,No info,10231,21,5,1,0,0,1320.0,1275
Jet Airways,Delhi,Cochin,DEL ? IDR ? BOM ? COK,04:25 16 Jun,No info,13292,15,6,5,0,0,330.0,1375
IndiGo,Kolkata,Banglore,CCU ? BLR,14:05,No info,4804,12,6,2,0,0,690.0,155
Air India,Delhi,Cochin,DEL ? COK,17:10,No info,5201,12,6,2,0,0,850.0,180
Jet Airways,Delhi,Cochin,DEL ? JAI ? BOM ? COK,04:25 02 Jun,In-flight meal not included,10368,1,6,5,0,0,1170.0,535
Vistara,Kolkata,Banglore,CCU ? DEL ? BLR,18:50 07 Jun,No info,8820,6,6,3,0,0,1220.0,1350
Jet Airways,Mumbai,Hyderabad,BOM ? HYD,11:50,In-flight meal not included,4160,18,3,0,0,0,620.0,90
Air India,Kolkata,Banglore,CCU ? BOM ? BLR,18:30,No info,8891,15,5,2,0,0,565.0,545
Jet Airways,Kolkata,Banglore,CCU ? DEL ? BLR,14:25 07 Jun,In-flight meal not included,10539,6,6,3,0,0,1020.0,1285
SpiceJet,Banglore,Delhi,BLR ? DEL,08:35,No info,3971,1,4,0,0,0,355.0,160
IndiGo,Delhi,Cochin,DEL ? BOM ? COK,21:00,No info,6093,27,6,3,0,0,450.0,810
Multiple carriers,Delhi,Cochin,DEL ? BOM ? COK,19:15,No info,8266,15,5,2,0,0,770.0,385
Air India,Delhi,Cochin,DEL ? MAA ? COK,09:25 19 May,No info,7480,18,5,5,0,0,750.0,1255
Jet Airways,Delhi,Cochin,DEL ? BOM ? COK,04:25 02 Jun,In-flight meal not included,10262,1,6,5,0,0,1095.0,610
Air India,Delhi,Cochin,DEL ? BLR ? COK,23:00 13 Jun,No info,8907,12,6,2,0,0,1230.0,1590
Multiple carriers,Delhi,Cochin,DEL ? BOM ? COK,19:00,No info,11789,27,6,3,0,0,525.0,615
Multiple carriers,Delhi,Cochin,DEL ? BOM ? COK,18:50,No info,15135,3,3,6,0,0,690.0,440
Multiple carriers,Delhi,Cochin,DEL ? BOM ? COK,19:15,No info,7887,18,5,5,0,0,510.0,645
IndiGo,Delhi,Cochin,DEL ? HYD ? COK,12:10,No info,6818,15,5,2,0,0,305.0,425
IndiGo,Chennai,Kolkata,MAA ? CCU,07:35,No info,6482,9,3,5,0,0,315.0,140
Multiple carriers,Delhi,Cochin,DEL ? BOM ? COK,21:00,No info,7888,21,5,1,0,0,540.0,720
Jet Airways,Kolkata,Banglore,CCU ? BOM ? BLR,04:45 25 Mar,No info,13759,24,3,6,0,0,505.0,1220
Jet Airways,Delhi,Cochin,DEL ? BOM ? COK,19:00,In-flight meal not included,10262,27,6,3,0,0,480.0,660
Jet Airways,Delhi,Cochin,DEL ? NAG ? BOM ? COK,04:25 10 Jun,No info,13376,9,6,6,0,0,875.0,830
Multiple carriers,Delhi,Cochin,DEL ? BOM ? COK,19:00,No info,10197,15,5,2,0,0,600.0,540
Multiple carriers,Delhi,Cochin,DEL ? BOM ? COK,19:15,No info,7997,18,5,5,0,0,685.0,470
Air India,Delhi,Cochin,DEL ? MAA ? COK,09:25 04 Apr,No info,5117,3,4,2,0,0,1040.0,965
Jet Airways,Delhi,Cochin,DEL ? BOM ? COK,19:00,In-flight meal not included,12373,9,5,3,0,0,600.0,540
Multiple carriers,Delhi,Cochin,DEL ? BOM ? COK,01:30 10 Jun,No info,6795,9,6,6,0,0,770.0,760
Jet Airways,Banglore,Delhi,BLR ? DEL,22:00,In-flight meal not included,7229,27,6,3,0,0,1135.0,185
Air India,Mumbai,Hyderabad,BOM ? HYD,15:25,No info,2575,24,3,6,0,0,835.0,90
Air India,Kolkata,Banglore,CCU ? GAU ? BLR,21:05,No info,7662,24,5,4,0,0,590.0,675
Air India,Kolkata,Banglore,CCU ? BOM ? BLR,21:50,No info,8366,18,5,5,0,0,565.0,745
Jet Airways,Kolkata,Banglore,CCU ? BOM ? BLR,20:45,In-flight meal not included,10844,18,5,5,0,0,505.0,740
IndiGo,Chennai,Kolkata,MAA ? CCU,07:40,No info,3540,6,6,3,0,0,315.0,145
Multiple carriers,Delhi,Cochin,DEL ? BOM ? COK,01:35 04 Mar,No info,16863,3,3,6,0,0,600.0,935
Air India,Banglore,Delhi,BLR ? DEL,23:55,No info,6121,3,5,4,0,0,1265.0,170
IndiGo,Banglore,New Delhi,BLR ? MAA ? DEL,11:30,No info,8434,9,3,5,0,0,385.0,305
Jet Airways,Kolkata,Banglore,CCU ? DEL ? BLR,23:35,No info,14151,21,5,1,0,0,1020.0,395
Jet Airways,Delhi,Cochin,DEL ? BHO ? BOM ? COK,12:35,No info,14441,6,6,3,0,0,330.0,425
GoAir,Banglore,Delhi,BLR ? DEL,14:30,No info,3898,1,6,5,0,0,700.0,170
Jet Airways,Delhi,Cochin,DEL ? AMD ? BOM ? COK,12:35 10 Apr,No info,9483,9,4,1,0,0,1385.0,810
Air Asia,Banglore,Delhi,BLR ? DEL,07:45,No info,4282,12,4,4,0,0,295.0,170
Jet Airways,Banglore,Delhi,BLR ? DEL,20:45,In-flight meal not included,6478,3,6,0,0,0,1065.0,180
Jet Airways,Delhi,Cochin,DEL ? AMD ? BOM ? COK,04:25 08 Mar,No info,16809,6,3,2,0,0,1150.0,1995
Jet Airways,Delhi,Cochin,DEL ? AMD ? BOM ? COK,12:35 10 May,No info,16704,9,5,3,0,0,805.0,1390
GoAir,Banglore,Delhi,BLR ? DEL,10:40,No info,3898,24,6,0,0,0,465.0,175
Jet Airways,Banglore,New Delhi,BLR ? BDQ ? DEL,12:20,No info,11297,12,3,1,0,0,350.0,390
IndiGo,Kolkata,Banglore,CCU ? BLR,16:55,No info,5224,27,5,0,0,0,865.0,150
IndiGo,Banglore,Delhi,BLR ? DEL,21:50,No info,4823,6,4,5,0,0,1135.0,175
IndiGo,Delhi,Cochin,DEL ? BOM ? COK,15:30,No info,14871,3,3,6,0,0,285.0,645
Air India,Delhi,Cochin,DEL ? MAA ? COK,09:25 28 Jun,No info,7480,27,6,3,0,0,585.0,1420
IndiGo,Kolkata,Banglore,CCU ? BLR,14:05,No info,5224,3,5,4,0,0,690.0,155
Multiple carriers,Delhi,Cochin,DEL ? HYD ? COK,16:10,In-flight meal not included,6093,24,4,2,0,0,430.0,540
IndiGo,Mumbai,Hyderabad,BOM ? HYD,20:35,No info,2754,27,6,3,0,0,1145.0,90
IndiGo,Mumbai,Hyderabad,BOM ? HYD,21:40,No info,2227,1,6,5,0,0,1205.0,95
Jet Airways,Kolkata,Banglore,CCU ? BOM ? BLR,18:15,No info,14781,6,5,0,0,0,390.0,705
GoAir,Banglore,Delhi,BLR ? DEL,10:40,No info,3898,1,5,2,0,0,465.0,175
Vistara,Kolkata,Banglore,CCU ? DEL ? BLR,22:40,No info,9397,24,5,4,0,0,430.0,930
Vistara,Kolkata,Banglore,CCU ? DEL ? BLR,10:45 13 Jun,No info,8452,12,6,2,0,0,430.0,1655
IndiGo,Banglore,Delhi,BLR ? DEL,02:20 04 Apr,No info,4591,3,4,2,0,0,1410.0,170
IndiGo,Kolkata,Banglore,CCU ? PNQ ? BLR,02:15 02 Apr,No info,5930,1,4,0,0,0,1260.0,315
Air India,Kolkata,Banglore,CCU ? IXR ? DEL ? BLR,20:25,No info,10991,6,5,0,0,0,350.0,875
SpiceJet,Kolkata,Banglore,CCU ? BLR,09:35,No info,4622,3,3,6,0,0,415.0,160
Jet Airways,Delhi,Cochin,DEL ? BOM ? COK,19:00,No info,14714,6,6,3,0,0,690.0,450
IndiGo,Banglore,Delhi,BLR ? DEL,11:20,No info,4823,18,6,1,0,0,510.0,170
Jet Airways,Mumbai,Hyderabad,BOM ? HYD,04:25,In-flight meal not included,2228,18,3,0,0,0,175.0,90
Jet Airways,Kolkata,Banglore,CCU ? DEL ? BLR,23:35,In-flight meal not included,10703,6,5,0,0,0,1020.0,395
Vistara,Banglore,Delhi,BLR ? DEL,19:35,No info,5613,3,5,4,0,0,1020.0,155
Jet Airways,Kolkata,Banglore,CCU ? BOM ? BLR,18:10,No info,13759,24,3,6,0,0,390.0,700
IndiGo,Banglore,Delhi,BLR ? DEL,15:50,No info,3943,12,6,2,0,0,780.0,170
IndiGo,Banglore,New Delhi,BLR ? DEL,03:25,No info,4944,21,3,3,0,0,40.0,165
Jet Airways,Delhi,Cochin,DEL ? BOM ? COK,19:00,In-flight meal not included,10262,24,6,0,0,0,840.0,300
SpiceJet,Kolkata,Banglore,CCU ? KNU ? BLR,18:50,No info,8479,6,6,3,0,0,695.0,435
IndiGo,Delhi,Cochin,DEL ? HYD ? COK,16:10,No info,7514,3,6,0,0,0,455.0,515
Air India,Delhi,Cochin,DEL ? COK,17:10,No info,6934,6,5,0,0,0,850.0,180
Jet Airways,Kolkata,Banglore,CCU ? BOM ? BLR,12:00 13 May,In-flight meal not included,9663,12,5,6,0,0,1135.0,1025
Multiple carriers,Delhi,Cochin,DEL ? BOM ? COK,21:00,In-flight meal not included,8085,21,3,3,0,0,600.0,660
Vistara,Delhi,Cochin,DEL ? COK,09:10,No info,7266,9,3,5,0,0,360.0,190
IndiGo,Delhi,Cochin,DEL ? BLR ? COK,22:25,No info,6493,3,6,0,0,0,1025.0,320
Jet Airways,Delhi,Cochin,DEL ? BOM ? COK,19:00,No info,14714,27,6,3,0,0,600.0,540
Multiple carriers,Delhi,Cochin,DEL ? BOM ? COK,01:30 22 May,No info,7485,21,5,1,0,0,1140.0,390
Jet Airways,Delhi,Cochin,DEL ? BOM ? COK,04:25 07 Jun,In-flight meal not included,10262,6,6,3,0,0,780.0,925
Vistara,Banglore,New Delhi,BLR ? DEL,12:35,No info,4878,21,3,3,0,0,590.0,165
Multiple carriers,Delhi,Cochin,DEL ? BOM ? COK,01:30 13 Jun,No info,7198,12,6,2,0,0,1140.0,390
Jet Airways,Banglore,New Delhi,BLR ? BOM ? DEL,09:00 07 Mar,No info,17261,6,3,2,0,0,1015.0,965
Jet Airways,Kolkata,Banglore,CCU ? BOM ? BLR,08:15 13 Jun,No info,13044,12,6,2,0,0,1200.0,735
Jet Airways,Delhi,Cochin,DEL ? BOM ? COK,19:00 28 Jun,In-flight meal not included,10262,27,6,3,0,0,1050.0,1530
Multiple carriers,Delhi,Cochin,DEL ? BOM ? COK,19:15,No info,8614,15,6,5,0,0,400.0,755
Jet Airways,Delhi,Cochin,DEL ? BOM ? COK,19:45 28 Mar,No info,12032,27,3,2,0,0,960.0,1665
Jet Airways,Banglore,New Delhi,BLR ? BOM ? DEL,13:15,No info,12284,18,3,0,0,0,420.0,375
GoAir,Banglore,Delhi,BLR ? DEL,10:40,No info,3419,27,5,0,0,0,465.0,175
IndiGo,Delhi,Cochin,DEL ? HYD ? COK,22:20,No info,6528,21,3,3,0,0,970.0,370
Vistara,Banglore,New Delhi,BLR ? DEL,09:40,No info,5403,24,3,6,0,0,420.0,160
Jet Airways,Delhi,Cochin,DEL ? BOM ? COK,19:00,In-flight meal not included,9732,27,5,0,0,0,690.0,450
IndiGo,Delhi,Cochin,DEL ? HYD ? COK,12:10,No info,5761,15,4,0,0,0,410.0,320
Air India,Kolkata,Banglore,CCU ? DEL ? AMD ? BLR,05:25 07 Jun,No info,12009,6,6,3,0,0,420.0,1345
Jet Airways,Kolkata,Banglore,CCU ? BOM ? BLR,08:15 19 May,In-flight meal not included,8586,18,5,5,0,0,345.0,1590
Jet Airways,Banglore,Delhi,BLR ? DEL,20:45,In-flight meal not included,6144,24,5,4,0,0,1065.0,180
SpiceJet,Banglore,Delhi,BLR ? DEL,08:35,No check-in baggage included,3257,24,5,4,0,0,355.0,160
Multiple carriers,Delhi,Cochin,DEL ? BOM ? COK,01:30 10 May,No info,9021,9,5,3,0,0,1065.0,465
Jet Airways,Delhi,Cochin,DEL ? BOM ? COK,12:35 04 Jun,In-flight meal not included,10262,3,6,0,0,0,690.0,1505
Air India,Mumbai,Hyderabad,BOM ? AMD ? ISK ? HYD,14:50,No info,13757,6,3,2,0,0,330.0,560
IndiGo,Delhi,Cochin,DEL ? COK,17:35,No info,5895,15,3,4,0,0,870.0,185
Jet Airways,Kolkata,Banglore,CCU ? BOM ? BLR,04:40 22 May,In-flight meal not included,9663,21,5,1,0,0,1135.0,585
Air India,Delhi,Cochin,DEL ? TRV ? COK,06:50 10 May,No info,6587,9,5,3,0,0,315.0,1535
SpiceJet,Banglore,Delhi,BLR ? DEL,08:35,No info,3311,6,5,0,0,0,355.0,160
SpiceJet,Delhi,Cochin,DEL ? MAA ? COK,11:20,No info,6297,18,5,5,0,0,365.0,315
Jet Airways,Kolkata,Banglore,CCU ? BOM ? BLR,19:50 13 May,In-flight meal not included,10844,12,5,6,0,0,1135.0,1495
IndiGo,Mumbai,Hyderabad,BOM ? HYD,10:40,No info,4049,27,5,0,0,0,550.0,90
Air India,Banglore,Delhi,BLR ? DEL,16:10,No info,6961,3,6,0,0,0,800.0,170
SpiceJet,Chennai,Kolkata,MAA ? CCU,10:35,No info,3384,27,3,2,0,0,500.0,135
Jet Airways,Delhi,Cochin,DEL ? JAI ? BOM ? COK,12:35 10 May,In-flight meal not included,13029,9,5,3,0,0,580.0,1615
SpiceJet,Chennai,Kolkata,MAA ? CCU,10:35,No check-in baggage included,3859,6,5,0,0,0,500.0,135
Air India,Delhi,Cochin,DEL ? JAI ? BOM ? COK,19:15 13 Jun,No info,11732,12,6,2,0,0,1125.0,1470
Multiple carriers,Delhi,Cochin,DEL ? BOM ? COK,19:00,No info,12524,6,6,3,0,0,525.0,615
Jet Airways,Banglore,New Delhi,BLR ? BOM ? DEL,12:25,No info,12284,18,3,0,0,0,420.0,325
Jet Airways,Delhi,Cochin,DEL ? BOM ? COK,12:35,In-flight meal not included,10262,15,6,5,0,0,135.0,620
Jet Airways,Delhi,Cochin,DEL ? BHO ? BOM ? COK,12:35,In-flight meal not included,13344,24,6,0,0,0,330.0,425
Jet Airways,Banglore,Delhi,BLR ? DEL,20:45,No info,7229,18,4,3,0,0,1065.0,180
Air India,Kolkata,Banglore,CCU ? GAU ? DEL ? BLR,08:55 13 Jun,No info,14960,12,6,2,0,0,590.0,1385
Air India,Delhi,Cochin,DEL ? CCU ? BOM ? COK,07:40 13 Jun,No info,13381,12,6,2,0,0,410.0,1490
Multiple carriers,Delhi,Cochin,DEL ? BOM ? COK,01:35 07 Mar,No info,15147,6,3,2,0,0,770.0,765
Jet Airways,Kolkata,Banglore,CCU ? BOM ? BLR,04:40 07 May,In-flight meal not included,8586,6,5,0,0,0,390.0,1330
IndiGo,Delhi,Cochin,DEL ? HYD ? COK,22:30,No info,7054,6,5,0,0,0,860.0,490
Air Asia,Kolkata,Banglore,CCU ? BLR,01:20 19 Mar,No info,4082,18,3,0,0,0,1370.0,150
Jet Airways,Delhi,Cochin,DEL ? JAI ? BOM ? COK,19:00,In-flight meal not included,13029,21,5,1,0,0,580.0,560
Jet Airways,Kolkata,Banglore,CCU ? BOM ? BLR,22:35,In-flight meal not included,7064,1,4,0,0,0,990.0,365
Air India,Banglore,New Delhi,BLR ? HYD ? DEL,08:50 19 Mar,No info,4943,21,3,3,0,0,495.0,1475
Jet Airways,Banglore,Delhi,BLR ? DEL,10:10,No info,7229,3,5,4,0,0,430.0,180
Air India,Kolkata,Banglore,CCU ? GAU ? BLR,21:05,No info,8450,12,5,6,0,0,590.0,675
Jet Airways,Delhi,Cochin,DEL ? ATQ ? BOM ? COK,04:25 10 May,In-flight meal not included,15318,9,5,3,0,0,1200.0,505
IndiGo,Kolkata,Banglore,CCU ? BLR,00:05 04 May,No info,4804,3,5,4,0,0,1285.0,160
Jet Airways,Kolkata,Banglore,CCU ? BOM ? BLR,16:20 07 Jun,In-flight meal not included,10844,6,6,3,0,0,1200.0,1220
IndiGo,Mumbai,Hyderabad,BOM ? HYD,18:25,No info,3175,1,4,0,0,0,1015.0,90
Air India,Delhi,Cochin,DEL ? JDH ? BOM ? COK,19:15 28 Jun,No info,12646,27,6,3,0,0,775.0,1820
Air India,Kolkata,Banglore,CCU ? DEL ? BLR,12:00 02 Apr,No info,7893,1,4,0,0,0,1230.0,930
Air India,Banglore,Delhi,BLR ? DEL,19:45,No info,7171,24,5,4,0,0,1020.0,165
Multiple carriers,Delhi,Cochin,DEL ? BOM ? COK,21:00,No info,13727,15,5,2,0,0,840.0,420
Air India,Delhi,Cochin,DEL ? COK,21:10,No info,5201,27,6,3,0,0,1085.0,185
Multiple carriers,Delhi,Cochin,DEL ? BOM ? COK,19:15,No info,9001,15,5,2,0,0,700.0,455
IndiGo,Banglore,Delhi,BLR ? DEL,15:50,No info,3943,15,5,2,0,0,780.0,170
Multiple carriers,Delhi,Cochin,DEL ? BOM ? COK,21:00,In-flight meal not included,10546,9,5,3,0,0,425.0,835
Jet Airways,Delhi,Cochin,DEL ? BOM ? COK,19:00 19 May,No info,15554,18,5,5,0,0,1155.0,1425
Air India,Banglore,Delhi,BLR ? DEL,08:55,No info,5228,15,4,0,0,0,370.0,165
Air India,Delhi,Cochin,DEL ? BOM ? COK,19:15,No info,9404,24,6,0,0,0,540.0,615
Multiple carriers,Delhi,Cochin,DEL ? BOM ? COK,19:15,No info,8601,21,3,3,0,0,550.0,605
Multiple carriers,Delhi,Cochin,DEL ? HYD ? COK,22:30,No info,8888,9,5,3,0,0,585.0,765
Vistara,Banglore,New Delhi,BLR ? DEL,18:35,No info,5088,24,3,6,0,0,960.0,155
IndiGo,Banglore,Delhi,BLR ? DEL,13:00,No info,3943,9,5,3,0,0,610.0,170
Jet Airways,Delhi,Cochin,DEL ? BOM ? COK,12:35 10 May,In-flight meal not included,12373,9,5,3,0,0,1310.0,885
Multiple carriers,Delhi,Cochin,DEL ? BOM ? COK,13:20,No info,8323,9,4,1,0,0,360.0,440
Jet Airways,Delhi,Cochin,DEL ? AMD ? BOM ? COK,12:35 28 Jun,No info,15339,27,6,3,0,0,805.0,1390
Vistara,Chennai,Kolkata,MAA ? CCU,20:05,No info,11982,6,5,0,0,0,1065.0,140
SpiceJet,Kolkata,Banglore,CCU ? IXB ? BLR,21:25,No info,8844,12,5,6,0,0,955.0,330
Jet Airways,Delhi,Cochin,DEL ? BOM ? COK,12:35 02 Jun,In-flight meal not included,10262,1,6,5,0,0,1370.0,825
IndiGo,Chennai,Kolkata,MAA ? CCU,15:35,No info,3597,6,6,3,0,0,795.0,140
Jet Airways,Mumbai,Hyderabad,BOM ? HYD,11:50,No info,5678,24,3,6,0,0,620.0,90
IndiGo,Chennai,Kolkata,MAA ? CCU,00:25 22 May,No info,5277,21,5,1,0,0,1325.0,140
IndiGo,Banglore,Delhi,BLR ? DEL,10:05,No info,4823,27,6,3,0,0,430.0,175
IndiGo,Delhi,Cochin,DEL ? HYD ? MAA ? COK,21:20,No info,8049,3,3,6,0,0,515.0,765
SpiceJet,Chennai,Kolkata,MAA ? CCU,20:05,No check-in baggage included,3543,15,5,2,0,0,1065.0,140
Jet Airways,Delhi,Cochin,DEL ? BOM ? COK,19:00 07 Jun,In-flight meal not included,10262,6,6,3,0,0,1095.0,1485
Air India,Delhi,Cochin,DEL ? RPR ? NAG ? BOM ? COK,19:15 02 Jun,No info,10703,1,6,5,0,0,315.0,2280
IndiGo,Delhi,Cochin,DEL ? BLR ? COK,10:05,No info,6496,12,6,2,0,0,310.0,295
Jet Airways,Kolkata,Banglore,CCU ? BOM ? BLR,18:15,In-flight meal not included,10844,21,5,1,0,0,390.0,705
Jet Airways,Delhi,Cochin,DEL ? BOM ? COK,18:50,No info,12032,27,3,2,0,0,425.0,705
Vistara,Delhi,Cochin,DEL ? COK,09:10,No info,6741,18,4,3,0,0,360.0,190
IndiGo,Banglore,Delhi,BLR ? DEL,06:50,No info,3943,9,5,3,0,0,240.0,170
SpiceJet,Kolkata,Banglore,CCU ? BLR,09:30,No check-in baggage included,3841,24,5,4,0,0,415.0,155
Multiple carriers,Delhi,Cochin,DEL ? BOM ? COK,01:35 04 Mar,No info,15288,3,3,6,0,0,1140.0,395
Air India,Mumbai,Hyderabad,BOM ? HYD,22:25,No info,2050,18,3,0,0,0,1265.0,80
Vistara,Chennai,Kolkata,MAA ? CCU,09:20,No info,4842,24,3,6,0,0,425.0,135
Jet Airways,Delhi,Cochin,DEL ? AMD ? BOM ? COK,18:50 22 Mar,In-flight meal not included,6643,21,3,3,0,0,1150.0,1420
IndiGo,Delhi,Cochin,DEL ? BLR ? COK,10:05,No info,9581,3,3,6,0,0,305.0,300
IndiGo,Kolkata,Banglore,CCU ? BLR,00:05 16 May,No info,4804,15,5,2,0,0,1285.0,160
Jet Airways,Banglore,New Delhi,BLR ? BOM ? DEL,07:40 19 Mar,In-flight meal not included,7832,21,3,3,0,0,480.0,1420
Multiple carriers,Delhi,Cochin,DEL ? BOM ? COK,19:15,In-flight meal not included,11667,12,6,2,0,0,425.0,730
IndiGo,Delhi,Cochin,DEL ? HYD ? COK,16:10,No info,6442,27,6,3,0,0,515.0,455
Jet Airways,Delhi,Cochin,DEL ? AMD ? BOM ? COK,04:25 26 May,No info,15129,24,5,4,0,0,1385.0,1760
Jet Airways,Banglore,Delhi,BLR ? DEL,14:05,In-flight meal not included,4544,3,4,2,0,0,670.0,175
Jet Airways,Kolkata,Banglore,CCU ? BOM ? BLR,09:20 16 May,In-flight meal not included,9663,15,5,2,0,0,1200.0,800
Jet Airways,Delhi,Cochin,DEL ? BOM ? COK,04:25 04 Jun,No info,14714,3,6,0,0,0,960.0,745
Air India,Mumbai,Hyderabad,BOM ? HYD,07:40,No info,3100,27,5,0,0,0,380.0,80
Jet Airways,Kolkata,Banglore,CCU ? BOM ? BLR,20:45 07 May,In-flight meal not included,9663,6,5,0,0,0,990.0,1695
IndiGo,Delhi,Cochin,DEL ? HYD ? COK,12:00,No info,5761,21,3,3,0,0,400.0,320
Air India,Mumbai,Hyderabad,BOM ? HYD,22:25,No info,3100,9,5,3,0,0,1265.0,80
Jet Airways,Kolkata,Banglore,CCU ? BOM ? BLR,23:35,No info,13626,12,6,2,0,0,990.0,425
Jet Airways,Mumbai,Hyderabad,BOM ? HYD,21:05,No info,5678,24,3,6,0,0,1175.0,90
Jet Airways,Kolkata,Banglore,CCU ? BOM ? BLR,18:15 13 Jun,In-flight meal not included,8529,12,6,2,0,0,1135.0,1400
Air India,Delhi,Cochin,DEL ? COK,08:00,No info,5201,9,5,3,0,0,310.0,170
Jet Airways,Kolkata,Banglore,CCU ? DEL ? BLR,21:05,No info,14151,21,5,1,0,0,575.0,690
Air Asia,Banglore,Delhi,BLR ? DEL,13:55,No info,4483,3,5,4,0,0,670.0,165
IndiGo,Kolkata,Banglore,CCU ? BLR,00:50 07 Apr,No info,4174,6,4,5,0,0,1335.0,155
Jet Airways,Delhi,Cochin,DEL ? BHO ? BOM ? COK,12:35,In-flight meal not included,15544,18,5,5,0,0,330.0,425
IndiGo,Delhi,Cochin,DEL ? COK,00:20 28 May,No info,5601,27,5,0,0,0,1265.0,195
IndiGo,Banglore,Delhi,BLR ? DEL,04:15,No info,3419,3,4,2,0,0,90.0,165
Air Asia,Delhi,Cochin,DEL ? BLR ? COK,22:25,No info,6451,27,4,5,0,0,475.0,870
Air India,Kolkata,Banglore,CCU ? BOM ? COK ? BLR,13:45 13 May,No info,12592,12,5,6,0,0,565.0,1700
Air India,Banglore,Delhi,BLR ? DEL,23:55,No info,6961,24,6,0,0,0,1265.0,170
SpiceJet,Kolkata,Banglore,CCU ? BLR,19:40,No info,4174,12,6,2,0,0,1030.0,150
Jet Airways,Kolkata,Banglore,CCU ? BOM ? BLR,16:20,In-flight meal not included,8824,24,3,6,0,0,390.0,590
SpiceJet,Delhi,Cochin,DEL ? MAA ? COK,22:05,No info,7947,15,5,2,0,0,945.0,380
Multiple carriers,Delhi,Cochin,DEL ? BOM ? COK,21:00,No info,13587,27,6,3,0,0,840.0,420
SpiceJet,Kolkata,Banglore,CCU ? BLR,09:30,No check-in baggage included,3841,15,6,5,0,0,415.0,155
IndiGo,Kolkata,Banglore,CCU ? BLR,00:05 22 Jun,No info,4804,21,6,4,0,0,1285.0,160
Jet Airways,Kolkata,Banglore,CCU ? BOM ? BLR,04:40 10 May,In-flight meal not included,8586,9,5,3,0,0,1200.0,520
IndiGo,Kolkata,Banglore,CCU ? BLR,23:05,No info,4778,1,3,4,0,0,1225.0,160
Multiple carriers,Delhi,Cochin,DEL ? IDR ? BOM ? COK,01:30 02 Jun,No info,18275,1,6,5,0,0,905.0,625
IndiGo,Chennai,Kolkata,MAA ? CCU,07:40,No info,3540,1,6,5,0,0,315.0,145
IndiGo,Delhi,Cochin,DEL ? HYD ? COK,22:30,No info,6442,27,6,3,0,0,515.0,835
Air India,Kolkata,Banglore,CCU ? BLR,23:20,No info,4145,27,6,3,0,0,1245.0,155
IndiGo,Kolkata,Banglore,CCU ? BLR,16:55,No info,5644,9,6,6,0,0,865.0,150
IndiGo,Kolkata,Banglore,CCU ? BLR,16:55,No info,5224,3,5,4,0,0,865.0,150
Jet Airways,Delhi,Cochin,DEL ? BOM ? COK,18:50 22 Mar,In-flight meal not included,5963,21,3,3,0,0,1050.0,1520
Multiple carriers,Delhi,Cochin,DEL ? BOM ? COK,19:00,No info,11264,27,5,0,0,0,360.0,780
GoAir,Delhi,Cochin,DEL ? BOM ? COK,19:20,No info,10188,27,3,2,0,0,850.0,310
Jet Airways,Kolkata,Banglore,CCU ? BOM ? BLR,09:20 19 May,In-flight meal not included,10844,18,5,5,0,0,1200.0,800
IndiGo,Banglore,New Delhi,BLR ? IDR ? DEL,18:35,No info,7166,15,3,4,0,0,820.0,295
Jet Airways,Banglore,New Delhi,BLR ? BOM ? DEL,09:30 13 Mar,No info,13817,12,3,1,0,0,1375.0,635
Jet Airways,Delhi,Cochin,DEL ? BOM ? COK,12:35 10 May,In-flight meal not included,12373,9,5,3,0,0,1095.0,1100
Jet Airways,Banglore,New Delhi,BLR ? BOM ? DEL,09:00 02 Mar,1 Long layover,25735,1,3,4,0,0,1015.0,965
Jet Airways,Banglore,New Delhi,BLR ? BOM ? DEL,19:10,No info,14815,18,3,0,0,0,700.0,450
Jet Airways,Delhi,Cochin,DEL ? BOM ? COK,12:35 13 Jun,In-flight meal not included,10262,12,6,2,0,0,690.0,1505
Jet Airways,Delhi,Cochin,DEL ? BOM ? COK,19:00,In-flight meal not included,10262,15,6,5,0,0,480.0,660
Air India,Delhi,Cochin,DEL ? BLR ? COK,08:15 10 Jun,No info,7468,9,6,6,0,0,1060.0,875
Jet Airways,Mumbai,Hyderabad,BOM ? HYD,08:30,No info,8040,9,5,3,0,0,425.0,85
Jet Airways,Delhi,Cochin,DEL ? AMD ? BOM ? COK,19:00 25 Jun,No info,12819,24,6,0,0,0,1385.0,1195
IndiGo,Chennai,Kolkata,MAA ? CCU,17:05,No info,7295,6,3,2,0,0,880.0,145
Jet Airways,Banglore,Delhi,BLR ? DEL,18:10,No info,7229,27,5,0,0,0,915.0,175
Air Asia,Delhi,Cochin,DEL ? BLR ? COK,22:25,No info,6853,15,6,5,0,0,1005.0,340
Jet Airways,Kolkata,Banglore,CCU ? BOM ? BLR,09:20 25 May,In-flight meal not included,9663,24,5,4,0,0,1270.0,730
Jet Airways,Kolkata,Banglore,CCU ? BOM ? BLR,18:15,In-flight meal not included,7064,1,4,0,0,0,390.0,705
Air India,Delhi,Cochin,DEL ? BOM ? COK,19:15,No info,8372,6,6,3,0,0,540.0,615
SpiceJet,Mumbai,Hyderabad,BOM ? HYD,14:45,No check-in baggage included,1965,3,6,0,0,0,795.0,90
Vistara,Kolkata,Banglore,CCU ? DEL ? BLR,18:45,No info,16932,24,3,6,0,0,430.0,695
SpiceJet,Kolkata,Banglore,CCU ? BLR,00:40 19 Jun,No check-in baggage included,3841,18,6,1,0,0,1340.0,140
Jet Airways,Delhi,Cochin,DEL ? JDH ? BOM ? COK,19:00,In-flight meal not included,15812,12,6,2,0,0,700.0,440
Air India,Banglore,New Delhi,BLR ? COK ? DEL,13:20,No info,10924,3,3,6,0,0,415.0,385
Air India,Delhi,Cochin,DEL ? COK,17:10,No info,6934,27,5,0,0,0,850.0,180
Jet Airways,Delhi,Cochin,DEL ? BOM ? COK,19:00,In-flight meal not included,10262,1,6,5,0,0,480.0,660
Jet Airways,Delhi,Cochin,DEL ? BOM ? COK,04:25 07 Mar,In-flight meal not included,13843,6,3,2,0,0,835.0,870
Multiple carriers,Delhi,Cochin,DEL ? BOM ? COK,19:00,No info,9315,15,5,2,0,0,400.0,740
Multiple carriers,Delhi,Cochin,DEL ? BOM ? COK,19:15,No info,8266,21,5,1,0,0,360.0,795
Jet Airways,Kolkata,Banglore,CCU ? BOM ? BLR,08:10 25 Mar,No info,14231,24,3,6,0,0,1270.0,660
GoAir,Banglore,Delhi,BLR ? DEL,23:40,No info,5048,18,4,3,0,0,1255.0,165
Jet Airways,Delhi,Cochin,DEL ? BOM ? COK,19:00 07 Jun,In-flight meal not included,10262,6,6,3,0,0,1050.0,1530
Multiple carriers,Delhi,Cochin,DEL ? BOM ? COK,21:00,No info,12537,27,3,2,0,0,540.0,720
Jet Airways,Delhi,Cochin,DEL ? BOM ? COK,04:25 16 Jun,In-flight meal not included,10262,15,6,5,0,0,780.0,925
Jet Airways,Mumbai,Hyderabad,BOM ? HYD,08:30,No info,8040,3,4,2,0,0,425.0,85
SpiceJet,Kolkata,Banglore,CCU ? IXB ? BLR,18:30,No info,9736,6,5,0,0,0,675.0,435
IndiGo,Kolkata,Banglore,CCU ? BLR,07:15,No info,4804,6,5,0,0,0,280.0,155
Jet Airways,Banglore,New Delhi,BLR ? BOM ? DEL,09:30 13 Mar,No info,13817,12,3,1,0,0,1015.0,995
GoAir,Banglore,Delhi,BLR ? DEL,10:40,No info,5048,21,5,1,0,0,465.0,175
Jet Airways,Mumbai,Hyderabad,BOM ? HYD,11:50,No info,8040,1,4,0,0,0,620.0,90
Multiple carriers,Delhi,Cochin,DEL ? BOM ? COK,19:15,No info,7354,12,6,2,0,0,510.0,645
Multiple carriers,Delhi,Cochin,DEL ? HYD ? COK,22:20,In-flight meal not included,7563,6,3,2,0,0,875.0,465
IndiGo,Delhi,Cochin,DEL ? BOM ? COK,15:30,No info,7725,3,3,6,0,0,645.0,285
Multiple carriers,Delhi,Cochin,DEL ? BOM ? COK,21:00,No info,7740,1,6,5,0,0,525.0,735
Air India,Kolkata,Banglore,CCU ? DEL ? AMD ? BLR,05:25 13 Jun,No info,13532,12,6,2,0,0,600.0,1165
IndiGo,Kolkata,Banglore,CCU ? BLR,16:55,No info,6565,1,3,4,0,0,860.0,155
Jet Airways,Kolkata,Banglore,CCU ? BOM ? BLR,19:50 13 May,In-flight meal not included,10844,12,5,6,0,0,990.0,1640
SpiceJet,Kolkata,Banglore,CCU ? BLR,00:40 19 Apr,No check-in baggage included,3841,18,4,3,0,0,1340.0,140
Multiple carriers,Delhi,Cochin,DEL ? BOM ? COK,19:00,No info,11200,3,6,0,0,0,510.0,630
Air India,Kolkata,Banglore,CCU ? BOM ? TRV ? BLR,10:30 02 Apr,No info,12009,1,4,0,0,0,565.0,1505
Air India,Delhi,Cochin,DEL ? BOM ? COK,19:15,No info,8372,15,5,2,0,0,480.0,675
Air India,Delhi,Cochin,DEL ? CCU ? BOM ? COK,07:40 16 Jun,No info,13591,15,6,5,0,0,410.0,1490
Vistara,Mumbai,Hyderabad,BOM ? DEL ? HYD,16:45 07 Mar,No info,12395,6,3,2,0,0,1255.0,1190
SpiceJet,Chennai,Kolkata,MAA ? CCU,10:35,No info,7298,1,3,4,0,0,500.0,135
IndiGo,Delhi,Cochin,DEL ? MAA ? COK,12:30,No info,12214,3,3,6,0,0,440.0,310
Jet Airways,Kolkata,Banglore,CCU ? DEL ? BLR,22:05 16 May,No info,14151,15,5,2,0,0,1020.0,1745
Air India,Delhi,Cochin,DEL ? HYD ? BOM ? COK,19:15 02 Jun,No info,12970,1,6,5,0,0,1035.0,1560
Jet Airways,Kolkata,Banglore,CCU ? BOM ? BLR,23:35,No info,14781,1,5,2,0,0,845.0,570
Vistara,Banglore,Delhi,BLR ? DEL,19:35,No info,4878,6,6,3,0,0,1020.0,155
SpiceJet,Chennai,Kolkata,MAA ? CCU,10:35,No info,3597,3,5,4,0,0,500.0,135
Air Asia,Kolkata,Banglore,CCU ? DEL ? BLR,23:30,No info,6810,6,6,3,0,0,455.0,955
Vistara,Chennai,Kolkata,MAA ? CCU,09:20,No info,3687,1,5,2,0,0,425.0,135
Air India,Delhi,Cochin,DEL ? MAA ? COK,09:25 22 Mar,No info,6482,21,3,3,0,0,1040.0,965
Jet Airways,Mumbai,Hyderabad,BOM ? DEL ? HYD,16:50 07 Mar,No info,19595,6,3,2,0,0,1020.0,1430
IndiGo,Delhi,Cochin,DEL ? BLR ? COK,20:00,No info,6147,15,6,5,0,0,910.0,290
Jet Airways,Kolkata,Banglore,CCU ? DEL ? BLR,09:45 07 May,No info,10953,6,5,0,0,0,1020.0,1005
SpiceJet,Kolkata,Banglore,CCU ? BLR,00:40 25 Apr,No info,3873,24,4,2,0,0,1340.0,140
Jet Airways,Banglore,New Delhi,BLR ? BOM ? DEL,05:05 07 Mar,No info,14815,6,3,2,0,0,845.0,900
Multiple carriers,Delhi,Cochin,DEL ? BOM ? COK,19:00,No info,10678,6,6,3,0,0,295.0,845
Jet Airways,Delhi,Cochin,DEL ? BOM ? COK,04:25 10 Mar,In-flight meal not included,14053,9,3,5,0,0,905.0,800
Jet Airways,Kolkata,Banglore,CCU ? DEL ? BLR,22:05,In-flight meal not included,10539,12,6,2,0,0,575.0,750
Jet Airways,Banglore,New Delhi,BLR ? BOM ? DEL,21:20,No info,16946,18,3,0,0,0,845.0,435
IndiGo,Delhi,Cochin,DEL ? COK,17:35,No info,7673,3,3,6,0,0,870.0,185
Air India,Banglore,New Delhi,BLR ? DEL,16:10,No info,4441,24,3,6,0,0,800.0,170
Jet Airways,Banglore,Delhi,BLR ? DEL,14:05,In-flight meal not included,4544,15,4,0,0,0,670.0,175
IndiGo,Kolkata,Banglore,CCU ? BLR,18:05,No info,4804,24,4,2,0,0,930.0,155
Jet Airways,Delhi,Cochin,DEL ? BOM ? COK,12:35 02 Apr,In-flight meal not included,5406,1,4,0,0,0,540.0,1655
Air India,Mumbai,Hyderabad,BOM ? HYD,07:40,No info,3100,3,4,2,0,0,380.0,80
Jet Airways,Delhi,Cochin,DEL ? AMD ? BOM ? COK,19:00 28 Jun,In-flight meal not included,11150,27,6,3,0,0,1385.0,1195
IndiGo,Banglore,Delhi,BLR ? DEL,19:55,No info,4823,6,4,5,0,0,1015.0,180
SpiceJet,Mumbai,Hyderabad,BOM ? HYD,07:15,No check-in baggage included,1965,3,5,4,0,0,345.0,90
Jet Airways,Delhi,Cochin,DEL ? BOM ? COK,12:35 25 Jun,In-flight meal not included,10262,24,6,0,0,0,1310.0,885
IndiGo,Delhi,Cochin,DEL ? HYD ? COK,16:10,No info,6674,6,6,3,0,0,455.0,515
Jet Airways,Delhi,Cochin,DEL ? BOM ? COK,04:25 07 Mar,No info,15764,6,3,2,0,0,540.0,1165
Jet Airways,Kolkata,Banglore,CCU ? BOM ? BLR,22:35 02 Apr,In-flight meal not included,7064,1,4,0,0,0,1200.0,1595
Jet Airways,Delhi,Cochin,DEL ? BOM ? COK,19:00,In-flight meal not included,10262,6,6,3,0,0,840.0,300
IndiGo,Kolkata,Banglore,CCU ? MAA ? BLR,13:00,No info,5069,1,5,2,0,0,490.0,290
Multiple carriers,Delhi,Cochin,DEL ? BOM ? COK,19:00,No info,11789,6,6,3,0,0,700.0,440
Air India,Kolkata,Banglore,CCU ? DEL ? COK ? BLR,13:45 02 May,No info,15164,1,5,2,0,0,600.0,1665
Air India,Delhi,Cochin,DEL ? COK,17:10,No info,6094,6,6,3,0,0,850.0,180
SpiceJet,Banglore,Delhi,BLR ? DEL,12:20,No check-in baggage included,4885,21,4,6,0,0,570.0,170
Air Asia,Banglore,Delhi,BLR ? DEL,13:55,No info,3383,21,6,4,0,0,670.0,165
Multiple carriers,Delhi,Cochin,DEL ? BOM ? COK,01:35 28 Mar,No info,6673,27,3,2,0,0,1020.0,515
Jet Airways,Banglore,Delhi,BLR ? DEL,10:10,In-flight meal not included,4544,27,4,5,0,0,430.0,180
Jet Airways,Delhi,Cochin,DEL ? BDQ ? BOM ? COK,18:50,In-flight meal not included,8367,21,3,3,0,0,645.0,485
GoAir,Banglore,Delhi,BLR ? DEL,14:30,No info,3898,3,6,0,0,0,700.0,170
Jet Airways,Kolkata,Banglore,CCU ? BOM ? BLR,22:35,In-flight meal not included,10844,9,6,6,0,0,845.0,510
Multiple carriers,Delhi,Cochin,DEL ? BOM ? COK,13:20,No info,12327,27,3,2,0,0,135.0,665
SpiceJet,Delhi,Cochin,DEL ? PNQ ? COK,13:15,No check-in baggage included,6356,21,3,3,0,0,525.0,270
Air India,Banglore,Delhi,BLR ? DEL,23:55,No info,5228,15,5,2,0,0,1265.0,170
Air India,Banglore,New Delhi,BLR ? BOM ? UDR ? DEL,16:30 16 Mar,No info,10835,18,3,0,0,0,405.0,2025
IndiGo,Banglore,Delhi,BLR ? DEL,06:50,No info,3943,21,6,4,0,0,240.0,170
Jet Airways,Delhi,Cochin,DEL ? BOM ? COK,19:00 02 Jun,No info,14714,1,6,5,0,0,1095.0,1485
Air India,Kolkata,Banglore,CCU ? IXR ? DEL ? BLR,12:00 07 May,No info,11883,6,5,0,0,0,350.0,1810
Vistara,Kolkata,Banglore,CCU ? DEL ? BLR,23:25 13 Jun,No info,8610,12,6,2,0,0,1220.0,1625
Multiple carriers,Delhi,Cochin,DEL ? HYD ? COK,22:30,No info,6513,15,5,2,0,0,430.0,920
Jet Airways,Delhi,Cochin,DEL ? BOM ? COK,04:25 22 May,In-flight meal not included,12898,21,5,1,0,0,135.0,1570
Air India,Delhi,Cochin,DEL ? GOI ? BOM ? COK,19:15 02 Jun,No info,10861,1,6,5,0,0,1320.0,1275
IndiGo,Mumbai,Hyderabad,BOM ? HYD,20:35,No info,4049,21,6,4,0,0,1145.0,90
Jet Airways,Banglore,New Delhi,BLR ? BOM ? DEL,05:05 16 Mar,No info,13555,18,3,0,0,0,700.0,1045
Jet Airways,Delhi,Cochin,DEL ? BOM ? COK,19:00,No info,16079,27,5,0,0,0,135.0,1005
IndiGo,Delhi,Cochin,DEL ? COK,08:50,No info,7673,6,3,2,0,0,335.0,195
Multiple carriers Premium economy,Delhi,Cochin,DEL ? BOM ? COK,19:15,No info,10161,21,3,3,0,0,535.0,620
Jet Airways,Delhi,Cochin,DEL ? BOM ? COK,12:35,In-flight meal not included,10262,12,6,2,0,0,135.0,620
SpiceJet,Kolkata,Banglore,CCU ? BLR,09:30,No info,3873,3,5,4,0,0,415.0,155
SpiceJet,Banglore,Delhi,BLR ? DEL,00:05 04 Jun,No info,3311,3,6,0,0,0,1270.0,175
IndiGo,Delhi,Cochin,DEL ? BOM ? COK,01:35 10 Mar,No info,13611,9,3,5,0,0,960.0,575
Air India,Delhi,Cochin,DEL ? JAI ? BOM ? COK,19:15,No info,11858,6,3,2,0,0,720.0,435
Multiple carriers,Delhi,Cochin,DEL ? BOM ? COK,19:15,No info,9316,27,5,0,0,0,620.0,535
IndiGo,Banglore,Delhi,BLR ? DEL,10:05,No info,4823,1,4,0,0,0,430.0,175
Jet Airways,Kolkata,Banglore,CCU ? BOM ? BLR,10:05 13 May,No info,13941,12,5,6,0,0,1200.0,845
Jet Airways,Delhi,Cochin,DEL ? JAI ? BOM ? COK,04:25 28 May,In-flight meal not included,13029,27,5,0,0,0,580.0,1125
SpiceJet,Kolkata,Banglore,CCU ? BLR,09:30,No info,3873,12,4,4,0,0,415.0,155
IndiGo,Banglore,Delhi,BLR ? DEL,04:15,No info,4591,12,4,4,0,0,90.0,165
Vistara,Mumbai,Hyderabad,BOM ? DEL ? HYD,22:55,No info,12395,6,3,2,0,0,525.0,850
IndiGo,Mumbai,Hyderabad,BOM ? HYD,04:00,No info,3603,21,3,3,0,0,150.0,90
IndiGo,Kolkata,Banglore,CCU ? BLR,18:05,No info,4804,1,5,2,0,0,930.0,155
IndiGo,Banglore,Delhi,BLR ? DEL,21:20,No info,4823,21,5,1,0,0,1105.0,175
Jet Airways,Delhi,Cochin,DEL ? BOM ? COK,18:50,No info,13244,21,3,3,0,0,690.0,440
Air Asia,Kolkata,Banglore,CCU ? DEL ? BLR,19:25,No info,6785,24,3,6,0,0,455.0,710
Air India,Mumbai,Hyderabad,BOM ? HYD,07:40,No info,3100,24,6,0,0,0,380.0,80
Multiple carriers,Delhi,Cochin,DEL ? BOM ? COK,01:30 13 Jun,No info,7198,12,6,2,0,0,1080.0,450
Jet Airways,Delhi,Cochin,DEL ? JAI ? BOM ? COK,19:00,No info,13014,27,6,3,0,0,580.0,560
Air India,Delhi,Cochin,DEL ? CCU ? BOM ? COK,07:40 07 Mar,No info,20416,6,3,2,0,0,410.0,1490
Air India,Delhi,Cochin,DEL ? GOI ? BOM ? COK,19:15 07 Jun,No info,10441,6,6,3,0,0,1320.0,1275
Air India,Banglore,New Delhi,BLR ? VGA ? DEL,11:20 02 Mar,No info,11528,1,3,4,0,0,630.0,1490
Air India,Kolkata,Banglore,CCU ? DEL ? COK ? BLR,01:20 07 May,No info,14083,6,5,0,0,0,420.0,1100
IndiGo,Chennai,Kolkata,MAA ? CCU,21:55,No info,3597,15,5,2,0,0,1175.0,140
Air India,Kolkata,Banglore,CCU ? IXR ? BBI ? BLR,13:15,No info,7662,12,6,2,0,0,350.0,445
IndiGo,Banglore,Delhi,BLR ? DEL,11:20,No info,4823,6,6,3,0,0,510.0,170
Air India,Delhi,Cochin,DEL ? RPR ? NAG ? BOM ? COK,19:15 28 Jun,No info,10703,27,6,3,0,0,315.0,2280
Jet Airways,Mumbai,Hyderabad,BOM ? HYD,08:30,No info,8040,12,6,2,0,0,425.0,85
Vistara,Banglore,Delhi,BLR ? DEL,09:40,No info,4668,24,6,0,0,0,420.0,160
Air India,Delhi,Cochin,DEL ? COK,21:10,No info,6304,12,5,6,0,0,1085.0,185
Air India,Mumbai,Hyderabad,BOM ? BHO ? DEL ? HYD,11:55 07 Mar,No info,14219,6,3,2,0,0,360.0,1795
SpiceJet,Kolkata,Banglore,CCU ? BLR,19:40,No check-in baggage included,3841,1,5,2,0,0,1030.0,150
Multiple carriers,Delhi,Cochin,DEL ? BOM ? COK,21:00,No info,13587,27,5,0,0,0,780.0,480
Air India,Kolkata,Banglore,CCU ? IXR ? DEL ? BLR,20:25,No info,12093,18,5,5,0,0,350.0,875
SpiceJet,Delhi,Cochin,DEL ? MAA ? COK,11:20,No info,5899,27,4,5,0,0,365.0,315
Air India,Mumbai,Hyderabad,BOM ? HYD,15:25,No info,3100,12,5,6,0,0,835.0,90
Air India,Banglore,Delhi,BLR ? DEL,19:45,No info,5438,12,5,6,0,0,1020.0,165
IndiGo,Banglore,Delhi,BLR ? DEL,21:50,No info,5780,18,4,3,0,0,1135.0,175
Air India,Kolkata,Banglore,CCU ? BOM ? COK ? BLR,01:20 10 Jun,No info,11668,9,6,6,0,0,565.0,955
IndiGo,Banglore,New Delhi,BLR ? DEL,10:05,No info,11934,1,3,4,0,0,430.0,175
Jet Airways,Delhi,Cochin,DEL ? ATQ ? BOM ? COK,04:25 28 Jun,No info,16263,27,6,3,0,0,1200.0,505
IndiGo,Delhi,Cochin,DEL ? BOM ? COK,01:35 07 Mar,No info,14871,6,3,2,0,0,1115.0,420
SpiceJet,Banglore,Delhi,BLR ? DEL,12:20,No check-in baggage included,3573,24,5,4,0,0,570.0,170
Air India,Delhi,Cochin,DEL ? HYD ? BOM ? COK,19:15 04 Mar,No info,12497,3,3,6,0,0,1290.0,1305
Air India,Delhi,Cochin,DEL ? COK,21:10,No info,5411,21,6,4,0,0,1085.0,185
IndiGo,Delhi,Cochin,DEL ? HYD ? COK,16:10,No info,6600,9,6,6,0,0,305.0,665
IndiGo,Kolkata,Banglore,CCU ? PAT ? BLR,14:15,No info,11160,6,6,3,0,0,560.0,295
Jet Airways,Mumbai,Hyderabad,BOM ? UDR ? DEL ? HYD,16:50 07 Mar,No info,22950,6,3,2,0,0,1035.0,1415
SpiceJet,Kolkata,Banglore,CCU ? MAA ? BLR,20:20,No info,4649,24,5,4,0,0,905.0,315
Jet Airways,Delhi,Cochin,DEL ? JAI ? BOM ? COK,04:25 22 May,No info,15129,21,5,1,0,0,330.0,1375
IndiGo,Delhi,Cochin,DEL ? COK,00:20 13 May,No info,8626,12,5,6,0,0,1265.0,195
Jet Airways,Delhi,Cochin,DEL ? BOM ? COK,04:25 07 Mar,No info,17234,6,3,2,0,0,425.0,1280
Jet Airways,Banglore,New Delhi,BLR ? BOM ? DEL,13:15,In-flight meal not included,7832,21,3,3,0,0,345.0,450
Air India,Mumbai,Hyderabad,BOM ? HYD,16:25,No info,3100,18,6,1,0,0,900.0,85
Jet Airways,Kolkata,Banglore,CCU ? DEL ? BLR,14:25 10 May,In-flight meal not included,9314,9,5,3,0,0,575.0,1730
Jet Airways,Delhi,Cochin,DEL ? BOM ? COK,12:35,No info,14714,1,6,5,0,0,135.0,620
Jet Airways,Delhi,Cochin,DEL ? LKO ? BOM ? COK,04:25 16 Jun,No info,13882,15,6,5,0,0,705.0,1000
Jet Airways,Delhi,Cochin,DEL ? BHO ? BOM ? COK,12:35,No info,16274,9,5,3,0,0,330.0,425
Multiple carriers,Delhi,Cochin,DEL ? BOM ? COK,18:50,No info,15135,6,3,2,0,0,690.0,440
IndiGo,Banglore,New Delhi,BLR ? DEL,00:15 25 Mar,No info,6144,24,3,6,0,0,1280.0,175
Jet Airways,Delhi,Cochin,DEL ? AMD ? BOM ? COK,19:45 28 Mar,No info,9483,27,3,2,0,0,1150.0,1475
Air India,Delhi,Cochin,DEL ? CCU ? BOM ? COK,07:40 16 May,No info,14431,15,5,2,0,0,410.0,1490
Multiple carriers,Delhi,Cochin,DEL ? HYD ? COK,22:30,In-flight meal not included,6093,24,6,0,0,0,895.0,455
Multiple carriers,Delhi,Cochin,DEL ? BOM ? COK,21:00,No info,7888,21,5,1,0,0,600.0,660
IndiGo,Delhi,Cochin,DEL ? BOM ? COK,01:30 16 May,No info,7503,15,5,2,0,0,555.0,975
Air India,Kolkata,Banglore,CCU ? HYD ? BLR,09:50 07 May,No info,6117,6,5,0,0,0,1140.0,890
Jet Airways,Delhi,Cochin,DEL ? BOM ? COK,18:50,No info,17024,3,3,6,0,0,540.0,590
Jet Airways,Kolkata,Banglore,CCU ? BOM ? BLR,08:15 02 Apr,No info,12681,1,4,0,0,0,1135.0,800
Multiple carriers,Delhi,Cochin,DEL ? BOM ? COK,19:00,No info,10678,24,6,0,0,0,635.0,505
Jet Airways,Kolkata,Banglore,CCU ? BOM ? BLR,12:00 25 Mar,No info,13759,24,3,6,0,0,505.0,1655
SpiceJet,Mumbai,Hyderabad,BOM ? HYD,00:15 04 Jun,No info,2017,3,6,0,0,0,1365.0,90
SpiceJet,Banglore,Delhi,BLR ? DEL,12:20,No check-in baggage included,4885,15,6,5,0,0,570.0,170
Multiple carriers,Delhi,Cochin,DEL ? BOM ? COK,19:15,No info,10786,27,5,0,0,0,360.0,795
Vistara,Mumbai,Hyderabad,BOM ? DEL ? HYD,09:25 13 Mar,No info,12080,12,3,1,0,0,450.0,1555
IndiGo,Kolkata,Banglore,CCU ? BLR,22:55,No info,4804,9,6,6,0,0,1220.0,155
Air India,Delhi,Cochin,DEL ? BOM ? COK,19:15 22 Mar,No info,6587,21,3,3,0,0,1260.0,1335
Jet Airways,Delhi,Cochin,DEL ? MAA ? BOM ? COK,18:50,In-flight meal not included,8728,27,3,2,0,0,310.0,820
Air Asia,Delhi,Cochin,DEL ? BLR ? COK,07:10 19 May,No info,7452,18,5,5,0,0,1245.0,625
IndiGo,Banglore,Delhi,BLR ? DEL,22:50,No info,4823,6,6,3,0,0,1200.0,170
Multiple carriers,Delhi,Cochin,DEL ? HYD ? COK,22:30,No info,8310,9,5,3,0,0,425.0,925
Vistara,Banglore,Delhi,BLR ? DEL,14:20,No info,5403,1,4,0,0,0,690.0,170
Jet Airways,Delhi,Cochin,DEL ? NAG ? BOM ? COK,12:35 10 Jun,No info,13376,9,6,6,0,0,875.0,1320
Multiple carriers,Delhi,Cochin,DEL ? BOM ? COK,19:00,No info,10877,3,6,0,0,0,635.0,505
Jet Airways,Banglore,New Delhi,BLR ? BOM ? DEL,00:45 08 Mar,No info,14815,6,3,2,0,0,1370.0,1555
IndiGo,Delhi,Cochin,DEL ? HYD ? COK,16:10,No info,6558,21,3,3,0,0,400.0,570
Multiple carriers,Delhi,Cochin,DEL ? BOM ? COK,21:00,No info,14067,21,5,1,0,0,540.0,720
Multiple carriers,Delhi,Cochin,DEL ? BOM ? COK,19:00,No info,9627,21,5,1,0,0,555.0,585
Jet Airways,Delhi,Cochin,DEL ? BOM ? COK,19:00 04 Jun,No info,14714,3,6,0,0,0,1155.0,1425
IndiGo,Delhi,Cochin,DEL ? COK,08:50,No info,5000,9,5,3,0,0,335.0,195
Multiple carriers Premium economy,Delhi,Cochin,DEL ? BOM ? COK,21:00,No info,9845,21,3,3,0,0,360.0,900
Jet Airways,Kolkata,Banglore,CCU ? BOM ? BLR,16:20 19 May,In-flight meal not included,10844,18,5,5,0,0,1135.0,1285
IndiGo,Delhi,Cochin,DEL ? BOM ? COK,13:20,No info,7048,27,3,2,0,0,285.0,515
Jet Airways,Kolkata,Banglore,CCU ? DEL ? BLR,10:55 13 Jun,No info,12692,12,6,2,0,0,575.0,1520
Jet Airways,Delhi,Cochin,DEL ? BOM ? COK,18:50 10 Mar,In-flight meal not included,13843,9,3,5,0,0,1310.0,1260
Jet Airways,Banglore,New Delhi,BLR ? BOM ? DEL,07:40 19 Mar,In-flight meal not included,7832,21,3,3,0,0,845.0,1055
IndiGo,Mumbai,Hyderabad,BOM ? HYD,10:45,No info,4049,1,6,5,0,0,555.0,90
Jet Airways,Delhi,Cochin,DEL ? BOM ? COK,18:50,No info,12242,27,3,2,0,0,480.0,650
Jet Airways,Delhi,Cochin,DEL ? BOM ? COK,19:00 25 Jun,In-flight meal not included,10262,24,6,0,0,0,1155.0,1425
Jet Airways,Kolkata,Banglore,CCU ? BOM ? BLR,19:50,No info,14571,9,6,6,0,0,505.0,685
SpiceJet,Kolkata,Banglore,CCU ? BLR,19:40,No info,4174,24,5,4,0,0,1030.0,150
Multiple carriers,Delhi,Cochin,DEL ? BOM ? COK,12:35,No info,11264,27,5,0,0,0,360.0,395
IndiGo,Kolkata,Banglore,CCU ? BLR,00:05 19 Apr,No info,4174,18,4,3,0,0,1285.0,160
IndiGo,Chennai,Kolkata,MAA ? CCU,07:40,No info,3540,12,6,2,0,0,315.0,145
Vistara,Kolkata,Banglore,CCU ? DEL ? BLR,20:20,No info,9345,18,5,5,0,0,430.0,790
Air India,Delhi,Cochin,DEL ? AMD ? BOM ? COK,19:15 07 Jun,No info,9653,6,6,3,0,0,1000.0,1595
IndiGo,Mumbai,Hyderabad,BOM ? HYD,07:45,No info,3342,18,3,0,0,0,380.0,85
Multiple carriers,Delhi,Cochin,DEL ? BOM ? COK,01:30 19 May,No info,8073,18,5,5,0,0,600.0,930
Jet Airways,Kolkata,Banglore,CCU ? BOM ? BLR,20:45,In-flight meal not included,7064,1,4,0,0,0,390.0,855
Jet Airways,Delhi,Cochin,DEL ? NAG ? BOM ? COK,12:35 28 Jun,No info,13376,27,6,3,0,0,875.0,1320
Multiple carriers,Delhi,Cochin,DEL ? BOM ? COK,18:50,No info,15135,6,3,2,0,0,505.0,625
Air India,Kolkata,Banglore,CCU ? DEL ? BLR,20:25,No info,10413,24,5,4,0,0,600.0,625
Vistara,Kolkata,Banglore,CCU ? DEL ? BLR,10:45 02 May,No info,9187,1,5,2,0,0,1220.0,865
Jet Airways,Delhi,Cochin,DEL ? IDR ? BOM ? COK,12:35 02 Jun,No info,13292,1,6,5,0,0,575.0,1620
IndiGo,Delhi,Cochin,DEL ? HYD ? COK,16:10,No info,6674,9,3,5,0,0,455.0,515
IndiGo,Delhi,Cochin,DEL ? BOM ? COK,01:30 10 May,No info,8330,9,5,3,0,0,1050.0,480
Multiple carriers,Delhi,Cochin,DEL ? BOM ? COK,19:00,No info,11200,1,6,5,0,0,400.0,740
Jet Airways,Delhi,Cochin,DEL ? BOM ? COK,12:35 04 Jun,In-flight meal not included,10262,3,6,0,0,0,600.0,1595
Vistara,Delhi,Cochin,DEL ? COK,17:50,No info,6216,15,4,0,0,0,880.0,190
Jet Airways,Kolkata,Banglore,CCU ? BOM ? BLR,19:50 19 May,In-flight meal not included,10844,18,5,5,0,0,1200.0,1430
Jet Airways,Kolkata,Banglore,CCU ? BOM ? BLR,18:10 25 Mar,In-flight meal not included,11134,24,3,6,0,0,1015.0,1515
IndiGo,Chennai,Kolkata,MAA ? CCU,00:25 19 Jun,No info,5277,18,6,1,0,0,1325.0,140
Jet Airways,Delhi,Cochin,DEL ? ATQ ? BOM ? COK,12:35 28 Jun,No info,14300,27,6,3,0,0,490.0,1705
Jet Airways,Banglore,New Delhi,BLR ? BOM ? DEL,20:20 07 Mar,No info,17471,6,3,2,0,0,1370.0,1290
Jet Airways,Kolkata,Banglore,CCU ? BOM ? BLR,09:20 22 May,In-flight meal not included,10844,21,5,1,0,0,1270.0,730
SpiceJet,Banglore,New Delhi,BLR ? DEL,08:35,No check-in baggage included,5469,15,3,4,0,0,345.0,170
Jet Airways,Delhi,Cochin,DEL ? BOM ? COK,12:35 10 Jun,In-flight meal not included,10262,9,6,6,0,0,840.0,1355
SpiceJet,Delhi,Cochin,DEL ? BLR ? COK,22:50,No info,7185,6,3,2,0,0,995.0,375
Air Asia,Kolkata,Banglore,CCU ? BLR,22:25,No info,3807,18,6,1,0,0,1195.0,150
Jet Airways,Delhi,Cochin,DEL ? BOM ? COK,04:25 02 Jun,No info,14714,1,6,5,0,0,1050.0,655
Vistara,Kolkata,Banglore,CCU ? DEL ? BLR,20:20,No info,8610,6,5,0,0,0,430.0,790
Jet Airways,Delhi,Cochin,DEL ? BOM ? COK,18:50,No info,17234,6,3,2,0,0,425.0,705
Multiple carriers,Delhi,Cochin,DEL ? GWL ? IDR ? BOM ? COK,21:00,No info,15629,12,6,2,0,0,695.0,565
Multiple carriers,Delhi,Cochin,DEL ? HYD ? MAA ? COK,21:20,No info,6128,27,3,2,0,0,425.0,855
Jet Airways,Delhi,Cochin,DEL ? BOM ? COK,04:25 10 Mar,No info,16289,9,3,5,0,0,960.0,745
Jet Airways,Delhi,Cochin,DEL ? JAI ? BOM ? COK,19:00,No info,15129,9,5,3,0,0,330.0,810
Jet Airways,Banglore,New Delhi,BLR ? BOM ? DEL,10:25 19 Mar,In-flight meal not included,7832,21,3,3,0,0,845.0,1220
Jet Airways,Banglore,New Delhi,BLR ? BOM ? DEL,16:10,No info,22270,1,3,4,0,0,480.0,490
Jet Airways,Kolkata,Banglore,CCU ? DEL ? BLR,09:45 02 May,No info,11467,1,5,2,0,0,1020.0,1005
IndiGo,Mumbai,Hyderabad,BOM ? HYD,20:35,No info,4392,9,5,3,0,0,1145.0,90
SpiceJet,Kolkata,Banglore,CCU ? BLR,19:40,No info,4491,6,5,0,0,0,1030.0,150
Jet Airways,Kolkata,Banglore,CCU ? BOM ? BLR,09:20 19 May,In-flight meal not included,9663,18,5,5,0,0,1270.0,730
IndiGo,Delhi,Cochin,DEL ? BOM ? COK,01:30 28 Jun,No info,5883,27,6,3,0,0,1115.0,415
Air India,Delhi,Cochin,DEL ? BOM ? COK,07:40 04 Mar,No info,14777,3,3,6,0,0,1140.0,760
Air Asia,Kolkata,Banglore,CCU ? BBI ? BLR,10:30,No info,5162,21,5,1,0,0,410.0,220
IndiGo,Kolkata,Banglore,CCU ? BLR,00:05 02 Jun,No info,4804,1,6,5,0,0,1285.0,160
Jet Airways,Kolkata,Banglore,CCU ? BOM ? BLR,12:00 13 Jun,In-flight meal not included,8529,12,6,2,0,0,845.0,1315
Jet Airways,Kolkata,Banglore,CCU ? BOM ? BLR,16:20,In-flight meal not included,10844,9,6,6,0,0,390.0,590
SpiceJet,Kolkata,Banglore,CCU ? BLR,09:30,No info,3873,9,4,1,0,0,415.0,155
IndiGo,Kolkata,Banglore,CCU ? BLR,12:20,No info,4804,12,6,2,0,0,575.0,165
Jet Airways,Mumbai,Hyderabad,BOM ? HYD,04:20,No info,5678,12,5,6,0,0,175.0,85
Jet Airways,Kolkata,Banglore,CCU ? BOM ? BLR,18:15,No info,12681,1,4,0,0,0,390.0,705
Jet Airways,Banglore,New Delhi,BLR ? BDQ ? DEL,12:20,No info,9623,15,3,4,0,0,350.0,390
Multiple carriers,Delhi,Cochin,DEL ? BOM ? COK,21:00,No info,15147,3,3,6,0,0,535.0,725
Vistara,Kolkata,Banglore,CCU ? DEL ? BLR,23:25,No info,9345,24,5,4,0,0,430.0,975
Jet Airways,Kolkata,Banglore,CCU ? BOM ? BLR,10:05 07 May,In-flight meal not included,7757,6,5,0,0,0,1135.0,910
Jet Airways,Kolkata,Banglore,CCU ? BOM ? BLR,12:00 13 May,In-flight meal not included,10844,12,5,6,0,0,990.0,1170
Air India,Banglore,New Delhi,BLR ? CCU ? GAU ? DEL,22:10 07 Mar,No info,11948,3,3,6,0,0,665.0,2105
Jet Airways,Delhi,Cochin,DEL ? NAG ? BOM ? COK,12:35 28 Jun,No info,13376,27,6,3,0,0,405.0,1790
Air India,Kolkata,Banglore,CCU ? HYD ? BLR,04:40 16 May,No info,6117,15,5,2,0,0,1140.0,580
IndiGo,Delhi,Cochin,DEL ? HYD ? COK,16:10,No info,6171,6,3,2,0,0,295.0,675
Jet Airways,Kolkata,Banglore,CCU ? BOM ? BLR,19:50,No info,13626,12,6,2,0,0,845.0,345
Jet Airways,Banglore,New Delhi,BLR ? BOM ? DEL,19:10 07 Mar,No info,17471,6,3,2,0,0,1285.0,1305
Multiple carriers,Delhi,Cochin,DEL ? BOM ? COK,19:15,No info,7531,21,3,3,0,0,620.0,535
Jet Airways,Delhi,Cochin,DEL ? BOM ? COK,04:25 10 May,In-flight meal not included,12373,9,5,3,0,0,900.0,805
Jet Airways,Delhi,Cochin,DEL ? BOM ? COK,12:35,No info,16289,27,5,0,0,0,425.0,330
IndiGo,Banglore,New Delhi,BLR ? DEL,13:00,No info,4777,24,3,6,0,0,610.0,170
Jet Airways,Banglore,Delhi,BLR ? DEL,11:20,In-flight meal not included,5198,21,4,6,0,0,500.0,180
Jet Airways,Kolkata,Banglore,CCU ? BOM ? BLR,23:35,In-flight meal not included,10844,6,6,3,0,0,845.0,570
Air India,Banglore,Delhi,BLR ? DEL,19:45,No info,7171,18,5,5,0,0,1020.0,165
Air India,Delhi,Cochin,DEL ? JAI ? BOM ? COK,19:15 28 Jun,No info,11942,27,6,3,0,0,1125.0,1470
IndiGo,Banglore,Delhi,BLR ? DEL,13:20,No info,4423,27,4,5,0,0,630.0,170
Vistara,Delhi,Cochin,DEL ? COK,17:50,No info,5586,18,3,0,0,0,895.0,175
Jet Airways,Kolkata,Banglore,CCU ? BOM ? BLR,12:00 25 Mar,In-flight meal not included,11134,24,3,6,0,0,1015.0,1145
Air Asia,Banglore,New Delhi,BLR ? DEL,08:40,No info,4284,24,3,6,0,0,350.0,170
Air India,Kolkata,Banglore,CCU ? BLR,16:45,No info,6245,1,5,2,0,0,855.0,150
SpiceJet,Banglore,New Delhi,BLR ? PNQ ? DEL,18:15,No info,10341,15,3,4,0,0,620.0,475
SpiceJet,Banglore,New Delhi,BLR ? DEL,08:35,No info,6860,3,3,6,0,0,345.0,170
Air India,Mumbai,Hyderabad,BOM ? HYD,20:45,No info,2050,3,4,2,0,0,1170.0,75
Multiple carriers,Delhi,Cochin,DEL ? BOM ? COK,01:30 25 Jun,In-flight meal not included,5797,24,6,0,0,0,1065.0,465
IndiGo,Banglore,New Delhi,BLR ? DEL,11:30,No info,7648,9,3,5,0,0,510.0,180
Air India,Banglore,New Delhi,BLR ? DEL,23:55,No info,8851,15,3,4,0,0,1270.0,165
Air India,Kolkata,Banglore,CCU ? DEL ? AMD ? BLR,05:25 07 Jun,No info,13007,6,6,3,0,0,600.0,1165
Jet Airways,Kolkata,Banglore,CCU ? DEL ? BLR,09:45 25 May,No info,13067,24,5,4,0,0,575.0,1450
IndiGo,Banglore,New Delhi,BLR ? HYD ? DEL,21:50,No info,4049,18,3,0,0,0,1015.0,295
Jet Airways,Kolkata,Banglore,CCU ? DEL ? BLR,18:00 13 Jun,No info,12692,12,6,2,0,0,1020.0,1500
Air India,Chennai,Kolkata,MAA ? CCU,13:55,No info,4667,9,5,3,0,0,700.0,135
Multiple carriers,Delhi,Cochin,DEL ? HYD ? MAA ? COK,21:20,In-flight meal not included,8938,3,3,6,0,0,430.0,850
IndiGo,Delhi,Cochin,DEL ? BOM ? COK,15:30,No info,10208,21,3,3,0,0,450.0,480
Multiple carriers,Delhi,Cochin,DEL ? BOM ? COK,19:15,No info,7354,3,6,0,0,0,685.0,470
Air India,Banglore,Delhi,BLR ? DEL,19:45,No info,5438,21,4,6,0,0,1020.0,165
Air Asia,Kolkata,Banglore,CCU ? BLR,01:20 25 May,No info,4107,24,5,4,0,0,1370.0,150
Jet Airways,Kolkata,Banglore,CCU ? BOM ? BLR,12:00 25 Mar,In-flight meal not included,11134,24,3,6,0,0,1185.0,975
Jet Airways,Delhi,Cochin,DEL ? BOM ? COK,12:35 16 Jun,In-flight meal not included,10262,15,6,5,0,0,1255.0,940
Air India,Kolkata,Banglore,CCU ? DEL ? COK ? BLR,01:20 25 May,No info,14083,24,5,4,0,0,420.0,1100
Vistara,Kolkata,Banglore,CCU ? DEL ? BLR,23:25,No info,9345,9,6,6,0,0,430.0,975
Jet Airways,Delhi,Cochin,DEL ? BOM ? COK,12:35 10 May,In-flight meal not included,12373,9,5,3,0,0,1050.0,1145
Multiple carriers,Delhi,Cochin,DEL ? BOM ? COK,01:30 16 Jun,In-flight meal not included,10196,15,6,5,0,0,960.0,570
IndiGo,Delhi,Cochin,DEL ? BOM ? COK,21:00,No info,5947,15,4,0,0,0,960.0,300
Jet Airways,Kolkata,Banglore,CCU ? BOM ? BLR,09:20 13 Jun,No info,13044,12,6,2,0,0,845.0,1155
Jet Airways,Kolkata,Banglore,CCU ? BOM ? BLR,09:20 19 May,In-flight meal not included,9663,18,5,5,0,0,345.0,1655
Jet Airways,Banglore,New Delhi,BLR ? BOM ? DEL,20:20,No info,27992,1,3,4,0,0,345.0,875
IndiGo,Kolkata,Banglore,CCU ? HYD ? BLR,19:50,No info,7476,24,3,6,0,0,910.0,280
Air India,Kolkata,Banglore,CCU ? DEL ? BLR,20:25,No info,10413,9,6,6,0,0,420.0,805
Multiple carriers,Delhi,Cochin,DEL ? BOM ? COK,19:15,No info,10261,1,6,5,0,0,700.0,455
Jet Airways,Kolkata,Banglore,CCU ? DEL ? BLR,23:35,No info,14151,6,6,3,0,0,575.0,840
Air India,Banglore,Delhi,BLR ? DEL,08:55,No info,5176,6,4,5,0,0,370.0,165
Jet Airways,Delhi,Cochin,DEL ? BOM ? COK,04:25 07 Jun,No info,14714,6,6,3,0,0,600.0,1105
Jet Airways,Kolkata,Banglore,CCU ? DEL ? BLR,14:25 16 May,In-flight meal not included,9314,15,5,2,0,0,1020.0,1285
Jet Airways,Delhi,Cochin,DEL ? BOM ? COK,04:25 25 Jun,No info,14714,24,6,0,0,0,1310.0,395
Multiple carriers,Delhi,Cochin,DEL ? BOM ? COK,19:00,No info,12192,6,6,3,0,0,480.0,660
SpiceJet,Mumbai,Hyderabad,BOM ? HYD,00:15 02 Apr,No info,1759,3,4,2,0,0,1365.0,90
IndiGo,Delhi,Cochin,DEL ? MAA ? COK,07:25,No info,4744,27,3,2,0,0,125.0,320
Jet Airways,Banglore,Delhi,BLR ? DEL,22:50,No info,7229,21,5,1,0,0,1190.0,180
Jet Airways,Delhi,Cochin,DEL ? BOM ? COK,04:25 10 Mar,No info,15029,9,3,5,0,0,20.0,1685
IndiGo,Kolkata,Banglore,CCU ? BLR,23:05,No info,4462,15,3,4,0,0,1225.0,160
SpiceJet,Chennai,Kolkata,MAA ? CCU,10:35,No info,6300,12,3,1,0,0,500.0,135
Air India,Mumbai,Hyderabad,BOM ? HYD,20:45,No info,2575,21,3,3,0,0,1170.0,75
Jet Airways,Banglore,New Delhi,BLR ? BOM ? DEL,19:10 13 Mar,In-flight meal not included,11087,12,3,1,0,0,1135.0,1455
Multiple carriers,Delhi,Cochin,DEL ? BOM ? COK,13:20,No info,6305,27,3,2,0,0,240.0,560
Vistara,Banglore,New Delhi,BLR ? DEL,22:20,No info,8290,9,3,5,0,0,1180.0,160
Jet Airways,Banglore,Delhi,BLR ? DEL,10:10,In-flight meal not included,5769,18,6,1,0,0,430.0,180
IndiGo,Banglore,Delhi,BLR ? DEL,00:15 13 Apr,No info,4990,12,4,4,0,0,1275.0,180
Air Asia,Banglore,New Delhi,BLR ? DEL,02:10 04 Mar,No info,6135,3,3,6,0,0,1405.0,165
IndiGo,Delhi,Cochin,DEL ? BLR ? COK,07:45,No info,5733,27,3,2,0,0,120.0,345
Multiple carriers,Delhi,Cochin,DEL ? BOM ? COK,21:00,No info,7670,15,5,2,0,0,360.0,900
Jet Airways,Delhi,Cochin,DEL ? AMD ? BOM ? COK,19:00 28 Jun,No info,12819,27,6,3,0,0,1150.0,1430
IndiGo,Banglore,Delhi,BLR ? DEL,22:50,No info,4823,3,5,4,0,0,1200.0,170
IndiGo,Delhi,Cochin,DEL ? BOM ? COK,21:00,No info,6979,9,5,3,0,0,295.0,965
Air India,Kolkata,Banglore,CCU ? BOM ? BLR,18:30,No info,10493,24,3,6,0,0,565.0,545
Air India,Delhi,Cochin,DEL ? BHO ? BOM ? COK,19:15 10 Mar,No info,16111,9,3,5,0,0,1200.0,1395
Air India,Delhi,Cochin,DEL ? GOI ? BOM ? COK,19:15 10 Jun,No info,10651,9,6,6,0,0,1320.0,1275
IndiGo,Delhi,Cochin,DEL ? HYD ? COK,16:10,No info,6600,27,5,0,0,0,305.0,665
Jet Airways,Delhi,Cochin,DEL ? NAG ? BOM ? COK,12:35 13 Jun,In-flight meal not included,10919,12,6,2,0,0,875.0,1320
IndiGo,Kolkata,Banglore,CCU ? BLR,12:55,No info,5198,21,3,3,0,0,610.0,165
Air India,Banglore,New Delhi,BLR ? BOM ? JDH ? DEL,16:20 13 Mar,No info,12778,12,3,1,0,0,530.0,1890
IndiGo,Mumbai,Hyderabad,BOM ? HYD,20:30,No info,2754,27,3,2,0,0,1145.0,85
Jet Airways,Delhi,Cochin,DEL ? AMD ? BOM ? COK,19:00 10 May,No info,15129,9,5,3,0,0,1385.0,1195
IndiGo,Delhi,Cochin,DEL ? BOM ? COK,01:30 10 May,No info,7255,9,5,3,0,0,1225.0,305
Multiple carriers,Delhi,Cochin,DEL ? BOM ? COK,13:20,No info,14486,21,3,3,0,0,425.0,375
GoAir,Delhi,Cochin,DEL ? BOM ? COK,12:55,No info,6591,21,4,6,0,0,420.0,355
SpiceJet,Banglore,Delhi,BLR ? DEL,00:05 22 May,No check-in baggage included,3573,21,5,1,0,0,1270.0,175
Jet Airways,Delhi,Cochin,DEL ? BOM ? COK,12:35 02 Jun,In-flight meal not included,10262,1,6,5,0,0,900.0,1295
Jet Airways,Kolkata,Banglore,CCU ? BOM ? BLR,10:05 16 May,No info,14388,15,5,2,0,0,1135.0,910
Jet Airways,Delhi,Cochin,DEL ? BOM ? COK,19:00 04 Jun,No info,14714,3,6,0,0,0,1050.0,1530
Jet Airways,Delhi,Cochin,DEL ? JAI ? BOM ? COK,12:35 13 Jun,In-flight meal not included,10368,12,6,2,0,0,1170.0,1025
SpiceJet,Chennai,Kolkata,MAA ? CCU,12:05,No info,3384,21,3,3,0,0,570.0,155
Air India,Kolkata,Banglore,CCU ? BBI ? BLR,13:40 25 Mar,No info,7742,24,3,6,0,0,720.0,1540
IndiGo,Delhi,Cochin,DEL ? BLR ? COK,07:45,No info,6386,9,6,6,0,0,120.0,345
Jet Airways,Banglore,Delhi,BLR ? DEL,22:00,In-flight meal not included,7229,6,6,3,0,0,1135.0,185
Air India,Kolkata,Banglore,CCU ? BOM ? BLR,18:30,No info,8891,6,5,0,0,0,565.0,545
Multiple carriers,Delhi,Cochin,DEL ? BOM ? COK,21:00,No info,13587,1,6,5,0,0,780.0,480
IndiGo,Delhi,Cochin,DEL ? BOM ? COK,13:20,No info,8227,27,3,2,0,0,450.0,350
Air India,Kolkata,Banglore,CCU ? GAU ? DEL ? BLR,23:15,No info,12125,1,4,0,0,0,590.0,805
SpiceJet,Kolkata,Banglore,CCU ? BLR,00:40 16 Jun,No info,3873,15,6,5,0,0,1340.0,140
Multiple carriers,Delhi,Cochin,DEL ? BOM ? COK,01:30 13 Jun,No info,13377,12,6,2,0,0,960.0,570
Jet Airways,Kolkata,Banglore,CCU ? DEL ? BLR,23:35 13 May,No info,10953,12,5,6,0,0,1225.0,1630
SpiceJet,Kolkata,Banglore,CCU ? BLR,09:35,No info,4622,9,3,5,0,0,415.0,160
Jet Airways,Kolkata,Banglore,CCU ? BOM ? BLR,10:05 25 Mar,No info,14231,24,3,6,0,0,835.0,1210
Jet Airways,Delhi,Cochin,DEL ? BOM ? COK,19:00 25 Jun,In-flight meal not included,10262,24,6,0,0,0,1310.0,1270
IndiGo,Banglore,Delhi,BLR ? DEL,01:00 16 Apr,No info,3943,15,4,0,0,0,1330.0,170
Vistara,Kolkata,Banglore,CCU ? DEL ? BLR,20:20 13 May,No info,8610,12,5,6,0,0,1220.0,1440
Multiple carriers,Delhi,Cochin,DEL ? HYD ? COK,22:20,No info,6717,21,3,3,0,0,425.0,915
Multiple carriers,Delhi,Cochin,DEL ? BOM ? COK,19:00,No info,10877,24,6,0,0,0,510.0,630
IndiGo,Kolkata,Banglore,CCU ? HYD ? BLR,20:05,No info,4775,1,5,2,0,0,915.0,290
Jet Airways,Kolkata,Banglore,CCU ? BOM ? BLR,22:35,No info,14571,9,6,6,0,0,990.0,365
SpiceJet,Banglore,New Delhi,BLR ? DEL,12:30,No check-in baggage included,6205,24,3,6,0,0,575.0,175
Jet Airways,Kolkata,Banglore,CCU ? DEL ? BLR,18:00 19 May,No info,14151,18,5,5,0,0,1225.0,1295
Multiple carriers,Delhi,Cochin,DEL ? BOM ? COK,21:00,No info,6637,27,3,2,0,0,700.0,560
Air India,Banglore,New Delhi,BLR ? TRV ? COK ? DEL,10:50 07 Mar,No info,12074,3,3,6,0,0,450.0,1640
IndiGo,Kolkata,Banglore,CCU ? BLR,14:05,No info,4804,21,6,4,0,0,690.0,155
IndiGo,Kolkata,Banglore,CCU ? PNQ ? BLR,02:15 07 May,No info,7252,6,5,0,0,0,1260.0,315
IndiGo,Delhi,Cochin,DEL ? HYD ? COK,12:10,No info,6069,3,6,0,0,0,455.0,275
Jet Airways,Delhi,Cochin,DEL ? BOM ? COK,19:00,No info,15554,9,5,3,0,0,690.0,450
IndiGo,Chennai,Kolkata,MAA ? CCU,18:25,No info,3850,18,5,5,0,0,940.0,165
Air India,Delhi,Cochin,DEL ? JAI ? BOM ? COK,19:15 19 May,No info,12940,18,5,5,0,0,1125.0,1470
SpiceJet,Kolkata,Banglore,CCU ? IXB ? BLR,18:30,No info,8844,1,5,2,0,0,675.0,435
Jet Airways,Delhi,Cochin,DEL ? BOM ? COK,19:00,In-flight meal not included,15190,12,6,2,0,0,425.0,715
Jet Airways,Banglore,New Delhi,BLR ? BOM ? DEL,16:10,In-flight meal not included,9134,15,3,4,0,0,480.0,490
Jet Airways,Delhi,Cochin,DEL ? BOM ? COK,12:35 10 Apr,No info,11822,9,4,1,0,0,1255.0,940
Multiple carriers,Delhi,Cochin,DEL ? BOM ? COK,01:30 10 May,No info,15078,9,5,3,0,0,900.0,630
SpiceJet,Mumbai,Hyderabad,BOM ? HYD,00:10 02 Mar,No info,11005,1,3,4,0,0,1365.0,85
IndiGo,Delhi,Cochin,DEL ? BOM ? COK,01:35 22 Mar,No info,7006,21,3,3,0,0,900.0,635
IndiGo,Banglore,New Delhi,BLR ? HYD ? DEL,21:50,No info,4259,9,3,5,0,0,1015.0,295
Air India,Delhi,Cochin,DEL ? HYD ? BOM ? COK,19:15 10 Mar,No info,11762,9,3,5,0,0,1290.0,1305
Jet Airways,Banglore,New Delhi,BLR ? BOM ? DEL,09:00 19 Mar,In-flight meal not included,8147,24,3,6,0,0,535.0,1445
SpiceJet,Kolkata,Banglore,CCU ? BLR,09:30,No check-in baggage included,3841,27,5,0,0,0,415.0,155
IndiGo,Kolkata,Banglore,CCU ? BLR,19:50,No info,4174,3,4,2,0,0,1035.0,155
Jet Airways,Delhi,Cochin,DEL ? BOM ? COK,04:25 28 May,In-flight meal not included,12898,27,5,0,0,0,1050.0,655
SpiceJet,Delhi,Cochin,DEL ? MAA ? COK,22:05,No info,5583,6,6,3,0,0,945.0,380
Jet Airways,Delhi,Cochin,DEL ? BOM ? COK,19:00,In-flight meal not included,10262,6,6,3,0,0,690.0,450
Jet Airways,Banglore,Delhi,BLR ? DEL,08:45,No info,7229,6,5,0,0,0,360.0,165
Jet Airways,Delhi,Cochin,DEL ? JAI ? BOM ? COK,04:25 22 May,No info,15129,21,5,1,0,0,330.0,1375
Vistara,Banglore,Delhi,BLR ? DEL,23:50,No info,4668,9,6,6,0,0,1260.0,170
IndiGo,Banglore,Delhi,BLR ? DEL,21:20,No info,4990,18,4,3,0,0,1105.0,175
IndiGo,Kolkata,Banglore,CCU ? BLR,00:55 25 Mar,No info,6985,24,3,6,0,0,1330.0,165
IndiGo,Banglore,Delhi,BLR ? DEL,19:55,No info,4823,3,4,2,0,0,1015.0,180
Vistara,Kolkata,Banglore,CCU ? DEL ? BLR,18:50,No info,9345,18,5,5,0,0,430.0,700
Jet Airways,Kolkata,Banglore,CCU ? BOM ? BLR,16:20 16 May,In-flight meal not included,10844,15,5,2,0,0,845.0,1575
Jet Airways,Delhi,Cochin,DEL ? IDR ? BOM ? COK,12:35 10 May,No info,14657,9,5,3,0,0,575.0,1620
IndiGo,Delhi,Cochin,DEL ? HYD ? COK,16:10,No info,6818,3,6,0,0,0,305.0,665
Air India,Delhi,Cochin,DEL ? NAG ? BOM ? COK,07:40 16 May,No info,11543,15,5,2,0,0,355.0,1545
SpiceJet,Mumbai,Hyderabad,BOM ? HYD,00:10 25 Mar,No check-in baggage included,2175,24,3,6,0,0,1365.0,85
Jet Airways,Kolkata,Banglore,CCU ? BOM ? BLR,16:20 07 Jun,In-flight meal not included,10844,6,6,3,0,0,1135.0,1285
Jet Airways,Mumbai,Hyderabad,BOM ? HYD,08:30,No info,8040,1,4,0,0,0,425.0,85
Jet Airways,Kolkata,Banglore,CCU ? BOM ? BLR,20:45,No info,14571,6,6,3,0,0,505.0,740
Jet Airways,Kolkata,Banglore,CCU ? BOM ? BLR,12:00,No info,14571,9,6,6,0,0,390.0,330
Jet Airways,Delhi,Cochin,DEL ? BOM ? COK,12:35 22 May,In-flight meal not included,12898,21,5,1,0,0,960.0,1235
Multiple carriers,Delhi,Cochin,DEL ? BOM ? COK,19:15,No info,14848,12,6,2,0,0,600.0,555
Multiple carriers,Delhi,Cochin,DEL ? BOM ? COK,01:30 19 May,No info,8283,18,5,5,0,0,1140.0,390
Jet Airways,Banglore,Delhi,BLR ? DEL,18:10,No info,7229,21,4,6,0,0,915.0,175
Multiple carriers,Delhi,Cochin,DEL ? BOM ? COK,01:30 19 May,No info,8405,18,5,5,0,0,700.0,830
Jet Airways,Delhi,Cochin,DEL ? BHO ? BOM ? COK,04:25 04 Mar,No info,19266,3,3,6,0,0,340.0,1365
Air India,Delhi,Cochin,DEL ? BLR ? COK,08:15 07 Mar,No info,11038,6,3,2,0,0,1060.0,875
Jet Airways,Banglore,Delhi,BLR ? DEL,22:00,No info,8016,12,6,2,0,0,1135.0,185
SpiceJet,Chennai,Kolkata,MAA ? CCU,20:05,No info,3384,21,3,3,0,0,1065.0,140
IndiGo,Delhi,Cochin,DEL ? BOM ? COK,01:30 10 Apr,No info,6573,9,4,1,0,0,1115.0,415
Jet Airways,Delhi,Cochin,DEL ? AMD ? BOM ? COK,19:00 25 Jun,No info,12819,24,6,0,0,0,1385.0,1195
Jet Airways,Delhi,Cochin,DEL ? JAI ? BOM ? COK,04:25 22 May,No info,15129,21,5,1,0,0,580.0,1125
IndiGo,Banglore,Delhi,BLR ? DEL,02:20 28 Jun,No info,3943,27,6,3,0,0,1410.0,170
Jet Airways,Banglore,New Delhi,BLR ? BOM ? DEL,12:15 19 Mar,In-flight meal not included,7832,24,3,6,0,0,1370.0,805
IndiGo,Banglore,New Delhi,BLR ? DEL,10:05,No info,6860,24,3,6,0,0,430.0,175
IndiGo,Banglore,Delhi,BLR ? DEL,21:20,No info,4823,12,5,6,0,0,1105.0,175
Air India,Banglore,Delhi,BLR ? DEL,19:45,No info,5228,6,5,0,0,0,1020.0,165
Jet Airways,Kolkata,Banglore,CCU ? BOM ? BLR,19:50,No info,13364,1,4,0,0,0,845.0,345
Jet Airways,Banglore,New Delhi,BLR ? BOM ? DEL,07:40 16 Mar,No info,13555,18,3,0,0,0,1015.0,885
IndiGo,Chennai,Kolkata,MAA ? CCU,00:25 07 Mar,No info,5277,6,3,2,0,0,1325.0,140
Air India,Kolkata,Banglore,CCU ? DEL ? COK ? BLR,01:20 13 May,No info,13243,12,5,6,0,0,420.0,1100
Multiple carriers,Delhi,Cochin,DEL ? BOM ? COK,19:00,No info,9794,9,5,3,0,0,360.0,780
Jet Airways,Banglore,Delhi,BLR ? DEL,08:45,No info,8016,6,6,3,0,0,360.0,165
Multiple carriers,Delhi,Cochin,DEL ? BOM ? COK,01:30 02 Jun,No info,13377,1,6,5,0,0,1050.0,480
Jet Airways,Kolkata,Banglore,CCU ? DEL ? BLR,22:05 10 Jun,No info,12692,9,6,6,0,0,1020.0,1745
Air India,Kolkata,Banglore,CCU ? JAI ? BOM ? BLR,18:30,No info,10697,6,6,3,0,0,500.0,610
SpiceJet,Chennai,Kolkata,MAA ? CCU,12:05,No info,3384,27,3,2,0,0,570.0,155
IndiGo,Delhi,Cochin,DEL ? HYD ? COK,22:30,No info,6734,9,5,3,0,0,410.0,940
Jet Airways,Kolkata,Banglore,CCU ? BOM ? BLR,09:20 07 Jun,In-flight meal not included,10844,6,6,3,0,0,1200.0,800
Air India,Banglore,Delhi,BLR ? DEL,23:55,No info,5228,24,5,4,0,0,1265.0,170
Air India,Kolkata,Banglore,CCU ? BOM ? BLR,11:10 25 May,No info,8891,24,5,4,0,0,565.0,1545
IndiGo,Chennai,Kolkata,MAA ? CCU,10:15,No info,3384,27,3,2,0,0,475.0,140
Multiple carriers,Delhi,Cochin,DEL ? BOM ? COK,21:00,No info,17057,3,3,6,0,0,480.0,780
IndiGo,Kolkata,Banglore,CCU ? HYD ? BLR,23:45,No info,3480,3,4,2,0,0,1160.0,265
SpiceJet,Banglore,Delhi,BLR ? DEL,12:20,No info,4423,3,5,4,0,0,570.0,170
Jet Airways,Kolkata,Banglore,CCU ? BOM ? BLR,04:40 10 Jun,No info,14178,9,6,6,0,0,390.0,1330
SpiceJet,Delhi,Cochin,DEL ? PNQ ? COK,13:15,No check-in baggage included,4760,24,6,0,0,0,525.0,270
Jet Airways,Kolkata,Banglore,CCU ? DEL ? BLR,09:45 02 Apr,No info,14151,1,4,0,0,0,1225.0,800
Jet Airways,Kolkata,Banglore,CCU ? BOM ? BLR,16:20 02 Apr,No info,12681,1,4,0,0,0,1200.0,1220
Jet Airways,Delhi,Cochin,DEL ? COK,14:15,In-flight meal not included,4886,3,4,2,0,0,660.0,195
Air Asia,Kolkata,Banglore,CCU ? BLR,12:55,No info,3807,21,6,4,0,0,620.0,155
IndiGo,Kolkata,Banglore,CCU ? BLR,07:15,No info,4804,18,5,5,0,0,280.0,155
IndiGo,Banglore,New Delhi,BLR ? HYD ? DEL,12:20,No info,5694,9,3,5,0,0,450.0,290
Multiple carriers,Delhi,Cochin,DEL ? BOM ? COK,19:00,No info,10197,24,5,4,0,0,540.0,600
IndiGo,Banglore,Delhi,BLR ? DEL,02:20 16 Jun,No info,4077,15,6,5,0,0,1410.0,170
Jet Airways,Kolkata,Banglore,CCU ? BOM ? BLR,18:15,No info,14781,1,5,2,0,0,390.0,705
IndiGo,Kolkata,Banglore,CCU ? BLR,14:05,No info,5224,9,5,3,0,0,690.0,155
IndiGo,Kolkata,Banglore,CCU ? BLR,00:05 25 Apr,No info,4804,24,4,2,0,0,1285.0,160
Jet Airways,Kolkata,Banglore,CCU ? BOM ? BLR,04:40 22 May,In-flight meal not included,8586,21,5,1,0,0,390.0,1330
Air India,Kolkata,Banglore,CCU ? BBI ? BLR,13:15 22 May,No info,7662,21,5,1,0,0,720.0,1515
Jet Airways,Delhi,Cochin,DEL ? BOM ? COK,18:50,No info,18550,3,3,6,0,0,595.0,535
Vistara,Kolkata,Banglore,CCU ? DEL ? BLR,23:25,No info,8610,12,6,2,0,0,1020.0,385
Jet Airways,Banglore,Delhi,BLR ? DEL,10:10,No info,7229,1,5,2,0,0,430.0,180
Air India,Kolkata,Banglore,CCU ? DEL ? AMD ? BLR,05:25 07 Jun,No info,12009,6,6,3,0,0,600.0,1165
Jet Airways,Kolkata,Banglore,CCU ? DEL ? BLR,21:05 19 May,No info,14151,18,5,5,0,0,1020.0,1685
Air India,Delhi,Cochin,DEL ? COK,08:00,No info,4729,9,4,1,0,0,310.0,170
Air India,Delhi,Cochin,DEL ? COK,08:00,No info,7931,3,3,6,0,0,310.0,170
Jet Airways,Delhi,Cochin,DEL ? BOM ? COK,12:35 22 May,In-flight meal not included,12898,21,5,1,0,0,690.0,1505
Jet Airways,Delhi,Cochin,DEL ? BOM ? COK,04:25 10 Mar,No info,16289,9,3,5,0,0,410.0,1295
Jet Airways,Delhi,Cochin,DEL ? IDR ? BOM ? COK,19:00 04 Jun,No info,13292,3,6,0,0,0,1285.0,1295
Multiple carriers,Delhi,Cochin,DEL ? BOM ? COK,21:00,No info,7618,27,5,0,0,0,480.0,780
Multiple carriers,Delhi,Cochin,DEL ? BOM ? COK,01:30 16 Jun,No info,13377,15,6,5,0,0,1095.0,435
Air Asia,Kolkata,Banglore,CCU ? DEL ? BLR,23:30,No info,5192,12,6,2,0,0,455.0,955
Multiple carriers,Delhi,Cochin,DEL ? BOM ? COK,19:15,In-flight meal not included,7268,24,6,0,0,0,700.0,455
Jet Airways,Kolkata,Banglore,CCU ? DEL ? BLR,09:45 25 May,In-flight meal not included,12384,24,5,4,0,0,1225.0,800
IndiGo,Banglore,New Delhi,BLR ? DEL,06:50,No info,5694,15,3,4,0,0,240.0,170
Jet Airways,Banglore,New Delhi,BLR ? BOM ? JDH ? DEL,15:55,No info,16338,18,3,0,0,0,535.0,420
Multiple carriers,Delhi,Cochin,DEL ? BOM ? COK,01:30 07 Jun,No info,7198,6,6,3,0,0,780.0,750
Jet Airways,Delhi,Cochin,DEL ? BOM ? COK,18:50,In-flight meal not included,6540,21,3,3,0,0,480.0,650
Jet Airways,Mumbai,Hyderabad,BOM ? HYD,21:05,In-flight meal not included,3210,3,6,0,0,0,1175.0,90
SpiceJet,Kolkata,Banglore,CCU ? BLR,09:30,No info,3873,18,6,1,0,0,415.0,155
Air Asia,Banglore,Delhi,BLR ? DEL,13:55,No info,4483,21,4,6,0,0,670.0,165
Air Asia,Delhi,Cochin,DEL ? BLR ? COK,22:25,No info,6752,15,5,2,0,0,1005.0,340
IndiGo,Banglore,Delhi,BLR ? DEL,10:05,No info,4823,12,4,4,0,0,430.0,175
Air India,Kolkata,Banglore,CCU ? DEL ? BLR,08:55 07 May,No info,10203,6,5,0,0,0,1230.0,745
SpiceJet,Kolkata,Banglore,CCU ? BLR,00:40 19 May,No info,3873,18,5,5,0,0,1340.0,140
SpiceJet,Mumbai,Hyderabad,BOM ? HYD,14:30,No info,2017,27,3,2,0,0,790.0,80
Jet Airways,Kolkata,Banglore,CCU ? BOM ? BLR,04:40 07 Jun,In-flight meal not included,8586,6,6,3,0,0,505.0,1215
Jet Airways,Banglore,New Delhi,BLR ? BOM ? DEL,10:25 02 Mar,1 Long layover,31825,1,3,4,0,0,1370.0,695
Air India,Kolkata,Banglore,CCU ? DEL ? COK ? BLR,13:45 16 May,No info,16057,15,5,2,0,0,600.0,1665
Jet Airways,Delhi,Cochin,DEL ? BOM ? COK,04:25 07 Jun,In-flight meal not included,10262,6,6,3,0,0,135.0,1570
IndiGo,Delhi,Cochin,DEL ? BOM ? COK,01:30 02 Jun,No info,6593,1,6,5,0,0,1225.0,305
SpiceJet,Banglore,Delhi,BLR ? DEL,00:05 25 Jun,No info,3971,24,6,0,0,0,1270.0,175
Jet Airways,Delhi,Cochin,DEL ? BOM ? COK,18:50 10 Mar,No info,16289,9,3,5,0,0,1155.0,1415
Jet Airways,Kolkata,Banglore,CCU ? DEL ? BLR,09:45 02 May,In-flight meal not included,9314,1,5,2,0,0,575.0,1450
Jet Airways,Banglore,Delhi,BLR ? DEL,20:45,In-flight meal not included,4030,21,5,1,0,0,1065.0,180
Multiple carriers,Delhi,Cochin,DEL ? BOM ? COK,21:00,No info,13587,12,6,2,0,0,840.0,420
Jet Airways,Kolkata,Banglore,CCU ? DEL ? BLR,18:00 02 May,In-flight meal not included,9314,1,5,2,0,0,1225.0,1295
Air Asia,Delhi,Cochin,DEL ? BLR ? COK,07:10 16 Jun,No info,6253,15,6,5,0,0,1245.0,625
Air Asia,Kolkata,Banglore,CCU ? DEL ? BLR,23:30,No info,5192,15,4,0,0,0,455.0,955
Air India,Kolkata,Banglore,CCU ? BOM ? COK ? BLR,13:45 02 May,No info,16372,1,5,2,0,0,565.0,1700
Vistara,Banglore,Delhi,BLR ? DEL,14:20,No info,5403,24,4,2,0,0,690.0,170
Multiple carriers,Delhi,Cochin,DEL ? BOM ? COK,18:50,No info,11200,27,3,2,0,0,690.0,440
IndiGo,Chennai,Kolkata,MAA ? CCU,14:00,No info,3858,12,6,2,0,0,695.0,145
IndiGo,Kolkata,Banglore,CCU ? BLR,18:05,No info,4174,6,4,5,0,0,930.0,155
Air India,Delhi,Cochin,DEL ? COK,21:10,No info,5411,27,4,5,0,0,1085.0,185
IndiGo,Mumbai,Hyderabad,BOM ? HYD,18:25,No info,3175,15,5,2,0,0,1015.0,90
IndiGo,Chennai,Kolkata,MAA ? CCU,17:05,No info,3858,24,5,4,0,0,885.0,140
Jet Airways,Kolkata,Banglore,CCU ? BOM ? BLR,04:40 02 May,No info,13941,1,5,2,0,0,1200.0,520
Air India,Delhi,Cochin,DEL ? HYD ? BOM ? COK,19:15 16 Jun,No info,12182,15,6,5,0,0,795.0,1800
IndiGo,Banglore,Delhi,BLR ? DEL,19:55,No info,4990,21,6,4,0,0,1015.0,180
Jet Airways,Kolkata,Banglore,CCU ? DEL ? BLR,22:05 10 Jun,In-flight meal not included,10539,9,6,6,0,0,1225.0,1540
IndiGo,Banglore,New Delhi,BLR ? DEL,13:00,No info,6860,9,3,5,0,0,605.0,175
Vistara,Delhi,Cochin,DEL ? COK,17:50,No info,8001,6,3,2,0,0,895.0,175
Jet Airways,Delhi,Cochin,DEL ? BOM ? COK,19:00 28 Jun,In-flight meal not included,10262,27,6,3,0,0,1370.0,1210
Vistara,Kolkata,Banglore,CCU ? DEL ? BLR,23:25,No info,8085,6,5,0,0,0,1020.0,385
IndiGo,Banglore,Delhi,BLR ? DEL,03:15,No info,3419,27,6,3,0,0,25.0,170
Air India,Kolkata,Banglore,CCU ? DEL ? COK ? BLR,13:45 02 May,No info,15164,1,5,2,0,0,600.0,1665
IndiGo,Kolkata,Banglore,CCU ? BLR,20:00,No info,6565,24,3,6,0,0,1035.0,165
Jet Airways,Delhi,Cochin,DEL ? IDR ? BOM ? COK,18:50,In-flight meal not included,9254,27,3,2,0,0,325.0,805
Air Asia,Kolkata,Banglore,CCU ? BBI ? BLR,10:30,No info,6857,6,6,3,0,0,410.0,220
Air India,Kolkata,Banglore,CCU ? DEL ? COK ? BLR,01:20 13 May,No info,12140,12,5,6,0,0,420.0,1100
SpiceJet,Kolkata,Banglore,CCU ? BLR,11:25,No check-in baggage included,3841,6,6,3,0,0,540.0,145
Jet Airways,Kolkata,Banglore,CCU ? BOM ? BLR,19:50,No info,14781,6,5,0,0,0,505.0,685
Air India,Delhi,Cochin,DEL ? BOM ? COK,07:40 19 May,No info,8372,18,5,5,0,0,600.0,1300
Air India,Kolkata,Banglore,CCU ? GAU ? IMF ? DEL ? BLR,23:15 02 Apr,No info,8607,1,4,0,0,0,1005.0,1830
Multiple carriers,Delhi,Cochin,DEL ? BOM ? COK,21:00,No info,13587,24,6,0,0,0,600.0,660
Jet Airways,Delhi,Cochin,DEL ? BOM ? COK,04:25 19 May,No info,15554,18,5,5,0,0,1255.0,450
Jet Airways,Kolkata,Banglore,CCU ? BOM ? BLR,19:50 22 May,In-flight meal not included,10844,21,5,1,0,0,1270.0,1360
IndiGo,Mumbai,Hyderabad,BOM ? HYD,13:30,No info,4392,24,5,4,0,0,720.0,90
Air India,Banglore,Delhi,BLR ? DEL,19:45,No info,6961,27,5,0,0,0,1020.0,165
Air India,Delhi,Cochin,DEL ? BLR ? COK,23:00,No info,8907,18,5,5,0,0,585.0,795
IndiGo,Delhi,Cochin,DEL ? HYD ? COK,22:30,No info,6442,15,6,5,0,0,515.0,835
Jet Airways,Kolkata,Banglore,CCU ? BOM ? BLR,23:35,In-flight meal not included,8586,15,5,2,0,0,845.0,570
Air India,Delhi,Cochin,DEL ? JDH ? BOM ? COK,19:15 16 May,No info,13486,15,5,2,0,0,775.0,1820
Air India,Mumbai,Hyderabad,BOM ? HYD,20:45,No info,3100,6,6,3,0,0,1170.0,75
Jet Airways,Delhi,Cochin,DEL ? UDR ? BOM ? COK,04:25 08 Mar,In-flight meal not included,15812,6,3,2,0,0,1075.0,2070
Air India,Delhi,Cochin,DEL ? COK,21:10,No info,5201,24,4,2,0,0,1085.0,185
IndiGo,Delhi,Cochin,DEL ? HYD ? MAA ? COK,21:20,No info,9413,3,3,6,0,0,455.0,825
Air India,Delhi,Cochin,DEL ? CCU ? BOM ? COK,19:15 07 Jun,No info,13591,6,6,3,0,0,1215.0,1380
Jet Airways,Mumbai,Hyderabad,BOM ? HYD,04:20,No info,5678,1,6,5,0,0,175.0,85
Air India,Banglore,New Delhi,BLR ? HYD ? DEL,23:10,No info,6781,3,3,6,0,0,495.0,895
Jet Airways,Banglore,New Delhi,BLR ? BOM ? DEL,11:25 19 Mar,In-flight meal not included,7832,21,3,3,0,0,1120.0,1005
Jet Airways,Delhi,Cochin,DEL ? BOM ? COK,18:50 10 Mar,In-flight meal not included,14053,9,3,5,0,0,960.0,1610
Jet Airways,Kolkata,Banglore,CCU ? DEL ? BLR,09:45 10 May,In-flight meal not included,10703,9,5,3,0,0,1225.0,800
Multiple carriers,Delhi,Cochin,DEL ? BOM ? COK,01:30 16 May,No info,13727,15,5,2,0,0,1050.0,480
Multiple carriers,Delhi,Cochin,DEL ? BOM ? COK,21:00,No info,7408,24,6,0,0,0,780.0,480
Jet Airways,Banglore,New Delhi,BLR ? BOM ? DEL,11:25 02 Mar,No info,20800,1,3,4,0,0,845.0,1280
Air India,Delhi,Cochin,DEL ? UDR ? BOM ? COK,07:40 04 Jun,No info,11911,3,6,0,0,0,800.0,1100
Vistara,Banglore,Delhi,BLR ? DEL,09:40,No info,5403,3,4,2,0,0,420.0,160
Jet Airways,Kolkata,Banglore,CCU ? DEL ? BLR,19:10,In-flight meal not included,13469,6,6,3,0,0,575.0,575
Jet Airways,Delhi,Cochin,DEL ? IDR ? BOM ? COK,12:35 07 Jun,In-flight meal not included,11270,6,6,3,0,0,1285.0,910
Air Asia,Delhi,Cochin,DEL ? BLR ? COK,06:35 25 Jun,No info,6152,24,6,0,0,0,1245.0,590
Jet Airways,Delhi,Cochin,DEL ? BOM ? COK,04:25 28 Mar,No info,12452,27,3,2,0,0,480.0,1225
Jet Airways,Kolkata,Banglore,CCU ? BOM ? BLR,16:20 16 May,In-flight meal not included,10844,15,5,2,0,0,990.0,1430
IndiGo,Delhi,Cochin,DEL ? HYD ? COK,22:30,No info,8216,18,5,5,0,0,715.0,635
Jet Airways,Kolkata,Banglore,CCU ? BOM ? BLR,19:50,No info,13626,12,6,2,0,0,390.0,800
Multiple carriers,Delhi,Cochin,DEL ? HYD ? MAA ? COK,21:20,No info,7084,6,3,2,0,0,425.0,855
Multiple carriers,Delhi,Cochin,DEL ? BOM ? COK,19:15,No info,7575,9,5,3,0,0,295.0,860
Air India,Banglore,New Delhi,BLR ? HYD ? DEL,08:50 07 Mar,No info,6781,3,3,6,0,0,495.0,1475
Jet Airways,Banglore,Delhi,BLR ? DEL,10:10,In-flight meal not included,6478,6,6,3,0,0,430.0,180
SpiceJet,Mumbai,Hyderabad,BOM ? HYD,07:05,No check-in baggage included,2385,15,3,4,0,0,345.0,80
Multiple carriers,Delhi,Cochin,DEL ? BOM ? COK,21:00,No info,9385,18,5,5,0,0,780.0,480
GoAir,Banglore,Delhi,BLR ? DEL,10:40,No info,5048,18,4,3,0,0,465.0,175
IndiGo,Delhi,Cochin,DEL ? BOM ? COK,01:30 13 Jun,No info,5058,12,6,2,0,0,1225.0,305
Multiple carriers Premium economy,Delhi,Cochin,DEL ? BOM ? COK,13:20,No info,11269,21,3,3,0,0,360.0,440
Multiple carriers,Delhi,Cochin,DEL ? BOM ? COK,01:30 10 Apr,No info,7363,9,4,1,0,0,1140.0,390
Air India,Delhi,Cochin,DEL ? HYD ? BOM ? COK,19:15 10 Mar,No info,11762,9,3,5,0,0,1290.0,1305
Jet Airways,Delhi,Cochin,DEL ? BOM ? COK,04:25 07 Mar,No info,15764,6,3,2,0,0,905.0,800
Jet Airways,Delhi,Cochin,DEL ? BOM ? COK,04:25 13 Jun,In-flight meal not included,10262,12,6,2,0,0,600.0,1105
Jet Airways,Delhi,Cochin,DEL ? NAG ? BOM ? COK,12:35 04 Jun,In-flight meal not included,10919,3,6,0,0,0,875.0,1320
Jet Airways,Delhi,Cochin,DEL ? BOM ? COK,19:00 16 Jun,In-flight meal not included,10262,15,6,5,0,0,1050.0,1530
Air India,Kolkata,Banglore,CCU ? IXR ? DEL ? BLR,23:15,No info,11883,6,5,0,0,0,350.0,1045
SpiceJet,Kolkata,Banglore,CCU ? BLR,00:40 22 Mar,No info,3847,21,3,3,0,0,1340.0,140
Jet Airways,Mumbai,Hyderabad,BOM ? HYD,21:05,No info,5678,12,6,2,0,0,1175.0,90
Vistara,Kolkata,Banglore,CCU ? DEL ? BLR,22:40,No info,8662,12,5,6,0,0,430.0,930
Jet Airways,Delhi,Cochin,DEL ? BOM ? COK,04:25 28 May,In-flight meal not included,12898,27,5,0,0,0,840.0,865
SpiceJet,Banglore,Delhi,BLR ? DEL,00:05 13 May,No info,4423,12,5,6,0,0,1270.0,175
Air India,Delhi,Cochin,DEL ? BLR ? COK,08:15 13 Jun,No info,8991,12,6,2,0,0,1060.0,875
SpiceJet,Delhi,Cochin,DEL ? BLR ? COK,22:50,No info,5409,15,5,2,0,0,1075.0,295
IndiGo,Delhi,Cochin,DEL ? HYD ? COK,16:10,No info,6442,27,4,5,0,0,515.0,455
Air India,Kolkata,Banglore,CCU ? BBI ? BOM ? BLR,21:50,No info,9941,24,5,4,0,0,720.0,590
IndiGo,Delhi,Cochin,DEL ? HYD ? MAA ? COK,21:20,No info,6494,21,3,3,0,0,400.0,880
Multiple carriers,Delhi,Cochin,DEL ? BOM ? COK,01:30 25 Jun,No info,7198,24,6,0,0,0,1020.0,510
SpiceJet,Banglore,New Delhi,BLR ? DEL,08:35,No info,7110,9,3,5,0,0,345.0,170
Jet Airways,Banglore,New Delhi,BLR ? BOM ? DEL,09:30 13 Mar,In-flight meal not included,11087,12,3,1,0,0,1135.0,875
IndiGo,Kolkata,Banglore,CCU ? BLR,22:55,No info,4804,9,5,3,0,0,1220.0,155
IndiGo,Banglore,Delhi,BLR ? DEL,10:05,No info,4823,15,6,5,0,0,430.0,175
Jet Airways,Kolkata,Banglore,CCU ? DEL ? BLR,19:10,No info,14151,12,5,6,0,0,575.0,575
Multiple carriers,Delhi,Cochin,DEL ? BOM ? COK,19:00,In-flight meal not included,10791,27,6,3,0,0,360.0,780
Vistara,Kolkata,Banglore,CCU ? DEL ? BLR,09:05 02 Apr,No info,7980,1,4,0,0,0,430.0,1555
Air India,Delhi,Cochin,DEL ? TRV ? COK,06:50 28 Apr,No info,6587,27,4,5,0,0,315.0,1535
Vistara,Chennai,Kolkata,MAA ? CCU,09:20,No info,3687,6,5,0,0,0,425.0,135
Air India,Delhi,Cochin,DEL ? JAI ? BOM ? COK,19:15 16 May,No info,13307,15,5,2,0,0,1125.0,1470
Air India,Mumbai,Hyderabad,BOM ? HYD,16:25,No info,2050,24,3,6,0,0,900.0,85
Multiple carriers,Delhi,Cochin,DEL ? BOM ? COK,19:00,No info,10197,9,5,3,0,0,540.0,600
Vistara,Banglore,Delhi,BLR ? DEL,23:50,No info,4668,24,6,0,0,0,1260.0,170
IndiGo,Banglore,Delhi,BLR ? DEL,15:50,No info,4990,24,5,4,0,0,780.0,170
IndiGo,Mumbai,Hyderabad,BOM ? HYD,07:55,No info,4049,24,5,4,0,0,385.0,90
Multiple carriers,Delhi,Cochin,DEL ? BOM ? COK,21:00,No info,7933,15,6,5,0,0,540.0,720
IndiGo,Mumbai,Hyderabad,BOM ? HYD,10:40,No info,4049,6,5,0,0,0,550.0,90
Jet Airways,Delhi,Cochin,DEL ? BOM ? COK,04:25 28 Mar,In-flight meal not included,6645,27,3,2,0,0,425.0,1280
Jet Airways,Mumbai,Hyderabad,BOM ? HYD,10:15,No info,8040,18,6,1,0,0,525.0,90
Multiple carriers,Delhi,Cochin,DEL ? BOM ? COK,01:35 22 Mar,No info,8098,21,3,3,0,0,780.0,755
Jet Airways,Delhi,Cochin,DEL ? BOM ? COK,19:00,In-flight meal not included,10262,3,6,0,0,0,135.0,1005
Jet Airways,Banglore,New Delhi,BLR ? BOM ? DEL,07:40 16 Mar,No info,12284,18,3,0,0,0,1120.0,780
Jet Airways,Delhi,Cochin,DEL ? BOM ? COK,19:00 04 Jun,In-flight meal not included,10262,3,6,0,0,0,900.0,1680
IndiGo,Banglore,Delhi,BLR ? DEL,22:50,No info,4990,12,4,4,0,0,1200.0,170
Air India,Banglore,New Delhi,BLR ? BOM ? NAG ? DEL,10:35 16 Mar,No info,12568,18,3,0,0,0,1045.0,1030
Jet Airways,Kolkata,Banglore,CCU ? BOM ? BLR,23:35,In-flight meal not included,11841,6,5,0,0,0,845.0,570
Jet Airways,Delhi,Cochin,DEL ? BOM ? COK,12:35,No info,18371,15,6,5,0,0,135.0,620
SpiceJet,Banglore,New Delhi,BLR ? PNQ ? DEL,18:15,No info,23267,1,3,4,0,0,620.0,475
Jet Airways,Kolkata,Banglore,CCU ? DEL ? BLR,23:35,No info,13067,1,5,2,0,0,575.0,840
IndiGo,Chennai,Kolkata,MAA ? CCU,00:25 22 Jun,No info,5277,21,6,4,0,0,1325.0,140
Air India,Delhi,Cochin,DEL ? HYD ? BOM ? COK,07:40 28 May,No info,13879,27,5,0,0,0,1035.0,865
IndiGo,Kolkata,Banglore,CCU ? BLR,19:50,No info,4174,9,4,1,0,0,1035.0,155
Air India,Delhi,Cochin,DEL ? AMD ? BOM ? COK,19:15 10 May,No info,10178,9,5,3,0,0,1185.0,1410
Jet Airways,Delhi,Cochin,DEL ? LKO ? BOM ? COK,04:25 13 Jun,No info,13882,12,6,2,0,0,705.0,1000
Vistara,Banglore,Delhi,BLR ? DEL,22:15,No info,4878,21,5,1,0,0,1170.0,165
Vistara,Banglore,Delhi,BLR ? DEL,12:35,No info,4668,27,6,3,0,0,585.0,170
Jet Airways,Kolkata,Banglore,CCU ? BOM ? BLR,22:35 22 May,In-flight meal not included,10844,21,5,1,0,0,1200.0,1595
Multiple carriers,Delhi,Cochin,DEL ? BOM ? COK,21:00,No info,7005,27,6,3,0,0,525.0,735
Jet Airways,Delhi,Cochin,DEL ? BOM ? COK,12:35,In-flight meal not included,12898,21,5,1,0,0,135.0,620
Air India,Delhi,Cochin,DEL ? BOM ? COK,19:15,No info,9929,15,6,5,0,0,230.0,925
Jet Airways,Delhi,Cochin,DEL ? BOM ? COK,19:00,No info,14714,1,6,5,0,0,600.0,540
Air India,Delhi,Cochin,DEL ? COK,08:00,No info,6094,21,4,6,0,0,310.0,170
Jet Airways,Banglore,New Delhi,BLR ? BOM ? DEL,23:00,No info,16736,6,3,2,0,0,700.0,680
Jet Airways,Banglore,Delhi,BLR ? DEL,14:05,No info,7229,3,4,2,0,0,670.0,175
Multiple carriers,Delhi,Cochin,DEL ? BOM ? COK,12:35,No info,8882,18,5,5,0,0,295.0,460
Multiple carriers,Delhi,Cochin,DEL ? BOM ? COK,19:00,No info,10197,9,5,3,0,0,480.0,660
IndiGo,Kolkata,Banglore,CCU ? BLR,22:55,No info,4804,12,5,6,0,0,1220.0,155
IndiGo,Delhi,Cochin,DEL ? BOM ? COK,13:20,No info,13628,3,3,6,0,0,450.0,350
Vistara,Delhi,Cochin,DEL ? COK,17:50,No info,6216,27,5,0,0,0,880.0,190
Air India,Delhi,Cochin,DEL ? TRV ? COK,06:50 22 May,No info,7480,21,5,1,0,0,315.0,1535
Air India,Kolkata,Banglore,CCU ? DEL ? BLR,16:15,No info,11936,12,6,2,0,0,600.0,375
SpiceJet,Chennai,Kolkata,MAA ? CCU,10:35,No info,3859,18,3,0,0,0,500.0,135
Jet Airways,Kolkata,Banglore,CCU ? BOM ? BLR,10:05 13 May,In-flight meal not included,8586,12,5,6,0,0,1200.0,845
Vistara,Banglore,New Delhi,BLR ? DEL,00:05 02 Mar,No info,21730,1,3,4,0,0,1270.0,175
IndiGo,Delhi,Cochin,DEL ? BOM ? COK,01:30 02 Jun,No info,6628,1,6,5,0,0,1030.0,500
Air India,Kolkata,Banglore,CCU ? BBI ? BOM ? BLR,07:55 02 May,No info,10151,1,5,2,0,0,720.0,1195
Jet Airways,Kolkata,Banglore,CCU ? DEL ? BLR,14:25 22 May,No info,11467,21,5,1,0,0,1020.0,1285
IndiGo,Delhi,Cochin,DEL ? BLR ? COK,10:05,No info,7010,15,6,5,0,0,310.0,295
Jet Airways,Banglore,Delhi,BLR ? DEL,20:45,No info,7229,3,4,2,0,0,1065.0,180
IndiGo,Banglore,New Delhi,BLR ? DEL,16:10,No info,8033,9,3,5,0,0,790.0,180
Jet Airways,Banglore,Delhi,BLR ? DEL,14:05,No info,7229,18,5,5,0,0,670.0,175
IndiGo,Kolkata,Banglore,CCU ? PNQ ? BLR,02:15 10 Jun,No info,6911,9,6,6,0,0,1260.0,315
Jet Airways,Delhi,Cochin,DEL ? ATQ ? BOM ? COK,19:00 28 Jun,No info,14300,27,6,3,0,0,1200.0,1380
Air India,Kolkata,Banglore,CCU ? DEL ? COK ? BLR,01:20 10 Jun,No info,13033,9,6,6,0,0,420.0,1100
IndiGo,Banglore,Delhi,BLR ? DEL,06:50,No info,3943,24,5,4,0,0,240.0,170
SpiceJet,Banglore,New Delhi,BLR ? DEL,12:30,No info,6205,9,3,5,0,0,575.0,175
IndiGo,Delhi,Cochin,DEL ? BOM ? COK,21:00,No info,14871,6,3,2,0,0,690.0,570
Jet Airways,Mumbai,Hyderabad,BOM ? HYD,04:20,No info,5678,18,5,5,0,0,175.0,85
Multiple carriers,Delhi,Cochin,DEL ? BOM ? COK,19:15,No info,16108,1,6,5,0,0,690.0,465
Jet Airways,Banglore,New Delhi,BLR ? BOM ? DEL,09:30 07 Mar,No info,17261,6,3,2,0,0,1235.0,775
SpiceJet,Banglore,Delhi,BLR ? DEL,08:35,No info,3311,12,5,6,0,0,355.0,160
IndiGo,Kolkata,Banglore,CCU ? BLR,14:05,No info,4174,12,4,4,0,0,690.0,155
IndiGo,Banglore,Delhi,BLR ? DEL,19:45,No info,4823,9,6,6,0,0,1015.0,170
Air India,Banglore,New Delhi,BLR ? COK ? DEL,13:20 13 Mar,No info,8425,9,3,5,0,0,1320.0,920
Jet Airways,Banglore,Delhi,BLR ? DEL,14:05,No info,7229,15,5,2,0,0,670.0,175
GoAir,Delhi,Cochin,DEL ? BOM ? COK,19:35,No info,5281,9,6,6,0,0,635.0,540
Jet Airways,Delhi,Cochin,DEL ? BOM ? COK,04:25 10 Mar,No info,17549,9,3,5,0,0,480.0,1225
Multiple carriers,Delhi,Cochin,DEL ? BOM ? COK,21:00,No info,13797,3,6,0,0,0,480.0,780
IndiGo,Banglore,Delhi,BLR ? DEL,11:20,No info,4823,12,4,4,0,0,510.0,170
Air India,Delhi,Cochin,DEL ? BLR ? COK,09:35 04 Jun,No info,7258,3,6,0,0,0,1060.0,955
Multiple carriers,Delhi,Cochin,DEL ? BOM ? COK,01:35 04 Mar,No info,18192,3,3,6,0,0,770.0,765
Air India,Kolkata,Banglore,CCU ? DEL ? AMD ? BLR,05:25 02 May,No info,13899,1,5,2,0,0,600.0,1165
Jet Airways,Kolkata,Banglore,CCU ? BOM ? BLR,20:45,In-flight meal not included,10844,9,5,3,0,0,845.0,400
Jet Airways,Kolkata,Banglore,CCU ? DEL ? BLR,09:45 13 May,No info,14151,12,5,6,0,0,575.0,1450
Multiple carriers,Delhi,Cochin,DEL ? BOM ? COK,01:35 07 Mar,No info,15147,6,3,2,0,0,915.0,620
GoAir,Banglore,Delhi,BLR ? DEL,10:40,No info,3898,15,6,5,0,0,465.0,175
IndiGo,Delhi,Cochin,DEL ? HYD ? COK,16:10,No info,6818,15,5,2,0,0,305.0,665
Jet Airways,Kolkata,Banglore,CCU ? BOM ? BLR,12:00 16 May,No info,14781,15,5,2,0,0,990.0,1170
Air Asia,Kolkata,Banglore,CCU ? IXR ? DEL ? BLR,23:30,No info,5192,21,5,1,0,0,910.0,500
Jet Airways,Delhi,Cochin,DEL ? BHO ? BOM ? COK,12:35,No info,14441,27,6,3,0,0,330.0,425
Jet Airways,Kolkata,Banglore,CCU ? DEL ? BLR,21:05 25 May,No info,14151,24,5,4,0,0,1225.0,1480
IndiGo,Kolkata,Banglore,CCU ? BBI ? BLR,23:15,No info,4226,18,5,5,0,0,1175.0,220
Air India,Delhi,Cochin,DEL ? CCU ? BOM ? COK,19:15 28 May,No info,13381,27,5,0,0,0,1215.0,1380
Multiple carriers,Delhi,Cochin,DEL ? BOM ? COK,19:00,No info,10678,15,6,5,0,0,295.0,845
Jet Airways,Delhi,Cochin,DEL ? BOM ? COK,18:50,No info,12242,27,3,2,0,0,690.0,440
Jet Airways,Mumbai,Hyderabad,BOM ? HYD,04:20,In-flight meal not included,4995,21,6,4,0,0,175.0,85
Jet Airways,Delhi,Cochin,DEL ? BOM ? COK,04:25 02 Jun,In-flight meal not included,10262,1,6,5,0,0,1255.0,450
SpiceJet,Kolkata,Banglore,CCU ? BLR,00:40 16 Apr,No check-in baggage included,3841,15,4,0,0,0,1340.0,140
Jet Airways,Kolkata,Banglore,CCU ? BOM ? BLR,12:00 10 May,In-flight meal not included,9663,9,5,3,0,0,1200.0,960
IndiGo,Kolkata,Banglore,CCU ? BLR,14:05,No info,5224,18,4,3,0,0,690.0,155
Multiple carriers,Delhi,Cochin,DEL ? BOM ? COK,19:15,No info,14533,18,5,5,0,0,425.0,730
SpiceJet,Mumbai,Hyderabad,BOM ? HYD,00:15 25 May,No info,2017,24,5,4,0,0,1365.0,90
Jet Airways,Banglore,Delhi,BLR ? DEL,22:00,In-flight meal not included,5769,12,6,2,0,0,1135.0,185
Multiple carriers,Delhi,Cochin,DEL ? BOM ? COK,18:50,No info,11622,21,3,3,0,0,645.0,485
IndiGo,Banglore,Delhi,BLR ? DEL,21:50,No info,4823,3,4,2,0,0,1135.0,175
Jet Airways,Banglore,New Delhi,BLR ? BOM ? DEL,11:25 19 Mar,In-flight meal not included,7832,21,3,3,0,0,845.0,1280
Multiple carriers,Delhi,Cochin,DEL ? BOM ? COK,19:15,No info,9001,24,6,0,0,0,450.0,705
IndiGo,Mumbai,Hyderabad,BOM ? HYD,13:30,No info,2754,27,6,3,0,0,720.0,90
Jet Airways,Banglore,Delhi,BLR ? DEL,10:10,No info,7229,24,5,4,0,0,430.0,180
IndiGo,Delhi,Cochin,DEL ? TRV ? COK,01:45 10 Mar,No info,6937,9,3,5,0,0,1265.0,280
Air India,Kolkata,Banglore,CCU ? DEL ? COK ? BLR,01:20 07 Jun,No info,13033,6,6,3,0,0,600.0,920
SpiceJet,Banglore,Delhi,BLR ? DEL,08:35,No info,3625,3,5,4,0,0,355.0,160
Jet Airways,Delhi,Cochin,DEL ? IDR ? BOM ? COK,19:00 28 Jun,No info,13292,27,6,3,0,0,1285.0,1295
Air India,Banglore,New Delhi,BLR ? BOM ? NAG ? DEL,10:15 13 Mar,No info,12778,12,3,1,0,0,530.0,1525
SpiceJet,Kolkata,Banglore,CCU ? BLR,17:25,No check-in baggage included,3841,1,6,5,0,0,895.0,150
IndiGo,Mumbai,Hyderabad,BOM ? HYD,22:45,No info,2227,18,3,0,0,0,1280.0,85
SpiceJet,Kolkata,Banglore,CCU ? PNQ ? BLR,17:15,No info,6171,9,5,3,0,0,515.0,520
Air India,Kolkata,Banglore,CCU ? BBI ? BOM ? BLR,07:55 13 May,No info,10676,12,5,6,0,0,720.0,1195
Jet Airways,Delhi,Cochin,DEL ? JAI ? BOM ? COK,12:35 25 Jun,No info,13014,24,6,0,0,0,1170.0,1025
IndiGo,Mumbai,Hyderabad,BOM ? HYD,04:00,No info,2754,18,3,0,0,0,150.0,90
Air India,Delhi,Cochin,DEL ? HYD ? BOM ? COK,07:40 28 Mar,No info,8367,27,3,2,0,0,1035.0,865
Jet Airways,Delhi,Cochin,DEL ? BOM ? COK,04:25 04 Apr,In-flight meal not included,5177,3,4,2,0,0,135.0,1570
SpiceJet,Kolkata,Banglore,CCU ? BLR,19:40,No info,4174,18,4,3,0,0,1030.0,150
Multiple carriers,Delhi,Cochin,DEL ? BOM ? COK,19:00,No info,9794,15,5,2,0,0,525.0,615
Multiple carriers,Delhi,Cochin,DEL ? HYD ? COK,16:10,No info,10486,27,5,0,0,0,585.0,385
Multiple carriers,Delhi,Cochin,DEL ? BOM ? COK,19:15,No info,15058,21,5,1,0,0,480.0,675
IndiGo,Kolkata,Banglore,CCU ? BLR,00:50 28 Apr,No info,4804,27,4,5,0,0,1335.0,155
Jet Airways,Delhi,Cochin,DEL ? BOM ? COK,19:45 07 Mar,No info,17024,6,3,2,0,0,960.0,1665
GoAir,Kolkata,Banglore,CCU ? AMD ? BLR,00:15 13 May,No info,8855,12,5,6,0,0,1000.0,455
Air India,Delhi,Cochin,DEL ? BOM ? COK,07:40 10 Jun,No info,8372,9,6,6,0,0,1260.0,640
Jet Airways,Mumbai,Hyderabad,BOM ? HYD,04:20,In-flight meal not included,4050,24,6,0,0,0,175.0,85
Jet Airways,Banglore,Delhi,BLR ? DEL,14:05,No info,7229,12,5,6,0,0,670.0,175
SpiceJet,Mumbai,Hyderabad,BOM ? HYD,07:05,No check-in baggage included,2385,18,3,0,0,0,345.0,80
GoAir,Banglore,Delhi,BLR ? DEL,14:30,No info,3898,24,6,0,0,0,700.0,170
IndiGo,Banglore,New Delhi,BLR ? DEL,04:15,No info,6860,3,3,6,0,0,90.0,165
SpiceJet,Delhi,Cochin,DEL ? MAA ? COK,11:20,No info,6749,27,5,0,0,0,365.0,315
Air India,Kolkata,Banglore,CCU ? VNS ? DEL ? BLR,23:15,No info,15107,21,5,1,0,0,870.0,525
Jet Airways,Delhi,Cochin,DEL ? JAI ? BOM ? COK,04:25 16 Jun,In-flight meal not included,10368,15,6,5,0,0,580.0,1125
Jet Airways,Banglore,New Delhi,BLR ? BOM ? DEL,21:20,In-flight meal not included,7832,21,3,3,0,0,420.0,860
SpiceJet,Mumbai,Hyderabad,BOM ? HYD,14:45,No check-in baggage included,2385,27,5,0,0,0,795.0,90
IndiGo,Kolkata,Banglore,CCU ? BLR,16:55,No info,4804,24,6,0,0,0,865.0,150
Air India,Delhi,Cochin,DEL ? AMD ? BOM ? COK,19:15 22 Mar,No info,8236,21,3,3,0,0,1000.0,1595
IndiGo,Delhi,Cochin,DEL ? BOM ? COK,21:00,No info,6416,27,3,2,0,0,690.0,570
Jet Airways,Delhi,Cochin,DEL ? BOM ? COK,19:00,In-flight meal not included,10262,9,6,6,0,0,690.0,450
Jet Airways,Delhi,Cochin,DEL ? BOM ? COK,19:00 10 Jun,No info,14714,9,6,6,0,0,1370.0,1210
SpiceJet,Kolkata,Banglore,CCU ? IXB ? BLR,21:25,No info,7646,1,4,0,0,0,955.0,330
Air India,Delhi,Cochin,DEL ? MAA ? COK,09:25 02 Jun,No info,7480,1,6,5,0,0,1240.0,765
Vistara,Chennai,Kolkata,MAA ? CCU,20:05,No info,11982,27,5,0,0,0,1065.0,140
Multiple carriers,Delhi,Cochin,DEL ? BOM ? COK,19:15,No info,8309,18,5,5,0,0,635.0,520
Jet Airways,Delhi,Cochin,DEL ? BHO ? BOM ? COK,12:35,In-flight meal not included,13344,9,6,6,0,0,330.0,425
Air India,Kolkata,Banglore,CCU ? HYD ? BLR,09:50 02 Apr,No info,4227,1,4,0,0,0,1140.0,890
Air India,Delhi,Cochin,DEL ? JAI ? BOM ? COK,07:40 22 Mar,No info,9706,21,3,3,0,0,720.0,1180
SpiceJet,Mumbai,Hyderabad,BOM ? HYD,14:45,No info,2017,6,5,0,0,0,795.0,90
IndiGo,Delhi,Cochin,DEL ? HYD ? COK,22:30,No info,6442,12,6,2,0,0,515.0,835
Jet Airways,Banglore,Delhi,BLR ? DEL,22:00,No info,8016,15,6,5,0,0,1135.0,185
IndiGo,Delhi,Cochin,DEL ? HYD ? COK,12:10,No info,5298,1,4,0,0,0,410.0,320
Vistara,Banglore,Delhi,BLR ? DEL,19:35,No info,4878,21,5,1,0,0,1020.0,155
Jet Airways,Delhi,Cochin,DEL ? BOM ? COK,04:25 25 Jun,In-flight meal not included,10262,24,6,0,0,0,840.0,865
IndiGo,Kolkata,Banglore,CCU ? HYD ? BLR,09:50,No info,4176,12,5,6,0,0,290.0,300
IndiGo,Delhi,Cochin,DEL ? BOM ? COK,01:30 16 Jun,No info,5883,15,6,5,0,0,685.0,845
Multiple carriers,Delhi,Cochin,DEL ? BOM ? COK,19:00,No info,12717,6,6,3,0,0,600.0,540
IndiGo,Chennai,Kolkata,MAA ? CCU,10:15,No info,3850,12,5,6,0,0,475.0,140
IndiGo,Chennai,Kolkata,MAA ? CCU,21:55,No info,3597,27,5,0,0,0,1175.0,140
SpiceJet,Mumbai,Hyderabad,BOM ? HYD,14:45,No check-in baggage included,2175,9,5,3,0,0,795.0,90
Air Asia,Banglore,Delhi,BLR ? DEL,02:45 13 Apr,No info,7080,12,4,4,0,0,1435.0,170
Jet Airways,Kolkata,Banglore,CCU ? BOM ? BLR,08:15 02 Apr,In-flight meal not included,8849,1,4,0,0,0,1270.0,665
Jet Airways,Kolkata,Banglore,CCU ? BOM ? BLR,19:50,In-flight meal not included,9899,12,6,2,0,0,505.0,685
Vistara,Banglore,Delhi,BLR ? DEL,09:40,No info,4878,15,6,5,0,0,420.0,160
Multiple carriers,Delhi,Cochin,DEL ? BOM ? COK,19:15,No info,7787,9,5,3,0,0,450.0,705
SpiceJet,Chennai,Kolkata,MAA ? CCU,20:05,No info,3597,3,5,4,0,0,1065.0,140
GoAir,Delhi,Cochin,DEL ? BOM ? COK,19:35,No info,5281,1,4,0,0,0,635.0,540
Vistara,Kolkata,Banglore,CCU ? DEL ? BLR,18:50 16 May,No info,9345,15,5,2,0,0,1220.0,1350
IndiGo,Delhi,Cochin,DEL ? HYD ? COK,22:30,No info,6442,24,6,0,0,0,715.0,635
IndiGo,Delhi,Cochin,DEL ? BOM ? COK,21:00,No info,6838,6,6,3,0,0,555.0,705
SpiceJet,Chennai,Kolkata,MAA ? CCU,20:05,No info,3597,3,6,0,0,0,1065.0,140
SpiceJet,Mumbai,Hyderabad,BOM ? HYD,07:05,No info,3173,21,3,3,0,0,345.0,80
Multiple carriers,Delhi,Cochin,DEL ? BOM ? COK,01:30 04 Jun,No info,13377,3,6,0,0,0,1095.0,435
Jet Airways,Kolkata,Banglore,CCU ? DEL ? BLR,18:00 10 May,In-flight meal not included,9314,9,5,3,0,0,1225.0,1295
Multiple carriers,Delhi,Cochin,DEL ? HYD ? COK,22:20,No info,9856,9,3,5,0,0,795.0,545
Air India,Delhi,Cochin,DEL ? BOM ? COK,19:15,No info,8372,21,5,1,0,0,480.0,675
Jet Airways,Kolkata,Banglore,CCU ? BOM ? BLR,18:15 02 Apr,In-flight meal not included,7064,1,4,0,0,0,1135.0,1400
IndiGo,Kolkata,Banglore,CCU ? BLR,00:50 02 May,No info,4804,1,5,2,0,0,1335.0,155
Jet Airways,Delhi,Cochin,DEL ? JAI ? BOM ? COK,19:00,In-flight meal not included,13029,27,5,0,0,0,330.0,810
IndiGo,Delhi,Cochin,DEL ? HYD ? COK,22:30,No info,7640,24,5,4,0,0,860.0,490
Jet Airways,Banglore,New Delhi,BLR ? BOM ? DEL,15:15,No info,22270,1,3,4,0,0,480.0,435
Air India,Banglore,Delhi,BLR ? DEL,23:55,No info,4441,1,4,0,0,0,1265.0,170
Jet Airways,Delhi,Cochin,DEL ? BOM ? COK,04:25 28 May,In-flight meal not included,12898,27,5,0,0,0,540.0,1165
Jet Airways,Kolkata,Banglore,CCU ? BOM ? BLR,16:20 02 Apr,In-flight meal not included,7064,1,4,0,0,0,1135.0,1285
Jet Airways,Kolkata,Banglore,CCU ? BOM ? BLR,20:45,In-flight meal not included,10844,9,6,6,0,0,505.0,740
SpiceJet,Kolkata,Banglore,CCU ? BLR,11:25,No info,4174,9,6,6,0,0,540.0,145
Jet Airways,Kolkata,Banglore,CCU ? BOM ? BLR,20:45 13 Jun,In-flight meal not included,8529,12,6,2,0,0,990.0,1695
IndiGo,Banglore,Delhi,BLR ? DEL,01:00 22 May,No info,3625,21,5,1,0,0,1330.0,170
IndiGo,Banglore,Delhi,BLR ? DEL,03:25,No info,3419,21,5,1,0,0,30.0,175
IndiGo,Chennai,Kolkata,MAA ? CCU,07:40,No info,3850,24,5,4,0,0,315.0,145
Air India,Kolkata,Banglore,CCU ? BOM ? COK ? BLR,13:45 25 May,No info,12802,24,5,4,0,0,1010.0,1255
SpiceJet,Delhi,Cochin,DEL ? MAA ? COK,21:55,No info,9748,6,3,2,0,0,955.0,360
IndiGo,Delhi,Cochin,DEL ? BOM ? COK,01:30 04 Jun,No info,6104,3,6,0,0,0,1030.0,500
IndiGo,Banglore,Delhi,BLR ? DEL,00:15 22 Jun,No info,3943,21,6,4,0,0,1275.0,180
IndiGo,Delhi,Cochin,DEL ? HYD ? COK,16:10,No info,7514,3,6,0,0,0,410.0,560
Jet Airways,Banglore,New Delhi,BLR ? DEL,22:35,No info,18308,6,3,2,0,0,1195.0,160
Air India,Mumbai,Hyderabad,BOM ? GOI ? PNQ ? HYD,16:55,No info,17327,6,3,2,0,0,1270.0,255
Air India,Delhi,Cochin,DEL ? HYD ? BOM ? COK,07:40 28 Mar,No info,8892,27,3,2,0,0,785.0,1115
Multiple carriers,Delhi,Cochin,DEL ? BOM ? COK,19:00,No info,9794,27,5,0,0,0,620.0,520
IndiGo,Banglore,Delhi,BLR ? DEL,03:25,No info,4423,1,4,0,0,0,30.0,175
Jet Airways,Kolkata,Banglore,CCU ? BOM ? BLR,20:45 25 May,In-flight meal not included,10844,24,5,4,0,0,1200.0,1485
Jet Airways,Delhi,Cochin,DEL ? BOM ? COK,19:00 10 May,No info,15554,9,5,3,0,0,1095.0,1485
Vistara,Chennai,Kolkata,MAA ? CCU,20:05,No info,11982,1,5,2,0,0,1065.0,140
IndiGo,Mumbai,Hyderabad,BOM ? HYD,07:55,No info,4049,3,6,0,0,0,385.0,90
IndiGo,Kolkata,Banglore,CCU ? BLR,16:55,No info,5618,24,3,6,0,0,860.0,155
Air India,Delhi,Cochin,DEL ? CCU ? BOM ? COK,19:15 28 Jun,No info,13591,27,6,3,0,0,1215.0,1380
Multiple carriers,Delhi,Cochin,DEL ? BOM ? COK,01:30 28 May,No info,9508,27,5,0,0,0,600.0,930
SpiceJet,Chennai,Kolkata,MAA ? CCU,12:00,No check-in baggage included,3543,18,6,1,0,0,585.0,135
Jet Airways,Banglore,Delhi,BLR ? DEL,22:00,No info,7229,18,4,3,0,0,1135.0,185
Vistara,Banglore,Delhi,BLR ? DEL,14:20,No info,4668,18,6,1,0,0,690.0,170
Jet Airways,Kolkata,Banglore,CCU ? BOM ? BLR,10:05 22 May,No info,14388,21,5,1,0,0,845.0,1200
Jet Airways,Kolkata,Banglore,CCU ? BOM ? BLR,12:00 16 May,In-flight meal not included,10844,15,5,2,0,0,1135.0,1025
Air India,Delhi,Cochin,DEL ? MAA ? COK,09:25 10 Jun,No info,7690,9,6,6,0,0,1240.0,765
Jet Airways,Kolkata,Banglore,CCU ? DEL ? BLR,09:45 22 May,No info,13067,21,5,1,0,0,575.0,1450
SpiceJet,Mumbai,Hyderabad,BOM ? HYD,07:15,No check-in baggage included,1965,3,4,2,0,0,345.0,90
Jet Airways,Delhi,Cochin,DEL ? BOM ? COK,18:50 10 Mar,No info,16289,9,3,5,0,0,960.0,1610
Air India,Kolkata,Banglore,CCU ? DEL ? BLR,08:55 13 May,No info,10203,12,5,6,0,0,1230.0,745
Jet Airways,Kolkata,Banglore,CCU ? BOM ? BLR,23:35,No info,15149,6,5,0,0,0,845.0,570
Vistara,Kolkata,Banglore,CCU ? DEL ? BLR,23:25,No info,9345,21,5,1,0,0,1020.0,385
SpiceJet,Mumbai,Hyderabad,BOM ? HYD,07:15,No info,2017,18,5,5,0,0,345.0,90
Vistara,Kolkata,Banglore,CCU ? DEL ? BLR,23:25,No info,9345,15,5,2,0,0,430.0,975
Air India,Kolkata,Banglore,CCU ? MAA ? BLR,15:20 07 May,No info,6528,6,5,0,0,0,875.0,1485
Multiple carriers,Delhi,Cochin,DEL ? BOM ? COK,13:20,No info,15603,3,3,6,0,0,420.0,380
Jet Airways,Delhi,Cochin,DEL ? NAG ? BOM ? COK,04:25 25 Jun,No info,13376,24,6,0,0,0,405.0,1300
SpiceJet,Delhi,Cochin,DEL ? MAA ? COK,11:20,No info,5583,27,6,3,0,0,365.0,315
Jet Airways,Delhi,Cochin,DEL ? BOM ? COK,19:00 10 Jun,In-flight meal not included,10577,9,6,6,0,0,960.0,1620
Air India,Delhi,Cochin,DEL ? JAI ? BOM ? COK,07:40 16 May,No info,10651,15,5,2,0,0,720.0,1180
Jet Airways,Kolkata,Banglore,CCU ? BOM ? BLR,04:40 13 Jun,In-flight meal not included,7594,12,6,2,0,0,845.0,875
Air Asia,Kolkata,Banglore,CCU ? BBI ? BLR,10:30,No info,6857,1,5,2,0,0,410.0,220
IndiGo,Banglore,Delhi,BLR ? DEL,15:50,No info,4423,27,4,5,0,0,780.0,170
Jet Airways,Delhi,Cochin,DEL ? BHO ? BOM ? COK,12:35,In-flight meal not included,13344,12,6,2,0,0,330.0,425
SpiceJet,Banglore,Delhi,BLR ? DEL,00:05 28 Apr,No info,3971,27,4,5,0,0,1270.0,175
Jet Airways,Delhi,Cochin,DEL ? BOM ? COK,19:00,No info,18371,24,6,0,0,0,540.0,600
Jet Airways,Delhi,Cochin,DEL ? AMD ? BOM ? COK,04:25 29 Mar,In-flight meal not included,6643,27,3,2,0,0,1150.0,1995
Multiple carriers,Delhi,Cochin,DEL ? BOM ? COK,19:15,No info,15077,6,3,2,0,0,690.0,465
Air India,Banglore,Delhi,BLR ? DEL,12:45,No info,6121,1,5,2,0,0,600.0,165
SpiceJet,Mumbai,Hyderabad,BOM ? HYD,14:30,No info,5755,3,3,6,0,0,790.0,80
Air India,Delhi,Cochin,DEL ? MAA ? COK,09:25 10 Apr,No info,4487,9,4,1,0,0,1240.0,765
SpiceJet,Delhi,Cochin,DEL ? PNQ ? COK,13:15,No check-in baggage included,5158,21,5,1,0,0,525.0,270
Jet Airways,Kolkata,Banglore,CCU ? BOM ? BLR,04:40 02 May,In-flight meal not included,8586,1,5,2,0,0,1200.0,520
Air India,Mumbai,Hyderabad,BOM ? HYD,07:40,No info,3100,1,6,5,0,0,380.0,80
Jet Airways,Mumbai,Hyderabad,BOM ? HYD,04:20,In-flight meal not included,3210,9,5,3,0,0,175.0,85
Jet Airways,Delhi,Cochin,DEL ? BOM ? COK,12:35 10 May,In-flight meal not included,12373,9,5,3,0,0,1155.0,1040
Multiple carriers,Delhi,Cochin,DEL ? BOM ? COK,18:50,No info,15135,3,3,6,0,0,400.0,730
Jet Airways,Delhi,Cochin,DEL ? IDR ? BOM ? COK,19:00,No info,13292,27,6,3,0,0,330.0,810
SpiceJet,Mumbai,Hyderabad,BOM ? HYD,14:45,No info,2017,6,6,3,0,0,795.0,90
Jet Airways,Delhi,Cochin,DEL ? NAG ? BOM ? COK,12:35 13 Jun,In-flight meal not included,10919,12,6,2,0,0,875.0,1320
Vistara,Mumbai,Hyderabad,BOM ? DEL ? HYD,22:55 07 Mar,No info,12395,6,3,2,0,0,1315.0,1500
SpiceJet,Chennai,Kolkata,MAA ? CCU,12:00,No check-in baggage included,3543,21,6,4,0,0,585.0,135
Jet Airways,Mumbai,Hyderabad,BOM ? HYD,21:05,In-flight meal not included,2228,6,5,0,0,0,1175.0,90
Air India,Delhi,Cochin,DEL ? AMD ? BOM ? COK,19:15 22 Mar,No info,8236,21,3,3,0,0,1185.0,1410
Air Asia,Delhi,Cochin,DEL ? BLR ? COK,06:35 04 Jun,No info,11410,3,6,0,0,0,1005.0,830
Jet Airways,Delhi,Cochin,DEL ? AMD ? BOM ? COK,12:35 22 May,No info,15129,21,5,1,0,0,1385.0,810
GoAir,Kolkata,Banglore,CCU ? BLR,17:55,No info,3514,24,6,0,0,0,920.0,155
Jet Airways,Kolkata,Banglore,CCU ? DEL ? BLR,21:05,In-flight meal not included,13469,6,6,3,0,0,575.0,690
IndiGo,Banglore,Delhi,BLR ? DEL,00:15 10 Apr,No info,3943,9,4,1,0,0,1275.0,180
Vistara,Banglore,New Delhi,BLR ? DEL,00:05 04 Mar,No info,7608,3,3,6,0,0,1270.0,175
Air India,Banglore,Delhi,BLR ? DEL,12:45,No info,6961,27,5,0,0,0,600.0,165
Multiple carriers,Delhi,Cochin,DEL ? BOM ? COK,19:00,No info,12042,1,6,5,0,0,555.0,585
Jet Airways Business,Banglore,New Delhi,BLR ? BOM ? DEL,12:25,Business class,62427,1,3,4,0,0,345.0,400
Air India,Banglore,New Delhi,BLR ? VGA ? HYD ? DEL,21:25,No info,9586,9,3,5,0,0,630.0,655
SpiceJet,Chennai,Kolkata,MAA ? CCU,10:35,No check-in baggage included,3543,1,6,5,0,0,500.0,135
Jet Airways,Delhi,Cochin,DEL ? LKO ? BOM ? COK,12:35 10 Jun,No info,13882,9,6,6,0,0,565.0,1630
Jet Airways,Kolkata,Banglore,CCU ? GAU ? BLR,17:35,No info,8781,24,5,4,0,0,620.0,435
Air Asia,Kolkata,Banglore,CCU ? IXR ? DEL ? BLR,23:30,No info,5192,12,6,2,0,0,910.0,500
IndiGo,Delhi,Cochin,DEL ? HYD ? COK,22:20,No info,6442,27,3,2,0,0,400.0,940
Jet Airways,Delhi,Cochin,DEL ? BOM ? COK,12:35 07 May,No info,15554,6,5,0,0,0,1370.0,825
Jet Airways,Kolkata,Banglore,CCU ? BOM ? BLR,16:20 22 May,In-flight meal not included,10844,21,5,1,0,0,1135.0,1285
IndiGo,Mumbai,Hyderabad,BOM ? HYD,13:30,No info,2754,3,4,2,0,0,720.0,90
Multiple carriers,Delhi,Cochin,DEL ? BOM ? COK,21:00,No info,14067,21,5,1,0,0,840.0,420
GoAir,Delhi,Cochin,DEL ? AMD ? COK,13:35,No info,5140,27,4,5,0,0,445.0,370
IndiGo,Delhi,Cochin,DEL ? BOM ? COK,01:30 10 May,No info,8330,9,5,3,0,0,635.0,895
Jet Airways,Mumbai,Hyderabad,BOM ? HYD,21:05,No info,5678,3,3,6,0,0,1175.0,90
Jet Airways,Banglore,New Delhi,BLR ? BOM ? DEL,18:25 13 Mar,In-flight meal not included,11087,12,3,1,0,0,1375.0,1170
GoAir,Banglore,New Delhi,BLR ? DEL,23:50,No info,18558,1,3,4,0,0,1255.0,175
IndiGo,Mumbai,Hyderabad,BOM ? HYD,04:00,No info,16000,1,3,4,0,0,150.0,90
SpiceJet,Banglore,Delhi,BLR ? DEL,00:05 07 May,No check-in baggage included,3573,6,5,0,0,0,1270.0,175
Multiple carriers,Delhi,Cochin,DEL ? BOM ? COK,01:30 16 May,No info,7670,15,5,2,0,0,770.0,760
Jet Airways,Delhi,Cochin,DEL ? AMD ? BOM ? COK,19:00 25 Jun,No info,12819,24,6,0,0,0,1385.0,1195
Vistara,Banglore,Delhi,BLR ? DEL,19:35,No info,4878,15,5,2,0,0,1020.0,155
Jet Airways,Delhi,Cochin,DEL ? IDR ? BOM ? COK,19:00 28 Jun,In-flight meal not included,11507,27,6,3,0,0,1285.0,1295
Air Asia,Delhi,Cochin,DEL ? BLR ? COK,13:25,No info,8759,6,6,3,0,0,475.0,330
Jet Airways,Delhi,Cochin,DEL ? BOM ? COK,19:00 13 Jun,In-flight meal not included,10262,12,6,2,0,0,1050.0,1530
Air India,Delhi,Cochin,DEL ? HYD ? MAA ? COK,09:25 22 May,No info,10975,21,5,1,0,0,425.0,1580
Jet Airways,Delhi,Cochin,DEL ? BOM ? COK,04:25 07 Jun,In-flight meal not included,10262,6,6,3,0,0,1155.0,550
Multiple carriers,Delhi,Cochin,DEL ? BOM ? COK,21:00,In-flight meal not included,6007,27,6,3,0,0,770.0,490
IndiGo,Chennai,Kolkata,MAA ? CCU,14:00,No info,3858,21,3,3,0,0,695.0,145
IndiGo,Delhi,Cochin,DEL ? HYD ? COK,22:30,No info,6412,27,6,3,0,0,860.0,490
Air India,Kolkata,Banglore,CCU ? BLR,16:45,No info,6245,21,4,6,0,0,855.0,150
Air India,Delhi,Cochin,DEL ? AMD ? BOM ? COK,19:15 10 Jun,No info,9968,9,6,6,0,0,1185.0,1410
Multiple carriers,Delhi,Cochin,DEL ? BOM ? COK,12:55,In-flight meal not included,18260,9,3,5,0,0,135.0,640
IndiGo,Banglore,New Delhi,BLR ? DEL,21:20,No info,8855,3,3,6,0,0,1105.0,175
Jet Airways,Kolkata,Banglore,CCU ? BOM ? BLR,18:15,In-flight meal not included,10844,24,5,4,0,0,505.0,590
SpiceJet,Chennai,Kolkata,MAA ? CCU,10:35,No info,3597,27,5,0,0,0,500.0,135
Jet Airways,Kolkata,Banglore,CCU ? DEL ? BLR,21:05 07 May,No info,13067,6,5,0,0,0,1020.0,1685
Jet Airways,Banglore,New Delhi,BLR ? BOM ? DEL,10:45 13 Mar,No info,13817,12,3,1,0,0,1015.0,1070
Air India,Banglore,New Delhi,BLR ? BOM ? DEL,23:15,No info,11602,12,3,1,0,0,405.0,990
Jet Airways,Kolkata,Banglore,CCU ? BOM ? BLR,18:15 10 May,No info,13941,9,5,3,0,0,990.0,1545
Jet Airways,Kolkata,Banglore,CCU ? DEL ? BLR,19:10 16 May,No info,14151,15,5,2,0,0,1225.0,1365
IndiGo,Banglore,Delhi,BLR ? DEL,06:50,No info,3943,15,5,2,0,0,240.0,170
Jet Airways,Kolkata,Banglore,CCU ? BOM ? BLR,18:15,In-flight meal not included,10844,12,5,6,0,0,390.0,705
SpiceJet,Mumbai,Hyderabad,BOM ? HYD,07:15,No info,2753,18,6,1,0,0,345.0,90
Jet Airways,Delhi,Cochin,DEL ? BOM ? COK,19:00,No info,14714,12,6,2,0,0,135.0,1005
Multiple carriers,Delhi,Cochin,DEL ? HYD ? COK,16:10,No info,9646,18,5,5,0,0,425.0,545
Jet Airways,Delhi,Cochin,DEL ? BOM ? COK,12:35,No info,15554,9,5,3,0,0,425.0,330
Air India,Banglore,New Delhi,BLR ? VGA ? VTZ ? DEL,17:45,No info,13261,18,3,0,0,0,630.0,435
Jet Airways,Banglore,New Delhi,BLR ? BOM ? DEL,05:05 16 Mar,In-flight meal not included,11087,18,3,0,0,0,700.0,1045
Jet Airways,Delhi,Cochin,DEL ? IDR ? BOM ? COK,19:00,In-flight meal not included,11507,15,6,5,0,0,330.0,810
Multiple carriers,Delhi,Cochin,DEL ? BOM ? COK,01:30 10 May,No info,9424,9,5,3,0,0,1140.0,390
GoAir,Banglore,Delhi,BLR ? DEL,14:30,No info,4937,12,4,4,0,0,700.0,170
SpiceJet,Banglore,Delhi,BLR ? DEL,00:05 07 Jun,No check-in baggage included,3257,6,6,3,0,0,1270.0,175
IndiGo,Banglore,Delhi,BLR ? DEL,11:20,No info,4823,6,5,0,0,0,510.0,170
IndiGo,Chennai,Kolkata,MAA ? CCU,00:25 13 May,No info,5277,12,5,6,0,0,1325.0,140
SpiceJet,Kolkata,Banglore,CCU ? BLR,19:40,No info,3873,9,4,1,0,0,1030.0,150
Jet Airways,Kolkata,Banglore,CCU ? BOM ? BLR,04:40 25 May,In-flight meal not included,10844,24,5,4,0,0,990.0,730
Multiple carriers,Delhi,Cochin,DEL ? BOM ? COK,01:30 28 May,No info,7198,27,5,0,0,0,1020.0,510
Air India,Delhi,Cochin,DEL ? COK,08:00,No info,6094,15,5,2,0,0,310.0,170
IndiGo,Banglore,Delhi,BLR ? DEL,08:50,No info,3943,3,5,4,0,0,365.0,165
IndiGo,Banglore,Delhi,BLR ? DEL,00:15 16 May,No info,3943,15,5,2,0,0,1275.0,180
Jet Airways,Kolkata,Banglore,CCU ? BOM ? BLR,12:00 02 Apr,No info,12681,1,4,0,0,0,1200.0,960
Vistara,Banglore,Delhi,BLR ? DEL,19:35,No info,5613,15,4,0,0,0,1020.0,155
SpiceJet,Kolkata,Banglore,CCU ? BLR,11:25,No info,3873,24,5,4,0,0,540.0,145
Jet Airways,Delhi,Cochin,DEL ? BOM ? COK,12:35 28 May,In-flight meal not included,12898,27,5,0,0,0,780.0,1415
Jet Airways,Delhi,Cochin,DEL ? JAI ? BOM ? COK,04:25 10 May,No info,15129,9,5,3,0,0,330.0,1375
SpiceJet,Chennai,Kolkata,MAA ? CCU,10:35,No info,3911,9,5,3,0,0,500.0,135
IndiGo,Delhi,Cochin,DEL ? COK,00:20 13 Jun,No info,6015,12,6,2,0,0,1265.0,195
Jet Airways,Banglore,New Delhi,BLR ? BOM ? DEL,23:00,No info,54826,1,3,4,0,0,1015.0,365
IndiGo,Delhi,Cochin,DEL ? BOM ? COK,01:35 28 Mar,No info,5073,27,3,2,0,0,1230.0,305
IndiGo,Chennai,Kolkata,MAA ? CCU,07:35,No info,4326,21,3,3,0,0,315.0,140
Air India,Delhi,Cochin,DEL ? AMD ? BOM ? COK,19:15 25 Jun,No info,9443,24,6,0,0,0,1000.0,1595
Jet Airways,Mumbai,Hyderabad,BOM ? HYD,11:50,No info,8040,3,6,0,0,0,620.0,90
Jet Airways,Banglore,Delhi,BLR ? DEL,08:45,No info,7229,3,4,2,0,0,360.0,165
IndiGo,Banglore,Delhi,BLR ? DEL,15:50,No info,3943,15,6,5,0,0,780.0,170
Air India,Banglore,New Delhi,BLR ? HBX ? BOM ? BHO ? DEL,23:25,No info,14195,6,3,2,0,0,720.0,685
Jet Airways,Delhi,Cochin,DEL ? IDR ? BOM ? COK,04:25 16 Jun,No info,13292,15,6,5,0,0,575.0,1130
IndiGo,Kolkata,Banglore,CCU ? BLR,14:05,No info,4174,3,4,2,0,0,690.0,155
Jet Airways,Banglore,New Delhi,BLR ? BOM ? DEL,21:20,No info,16736,6,3,2,0,0,420.0,860
Jet Airways,Banglore,Delhi,BLR ? DEL,08:45,In-flight meal not included,5198,12,5,6,0,0,360.0,165
Multiple carriers,Delhi,Cochin,DEL ? BOM ? COK,19:15,No info,15058,3,6,0,0,0,425.0,730
IndiGo,Delhi,Cochin,DEL ? BOM ? COK,15:35,No info,5073,3,4,2,0,0,635.0,300
Multiple carriers,Delhi,Cochin,DEL ? BOM ? COK,19:00,No info,10197,15,5,2,0,0,480.0,660
SpiceJet,Chennai,Kolkata,MAA ? CCU,20:05,No check-in baggage included,3543,27,6,3,0,0,1065.0,140
Jet Airways,Banglore,Delhi,BLR ? DEL,20:45,In-flight meal not included,7229,27,6,3,0,0,1065.0,180
Air India,Delhi,Cochin,DEL ? JAI ? BOM ? COK,07:40 02 Jun,No info,10966,1,6,5,0,0,720.0,1180
Jet Airways,Kolkata,Banglore,CCU ? BOM ? BLR,23:25,In-flight meal not included,11134,24,3,6,0,0,835.0,570
Air Asia,Kolkata,Banglore,CCU ? BLR,01:20 07 Apr,No info,3807,6,4,5,0,0,1370.0,150
Air India,Banglore,Delhi,BLR ? DEL,16:10,No info,5228,6,5,0,0,0,800.0,170
IndiGo,Chennai,Kolkata,MAA ? CCU,17:05,No info,3597,12,6,2,0,0,885.0,140
Air Asia,Banglore,Delhi,BLR ? DEL,13:55,No info,4483,18,5,5,0,0,670.0,165
Jet Airways,Delhi,Cochin,DEL ? BOM ? COK,04:25 25 Jun,In-flight meal not included,10262,24,6,0,0,0,690.0,1015
SpiceJet,Delhi,Cochin,DEL ? PNQ ? COK,13:15,No check-in baggage included,5158,6,6,3,0,0,525.0,270
Air India,Banglore,New Delhi,BLR ? COK ? DEL,23:20 19 Mar,No info,6010,21,3,3,0,0,1320.0,1520
Jet Airways,Delhi,Cochin,DEL ? NAG ? BOM ? COK,12:35 13 Jun,No info,13376,12,6,2,0,0,875.0,1320
Jet Airways,Delhi,Cochin,DEL ? BHO ? BOM ? COK,04:25 22 Mar,No info,11543,21,3,3,0,0,340.0,1365
Multiple carriers,Delhi,Cochin,DEL ? BOM ? COK,19:15,In-flight meal not included,15342,6,3,2,0,0,595.0,560
SpiceJet,Banglore,New Delhi,BLR ? DEL,12:30,No info,6309,15,3,4,0,0,575.0,175
Vistara,Banglore,Delhi,BLR ? DEL,22:15,No info,5823,24,5,4,0,0,1170.0,165
Vistara,Banglore,New Delhi,BLR ? DEL,14:10,No info,5403,24,3,6,0,0,690.0,160
SpiceJet,Kolkata,Banglore,CCU ? BLR,09:30,No info,3873,1,6,5,0,0,415.0,155
Jet Airways,Delhi,Cochin,DEL ? BOM ? COK,19:00 28 May,In-flight meal not included,12898,27,5,0,0,0,1310.0,1270
IndiGo,Delhi,Cochin,DEL ? BOM ? COK,01:30 16 May,No info,6979,15,5,2,0,0,1030.0,500
Air India,Kolkata,Banglore,CCU ? GAU ? DEL ? BLR,16:15 13 May,No info,13437,12,5,6,0,0,1005.0,1410
Jet Airways,Delhi,Cochin,DEL ? BOM ? COK,04:25 28 Mar,In-flight meal not included,6017,27,3,2,0,0,690.0,1015
Jet Airways,Delhi,Cochin,DEL ? BOM ? COK,12:35,In-flight meal not included,14053,21,3,3,0,0,425.0,330
IndiGo,Chennai,Kolkata,MAA ? CCU,14:00,No info,7295,6,3,2,0,0,695.0,145
Jet Airways,Kolkata,Banglore,CCU ? BOM ? BLR,19:50 13 Jun,No info,13044,12,6,2,0,0,1135.0,1495
Jet Airways,Banglore,Delhi,BLR ? DEL,14:05,In-flight meal not included,4030,3,5,4,0,0,670.0,175
Air India,Banglore,New Delhi,BLR ? HYD ? VGA ? DEL,11:20 07 Mar,No info,13942,6,3,2,0,0,495.0,1625
Jet Airways,Kolkata,Banglore,CCU ? BOM ? BLR,18:15,No info,14781,12,5,6,0,0,390.0,705
SpiceJet,Banglore,New Delhi,BLR ? DEL,08:35,No info,3579,24,3,6,0,0,345.0,170
Air India,Delhi,Cochin,DEL ? GOI ? BOM ? COK,19:15 28 May,No info,10231,27,5,0,0,0,1320.0,1275
IndiGo,Delhi,Cochin,DEL ? HYD ? COK,12:10,No info,5530,27,5,0,0,0,410.0,320
Jet Airways,Kolkata,Banglore,CCU ? BOM ? BLR,19:50,In-flight meal not included,10844,12,5,6,0,0,845.0,345
Air India,Delhi,Cochin,DEL ? BOM ? COK,19:15,No info,8372,6,6,3,0,0,480.0,675
Jet Airways,Delhi,Cochin,DEL ? BOM ? COK,19:45,No info,16289,9,3,5,0,0,410.0,775
Air India,Delhi,Cochin,DEL ? GOI ? BOM ? COK,19:15 07 May,No info,11701,6,5,0,0,0,1320.0,1275
Multiple carriers Premium economy,Delhi,Cochin,DEL ? BOM ? COK,15:30,No info,11269,21,3,3,0,0,360.0,570
Multiple carriers,Delhi,Cochin,DEL ? BOM ? COK,01:30 19 May,No info,9385,18,5,5,0,0,780.0,750
Jet Airways,Kolkata,Banglore,CCU ? DEL ? BLR,23:35,No info,14151,24,5,4,0,0,1020.0,395
Jet Airways,Banglore,Delhi,BLR ? DEL,11:20,In-flight meal not included,4544,9,4,1,0,0,500.0,180
Jet Airways,Banglore,New Delhi,BLR ? BOM ? DEL,10:45 13 Mar,In-flight meal not included,11087,12,3,1,0,0,1235.0,850
IndiGo,Kolkata,Banglore,CCU ? BLR,07:15,No info,5224,3,6,0,0,0,280.0,155
IndiGo,Kolkata,Banglore,CCU ? BLR,12:10,No info,4804,27,6,3,0,0,575.0,155
Air India,Mumbai,Hyderabad,BOM ? MAA ? HYD,20:35,No info,6901,12,3,1,0,0,355.0,880
Multiple carriers,Delhi,Cochin,DEL ? HYD ? COK,22:20,In-flight meal not included,5999,21,3,3,0,0,875.0,465
Vistara,Banglore,Delhi,BLR ? DEL,23:50,No info,5403,9,4,1,0,0,1260.0,170
Jet Airways,Delhi,Cochin,DEL ? JAI ? BOM ? COK,19:00,No info,13014,12,6,2,0,0,330.0,810
Jet Airways,Mumbai,Hyderabad,BOM ? HYD,08:30,In-flight meal not included,4995,6,5,0,0,0,425.0,85
Jet Airways,Kolkata,Banglore,CCU ? BOM ? BLR,08:15 22 May,No info,13941,21,5,1,0,0,390.0,1545
Jet Airways,Delhi,Cochin,DEL ? IDR ? BOM ? COK,19:00 04 Jun,In-flight meal not included,11507,3,6,0,0,0,1285.0,1295
Multiple carriers,Delhi,Cochin,DEL ? BOM ? COK,19:00,No info,12192,15,6,5,0,0,480.0,660
Multiple carriers,Delhi,Cochin,DEL ? BOM ? COK,01:30 28 May,No info,7198,27,5,0,0,0,1080.0,450
IndiGo,Delhi,Cochin,DEL ? COK,17:40,No info,5000,21,6,4,0,0,865.0,195
SpiceJet,Kolkata,Banglore,CCU ? BLR,09:30,No check-in baggage included,3841,3,4,2,0,0,415.0,155
Jet Airways,Delhi,Cochin,DEL ? BOM ? COK,18:50,No info,12347,21,3,3,0,0,780.0,350
Vistara,Chennai,Kolkata,MAA ? CCU,20:05,No info,11982,15,6,5,0,0,1065.0,140
Jet Airways,Delhi,Cochin,DEL ? JAI ? BOM ? COK,04:25 10 May,In-flight meal not included,13029,9,5,3,0,0,330.0,1375
Jet Airways,Banglore,New Delhi,BLR ? BOM ? DEL,08:15 07 Mar,No info,16736,6,3,2,0,0,1235.0,700
IndiGo,Kolkata,Banglore,CCU ? BLR,19:50,No info,4174,15,4,0,0,0,1035.0,155
SpiceJet,Kolkata,Banglore,CCU ? BLR,11:25,No check-in baggage included,3841,27,6,3,0,0,540.0,145
Jet Airways,Delhi,Cochin,DEL ? BOM ? COK,19:45 07 Mar,No info,17024,6,3,2,0,0,1185.0,1440
IndiGo,Banglore,Delhi,BLR ? DEL,00:15 25 May,No info,3943,24,5,4,0,0,1275.0,180
IndiGo,Delhi,Cochin,DEL ? HYD ? COK,22:30,No info,6442,3,6,0,0,0,715.0,635
Air India,Delhi,Cochin,DEL ? HYD ? BOM ? COK,19:15 10 Mar,No info,11762,9,3,5,0,0,425.0,2170
SpiceJet,Kolkata,Banglore,CCU ? BLR,11:25,No info,4174,24,4,2,0,0,540.0,145
IndiGo,Kolkata,Banglore,CCU ? BLR,07:15,No info,4804,18,6,1,0,0,280.0,155
Multiple carriers,Delhi,Cochin,DEL ? BOM ? COK,01:30 07 Jun,No info,13377,6,6,3,0,0,840.0,690
Jet Airways,Banglore,Delhi,BLR ? DEL,14:05,No info,7229,1,4,0,0,0,670.0,175
IndiGo,Banglore,New Delhi,BLR ? DEL,01:10 16 Mar,No info,8855,15,3,4,0,0,1340.0,170
Multiple carriers,Delhi,Cochin,DEL ? BOM ? COK,19:15,No info,7741,27,6,3,0,0,620.0,535
Jet Airways,Banglore,New Delhi,BLR ? BOM ? DEL,13:15,No info,22270,1,3,4,0,0,480.0,315
Multiple carriers,Delhi,Cochin,DEL ? BOM ? COK,21:00,No info,7740,3,6,0,0,0,525.0,735
Air India,Kolkata,Banglore,CCU ? GAU ? DEL ? BLR,12:30 10 Jun,No info,14960,9,6,6,0,0,590.0,1600
Jet Airways,Delhi,Cochin,DEL ? BOM ? COK,18:50,No info,12032,27,3,2,0,0,595.0,535
Air India,Mumbai,Hyderabad,BOM ? HYD,22:25,No info,5462,6,3,2,0,0,1265.0,80
Jet Airways,Delhi,Cochin,DEL ? BOM ? COK,18:50 22 Mar,No info,12347,21,3,3,0,0,1185.0,1385
Air India,Chennai,Kolkata,MAA ? CCU,13:55,No info,3145,27,3,2,0,0,700.0,135
Jet Airways,Banglore,New Delhi,BLR ? BOM ? DEL,20:20,In-flight meal not included,7832,21,3,3,0,0,700.0,520
IndiGo,Kolkata,Banglore,CCU ? BLR,17:45,No info,4804,21,6,4,0,0,915.0,150
IndiGo,Delhi,Cochin,DEL ? MAA ? COK,07:10,No info,10482,9,3,5,0,0,125.0,305
Jet Airways,Delhi,Cochin,DEL ? BOM ? COK,04:25 19 May,In-flight meal not included,12373,18,5,5,0,0,690.0,1015
Multiple carriers,Delhi,Cochin,DEL ? HYD ? COK,22:20,No info,10478,3,3,6,0,0,425.0,915
Jet Airways,Delhi,Cochin,DEL ? JAI ? BOM ? COK,04:25 19 May,In-flight meal not included,13029,18,5,5,0,0,580.0,1125
Air India,Delhi,Cochin,DEL ? MAA ? COK,09:25 22 Mar,No info,6482,21,3,3,0,0,750.0,1255
Jet Airways,Delhi,Cochin,DEL ? BOM ? COK,19:00,No info,15554,18,5,5,0,0,540.0,600
Multiple carriers,Delhi,Cochin,DEL ? BOM ? COK,19:00,No info,11789,12,6,2,0,0,525.0,615
IndiGo,Kolkata,Banglore,CCU ? IXA ? BLR,20:10,No info,9413,24,3,6,0,0,870.0,340
Air India,Kolkata,Banglore,CCU ? GAU ? BLR,21:05 10 Jun,No info,7662,9,6,6,0,0,1005.0,1700
Multiple carriers,Delhi,Cochin,DEL ? BOM ? COK,01:30 22 May,No info,7888,21,5,1,0,0,1140.0,390
Air Asia,Kolkata,Banglore,CCU ? DEL ? BLR,23:30,No info,5192,15,5,2,0,0,455.0,955
Multiple carriers,Delhi,Cochin,DEL ? BOM ? COK,21:00,In-flight meal not included,6007,24,6,0,0,0,620.0,640
Jet Airways,Delhi,Cochin,DEL ? BOM ? COK,12:35 28 May,In-flight meal not included,12898,27,5,0,0,0,600.0,1595
Air India,Banglore,New Delhi,BLR ? BOM ? NAG ? DEL,10:35 16 Mar,No info,11885,18,3,0,0,0,530.0,1545
Vistara,Kolkata,Banglore,CCU ? DEL ? BLR,22:55,No info,14360,24,3,6,0,0,1020.0,355
Air India,Kolkata,Banglore,CCU ? GAU ? DEL ? BLR,12:30 13 May,No info,14330,12,5,6,0,0,1005.0,1185
Multiple carriers,Delhi,Cochin,DEL ? HYD ? COK,22:20,No info,6076,27,3,2,0,0,785.0,555
SpiceJet,Kolkata,Banglore,CCU ? BLR,09:35,No info,4622,1,3,4,0,0,415.0,160
Jet Airways,Kolkata,Banglore,CCU ? BOM ? BLR,08:15 10 May,No info,14388,9,5,3,0,0,1270.0,665
Multiple carriers,Delhi,Cochin,DEL ? BOM ? COK,19:00,No info,9794,21,5,1,0,0,525.0,615
IndiGo,Kolkata,Banglore,CCU ? BLR,17:45,No info,4804,3,6,0,0,0,915.0,150
Jet Airways,Kolkata,Banglore,CCU ? BOM ? BLR,04:40 10 May,In-flight meal not included,9663,9,5,3,0,0,1270.0,450
GoAir,Delhi,Cochin,DEL ? AMD ? COK,13:35,No info,5842,9,5,3,0,0,445.0,370
Multiple carriers,Delhi,Cochin,DEL ? BOM ? COK,15:30,No info,15603,3,3,6,0,0,420.0,510
IndiGo,Kolkata,Banglore,CCU ? BLR,00:55 04 Mar,No info,5618,3,3,6,0,0,1330.0,165
IndiGo,Kolkata,Banglore,CCU ? BLR,16:55,No info,6565,3,3,6,0,0,860.0,155
SpiceJet,Delhi,Cochin,DEL ? BLR ? COK,22:50,No info,5221,15,4,0,0,0,1075.0,295
Jet Airways,Delhi,Cochin,DEL ? JAI ? BOM ? COK,19:00,In-flight meal not included,10368,27,6,3,0,0,580.0,560
Air India,Delhi,Cochin,DEL ? MAA ? COK,09:25 25 Jun,No info,7480,24,6,0,0,0,1240.0,765
Jet Airways,Delhi,Cochin,DEL ? LKO ? BOM ? COK,12:35 13 Jun,No info,13882,12,6,2,0,0,705.0,1490
IndiGo,Delhi,Cochin,DEL ? HYD ? COK,16:10,No info,6442,24,6,0,0,0,410.0,560
IndiGo,Banglore,Delhi,BLR ? DEL,10:05,No info,4823,24,6,0,0,0,430.0,175
SpiceJet,Kolkata,Banglore,CCU ? BLR,19:40,No info,3873,21,5,1,0,0,1030.0,150
Jet Airways,Kolkata,Banglore,CCU ? DEL ? BLR,10:55 02 May,No info,12121,1,5,2,0,0,1020.0,1075
IndiGo,Banglore,Delhi,BLR ? DEL,13:00,No info,4423,27,4,5,0,0,610.0,170
Air India,Kolkata,Banglore,CCU ? BLR,16:45,No info,5510,24,6,0,0,0,855.0,150
Jet Airways,Banglore,Delhi,BLR ? DEL,11:20,No info,7229,6,4,5,0,0,500.0,180
Jet Airways,Delhi,Cochin,DEL ? BOM ? COK,12:35 10 Jun,In-flight meal not included,10577,9,6,6,0,0,1185.0,1010
Jet Airways,Mumbai,Hyderabad,BOM ? HYD,11:50,No info,8040,27,3,2,0,0,620.0,90
Jet Airways,Delhi,Cochin,DEL ? BOM ? COK,19:00,No info,14714,3,6,0,0,0,780.0,360
Jet Airways,Banglore,Delhi,BLR ? DEL,08:45,In-flight meal not included,7229,9,6,6,0,0,360.0,165
Multiple carriers,Delhi,Cochin,DEL ? HYD ? MAA ? COK,21:20,No info,6653,21,3,3,0,0,425.0,855
IndiGo,Delhi,Cochin,DEL ? HYD ? COK,16:10,No info,6442,24,6,0,0,0,305.0,665
IndiGo,Kolkata,Banglore,CCU ? BLR,00:05 13 May,No info,4804,12,5,6,0,0,1285.0,160
Air India,Delhi,Cochin,DEL ? HYD ? MAA ? COK,09:25 10 May,No info,9417,9,5,3,0,0,795.0,1210
Jet Airways,Kolkata,Banglore,CCU ? BOM ? BLR,19:50 25 May,In-flight meal not included,10844,24,5,4,0,0,1135.0,1495
Jet Airways,Banglore,Delhi,BLR ? DEL,20:45,No info,7229,12,5,6,0,0,1065.0,180
Jet Airways,Delhi,Cochin,DEL ? BOM ? COK,18:50,In-flight meal not included,15400,6,3,2,0,0,540.0,590
IndiGo,Delhi,Cochin,DEL ? BOM ? COK,21:00,No info,6416,15,6,5,0,0,510.0,750
Air India,Banglore,Delhi,BLR ? DEL,16:10,No info,5176,3,4,2,0,0,800.0,170
IndiGo,Delhi,Cochin,DEL ? BOM ? COK,01:35 22 Mar,No info,9264,21,3,3,0,0,960.0,575
Multiple carriers,Delhi,Cochin,DEL ? BOM ? COK,21:00,No info,13587,6,6,3,0,0,540.0,720
SpiceJet,Chennai,Kolkata,MAA ? CCU,10:35,No info,3597,1,5,2,0,0,500.0,135
Air Asia,Banglore,Delhi,BLR ? DEL,07:45,No info,4282,27,4,5,0,0,295.0,170
Jet Airways,Mumbai,Hyderabad,BOM ? HYD,08:30,In-flight meal not included,4995,27,6,3,0,0,425.0,85
IndiGo,Kolkata,Banglore,CCU ? BLR,22:55,No info,4804,1,6,5,0,0,1220.0,155
Jet Airways,Kolkata,Banglore,CCU ? BOM ? BLR,16:20,In-flight meal not included,10844,6,5,0,0,0,390.0,590
Jet Airways,Delhi,Cochin,DEL ? BOM ? COK,12:35 02 Jun,No info,14714,1,6,5,0,0,1310.0,885
Jet Airways,Kolkata,Banglore,CCU ? BOM ? BLR,09:20 07 Jun,No info,14571,6,6,3,0,0,1270.0,730
Jet Airways,Banglore,New Delhi,BLR ? BOM ? DEL,11:25 19 Mar,In-flight meal not included,7832,21,3,3,0,0,700.0,1425
Jet Airways,Kolkata,Banglore,CCU ? DEL ? BLR,18:00 02 Apr,No info,11467,1,4,0,0,0,1225.0,1295
Jet Airways,Kolkata,Banglore,CCU ? DEL ? BLR,10:55 10 May,No info,10953,9,5,3,0,0,1020.0,1075
IndiGo,Kolkata,Banglore,CCU ? BLR,23:05,No info,4148,9,3,5,0,0,1225.0,160
SpiceJet,Kolkata,Banglore,CCU ? BLR,11:25,No info,3873,9,5,3,0,0,540.0,145
IndiGo,Banglore,Delhi,BLR ? DEL,01:00 28 Apr,No info,3943,27,4,5,0,0,1330.0,170
Air Asia,Delhi,Cochin,DEL ? BLR ? COK,22:15,No info,6151,27,3,2,0,0,1005.0,330
Vistara,Mumbai,Hyderabad,BOM ? DEL ? HYD,22:55,No info,12080,12,3,1,0,0,525.0,850
Jet Airways,Kolkata,Banglore,CCU ? BOM ? BLR,10:05 10 May,No info,13584,9,5,3,0,0,1200.0,845
IndiGo,Delhi,Cochin,DEL ? BOM ? COK,01:30 07 May,No info,6979,6,5,0,0,0,685.0,845
Air Asia,Banglore,New Delhi,BLR ? DEL,02:10 13 Mar,No info,4482,9,3,5,0,0,1405.0,165
IndiGo,Kolkata,Banglore,CCU ? NAG ? BLR,23:30,No info,6284,1,4,0,0,0,1085.0,325
IndiGo,Kolkata,Banglore,CCU ? BBI ? BLR,23:15,No info,4226,24,5,4,0,0,1175.0,220
IndiGo,Delhi,Cochin,DEL ? HYD ? COK,16:10,No info,6442,9,3,5,0,0,400.0,570
Jet Airways,Delhi,Cochin,DEL ? BOM ? COK,04:25 19 May,In-flight meal not included,12373,18,5,5,0,0,1185.0,520
Jet Airways,Banglore,New Delhi,BLR ? BDQ ? DEL,15:00,No info,11297,12,3,1,0,0,350.0,550
Air India,Kolkata,Banglore,CCU ? DEL ? COK ? BLR,01:20 25 May,No info,14083,24,5,4,0,0,600.0,920
Jet Airways,Delhi,Cochin,DEL ? COK,14:15,In-flight meal not included,7202,3,6,0,0,0,660.0,195
Multiple carriers,Delhi,Cochin,DEL ? BOM ? COK,18:50,No info,11667,21,3,3,0,0,540.0,590
Jet Airways,Kolkata,Banglore,CCU ? BOM ? BLR,18:15 25 May,In-flight meal not included,10844,24,5,4,0,0,1135.0,1400
Air India,Banglore,New Delhi,BLR ? MAA ? DEL,08:55 16 Mar,No info,5932,15,3,4,0,0,710.0,1265
Multiple carriers,Delhi,Cochin,DEL ? BOM ? COK,19:15,No info,9001,24,6,0,0,0,525.0,630
Jet Airways,Kolkata,Banglore,CCU ? DEL ? BLR,23:35,In-flight meal not included,13469,6,6,3,0,0,1020.0,395
IndiGo,Mumbai,Hyderabad,BOM ? HYD,22:50,No info,2227,15,6,5,0,0,1280.0,90
IndiGo,Delhi,Cochin,DEL ? MAA ? COK,12:30,No info,5636,15,5,2,0,0,435.0,315
Multiple carriers,Delhi,Cochin,DEL ? IDR ? BOM ? COK,01:30 07 Jun,No info,15965,6,6,3,0,0,905.0,625
IndiGo,Delhi,Cochin,DEL ? BOM ? COK,01:30 25 Jun,No info,5054,24,6,0,0,0,1225.0,305
Multiple carriers,Delhi,Cochin,DEL ? HYD ? COK,16:10,In-flight meal not included,5999,21,3,3,0,0,430.0,540
IndiGo,Banglore,Delhi,BLR ? DEL,10:05,No info,4823,1,5,2,0,0,430.0,175
SpiceJet,Kolkata,Banglore,CCU ? KNU ? BLR,18:50,No info,8479,12,6,2,0,0,695.0,435
Vistara,Kolkata,Banglore,CCU ? DEL ? BLR,22:40,No info,8452,15,5,2,0,0,430.0,930
Jet Airways,Delhi,Cochin,DEL ? BOM ? COK,19:00,No info,14924,3,6,0,0,0,480.0,660
Air India,Delhi,Cochin,DEL ? AMD ? BOM ? COK,19:15 04 Jun,No info,10441,3,6,0,0,0,1185.0,1410
Multiple carriers,Delhi,Cochin,DEL ? BOM ? COK,21:00,No info,7485,21,5,1,0,0,360.0,900
Jet Airways,Banglore,Delhi,BLR ? DEL,11:20,In-flight meal not included,6478,6,6,3,0,0,500.0,180
Jet Airways,Delhi,Cochin,DEL ? AMD ? BOM ? COK,19:00 28 May,No info,15129,27,5,0,0,0,805.0,1775
IndiGo,Kolkata,Banglore,CCU ? HYD ? BLR,23:45,No info,3809,1,5,2,0,0,1160.0,265
Jet Airways,Delhi,Cochin,DEL ? BOM ? COK,19:00,1 Long layover,18581,24,6,0,0,0,480.0,660
IndiGo,Kolkata,Banglore,CCU ? BLR,00:50 10 Jun,No info,5224,9,6,6,0,0,1335.0,155
IndiGo,Delhi,Cochin,DEL ? BOM ? COK,01:30 10 May,No info,8330,9,5,3,0,0,1030.0,500
Air India,Banglore,Delhi,BLR ? DEL,12:45,No info,6961,9,6,6,0,0,600.0,165
Jet Airways,Delhi,Cochin,DEL ? BOM ? COK,19:00,In-flight meal not included,10262,9,6,6,0,0,480.0,660
IndiGo,Mumbai,Hyderabad,BOM ? HYD,04:05,No info,2754,21,6,4,0,0,155.0,90
Multiple carriers,Delhi,Cochin,DEL ? BOM ? COK,01:30 19 May,No info,13727,18,5,5,0,0,900.0,630
GoAir,Banglore,Delhi,BLR ? DEL,23:40,No info,3898,27,4,5,0,0,1255.0,165
Jet Airways,Banglore,New Delhi,BLR ? BOM ? DEL,12:25 13 Mar,In-flight meal not included,11087,12,3,1,0,0,1375.0,810
Air Asia,Banglore,Delhi,BLR ? DEL,02:45 07 Apr,No info,3383,6,4,5,0,0,1435.0,170
Jet Airways,Delhi,Cochin,DEL ? BOM ? COK,18:50 22 Mar,No info,12557,21,3,3,0,0,1050.0,1520
Jet Airways,Delhi,Cochin,DEL ? IXC ? BOM ? COK,04:25 22 Mar,In-flight meal not included,8273,21,3,3,0,0,380.0,1325
Air India,Mumbai,Hyderabad,BOM ? RPR ? VTZ ? HYD,19:10,No info,9736,12,3,1,0,0,605.0,545
Jet Airways,Delhi,Cochin,DEL ? BOM ? COK,19:00 25 Jun,In-flight meal not included,10262,24,6,0,0,0,1050.0,1530
Jet Airways,Delhi,Cochin,DEL ? IDR ? BOM ? COK,19:00,No info,11664,9,4,1,0,0,330.0,810
IndiGo,Banglore,Delhi,BLR ? DEL,02:20 02 May,No info,4591,1,5,2,0,0,1410.0,170
Jet Airways,Banglore,New Delhi,BLR ? BOM ? DEL,19:10,In-flight meal not included,13502,18,3,0,0,0,845.0,305
Air India,Delhi,Cochin,DEL ? BOM ? COK,19:15,No info,8372,27,6,3,0,0,780.0,375
Air India,Banglore,Delhi,BLR ? DEL,08:55,No info,6121,21,4,6,0,0,370.0,165
Vistara,Banglore,New Delhi,BLR ? DEL,18:35,No info,5613,21,3,3,0,0,960.0,155
IndiGo,Delhi,Cochin,DEL ? HYD ? COK,12:10,No info,5298,6,4,5,0,0,410.0,320
Jet Airways,Delhi,Cochin,DEL ? BOM ? COK,19:45,No info,15764,9,3,5,0,0,135.0,1050
Air Asia,Delhi,Cochin,DEL ? BLR ? COK,22:25,No info,6253,15,6,5,0,0,475.0,870
Jet Airways,Kolkata,Banglore,CCU ? BOM ? BLR,12:00,In-flight meal not included,8586,18,5,5,0,0,345.0,375
Jet Airways,Delhi,Cochin,DEL ? IXC ? BOM ? COK,04:25 28 Mar,No info,12273,27,3,2,0,0,380.0,1325
IndiGo,Mumbai,Hyderabad,BOM ? HYD,22:50,No info,2227,15,5,2,0,0,1280.0,90
Jet Airways,Banglore,Delhi,BLR ? DEL,22:50,In-flight meal not included,5769,12,6,2,0,0,1190.0,180
Vistara,Delhi,Cochin,DEL ? COK,17:50,No info,6216,18,4,3,0,0,880.0,190
IndiGo,Delhi,Cochin,DEL ? BLR ? COK,07:45,No info,6386,3,6,0,0,0,120.0,345
Multiple carriers,Delhi,Cochin,DEL ? BOM ? COK,19:15,No info,16108,1,6,5,0,0,600.0,555
SpiceJet,Kolkata,Banglore,CCU ? BLR,00:40 25 May,No info,3873,24,5,4,0,0,1340.0,140
IndiGo,Delhi,Cochin,DEL ? BOM ? COK,01:30 10 Apr,No info,6270,9,4,1,0,0,635.0,895
Air India,Banglore,Delhi,BLR ? DEL,23:55,No info,5911,12,4,4,0,0,1265.0,170
Multiple carriers,Delhi,Cochin,DEL ? BOM ? COK,19:15,No info,15077,6,3,2,0,0,550.0,605
Jet Airways,Banglore,New Delhi,BLR ? BOM ? DEL,11:25 02 Mar,No info,31825,1,3,4,0,0,1235.0,890
SpiceJet,Kolkata,Banglore,CCU ? KNU ? BLR,18:50,No info,8479,6,5,0,0,0,695.0,435
Vistara,Kolkata,Banglore,CCU ? DEL ? BLR,09:05 13 May,No info,9397,12,5,6,0,0,430.0,1555
Jet Airways,Delhi,Cochin,DEL ? BOM ? COK,12:35 04 Jun,In-flight meal not included,10262,3,6,0,0,0,540.0,1655
IndiGo,Delhi,Cochin,DEL ? COK,08:50,No info,4729,3,4,2,0,0,335.0,195
Jet Airways,Delhi,Cochin,DEL ? BOM ? COK,19:00 02 Jun,No info,14714,1,6,5,0,0,1050.0,1530
IndiGo,Kolkata,Banglore,CCU ? BLR,19:50,No info,4804,15,5,2,0,0,1035.0,155
IndiGo,Kolkata,Banglore,CCU ? BLR,23:10,No info,4804,3,6,0,0,0,1225.0,165
Air India,Mumbai,Hyderabad,BOM ? HYD,22:25,No info,2050,1,4,0,0,0,1265.0,80
Multiple carriers,Delhi,Cochin,DEL ? BOM ? COK,19:15,No info,8371,27,3,2,0,0,450.0,705
Multiple carriers,Delhi,Cochin,DEL ? BOM ? COK,19:00,No info,12192,27,6,3,0,0,600.0,540
Multiple carriers Premium economy,Delhi,Cochin,DEL ? BOM ? COK,18:50,No info,14629,21,3,3,0,0,360.0,770
IndiGo,Banglore,Delhi,BLR ? DEL,21:20,No info,4823,9,4,1,0,0,1105.0,175
Multiple carriers,Delhi,Cochin,DEL ? BOM ? COK,19:15,No info,14323,9,5,3,0,0,780.0,375
Jet Airways,Delhi,Cochin,DEL ? AMD ? BOM ? COK,12:35 10 May,No info,15129,9,5,3,0,0,805.0,1390
IndiGo,Delhi,Cochin,DEL ? BOM ? COK,21:00,No info,6758,18,5,5,0,0,400.0,860
Multiple carriers,Delhi,Cochin,DEL ? BOM ? COK,19:15,No info,14848,21,5,1,0,0,540.0,615
Air India,Banglore,New Delhi,BLR ? BOM ? NAG ? DEL,10:35 07 Mar,No info,12358,3,3,6,0,0,405.0,1670
Jet Airways,Banglore,Delhi,BLR ? DEL,22:00,In-flight meal not included,4030,21,5,1,0,0,1135.0,185
Air India,Kolkata,Banglore,CCU ? BLR,16:45,No info,4960,9,3,5,0,0,855.0,150
Air India,Delhi,Cochin,DEL ? AMD ? BOM ? COK,19:15 28 Mar,No info,8656,27,3,2,0,0,1000.0,1595
IndiGo,Delhi,Cochin,DEL ? BOM ? COK,21:00,No info,14871,6,3,2,0,0,550.0,710
GoAir,Delhi,Cochin,DEL ? AMD ? COK,13:20,No info,4563,27,3,2,0,0,360.0,440
IndiGo,Mumbai,Hyderabad,BOM ? HYD,22:45,No info,4784,6,3,2,0,0,1280.0,85
IndiGo,Banglore,Delhi,BLR ? DEL,22:50,No info,4823,1,6,5,0,0,1200.0,170
Vistara,Chennai,Kolkata,MAA ? CCU,09:20,No info,3687,3,5,4,0,0,425.0,135
Jet Airways,Banglore,Delhi,BLR ? DEL,18:10,No info,7229,27,4,5,0,0,915.0,175
Jet Airways,Banglore,Delhi,BLR ? DEL,10:10,No info,7229,15,4,0,0,0,430.0,180
Air India,Delhi,Cochin,DEL ? BLR ? COK,23:00,No info,7174,21,4,6,0,0,370.0,1010
Air India,Delhi,Cochin,DEL ? CCU ? BOM ? COK,07:40 22 Mar,No info,11071,21,3,3,0,0,410.0,1490
IndiGo,Delhi,Cochin,DEL ? BOM ? COK,21:00,No info,6979,15,5,2,0,0,295.0,965
IndiGo,Chennai,Kolkata,MAA ? CCU,10:15,No info,3850,15,5,2,0,0,475.0,140
Jet Airways,Kolkata,Banglore,CCU ? BOM ? BLR,09:20 13 Jun,No info,13044,12,6,2,0,0,1200.0,800
Jet Airways,Delhi,Cochin,DEL ? BOM ? COK,04:25 19 May,In-flight meal not included,12373,18,5,5,0,0,1255.0,450
Air India,Delhi,Cochin,DEL ? UDR ? BOM ? COK,07:40 19 May,No info,13801,18,5,5,0,0,800.0,1100
IndiGo,Banglore,Delhi,BLR ? DEL,11:20,No info,4823,1,6,5,0,0,510.0,170
Air India,Delhi,Cochin,DEL ? TRV ? COK,06:50 10 Jun,No info,6587,9,6,6,0,0,315.0,1535
IndiGo,Mumbai,Hyderabad,BOM ? HYD,21:40,No info,2227,3,6,0,0,0,1205.0,95
Jet Airways,Kolkata,Banglore,CCU ? DEL ? BLR,14:25 10 Jun,No info,14151,9,6,6,0,0,1020.0,1285
Air India,Banglore,New Delhi,BLR ? BOM ? BHO ? DEL,23:25 02 Mar,No info,25430,1,3,4,0,0,530.0,2315
SpiceJet,Banglore,Delhi,BLR ? DEL,00:05 28 Jun,No check-in baggage included,4319,27,6,3,0,0,1270.0,175
Air India,Delhi,Cochin,DEL ? BOM ? COK,07:40 04 Mar,No info,14462,3,3,6,0,0,240.0,1660
Jet Airways,Kolkata,Banglore,CCU ? BOM ? BLR,10:05 22 May,In-flight meal not included,8586,21,5,1,0,0,390.0,1655
Air India,Kolkata,Banglore,CCU ? GAU ? BLR,21:05,No info,7662,9,6,6,0,0,590.0,675
Jet Airways,Mumbai,Hyderabad,BOM ? HYD,08:30,In-flight meal not included,4995,3,5,4,0,0,425.0,85
Multiple carriers,Delhi,Cochin,DEL ? BOM ? COK,21:00,No info,7408,9,6,6,0,0,540.0,720
Jet Airways,Mumbai,Hyderabad,BOM ? HYD,21:05,No info,5678,15,3,4,0,0,1175.0,90
Jet Airways,Mumbai,Hyderabad,BOM ? HYD,21:05,No info,5678,9,6,6,0,0,1175.0,90
Jet Airways,Banglore,New Delhi,BLR ? BOM ? DEL,00:45 02 Mar,No info,26890,1,3,4,0,0,535.0,950
Air India,Mumbai,Hyderabad,BOM ? BHO ? DEL ? HYD,19:25 07 Mar,No info,13904,6,3,2,0,0,360.0,2245
Jet Airways,Delhi,Cochin,DEL ? ATQ ? BOM ? COK,04:25 02 Jun,In-flight meal not included,15318,1,6,5,0,0,1200.0,505
Vistara,Kolkata,Banglore,CCU ? DEL ? BLR,22:40 16 May,No info,8452,15,5,2,0,0,1220.0,1580
IndiGo,Delhi,Cochin,DEL ? BOM ? COK,21:00,No info,6314,9,6,6,0,0,635.0,625
Air India,Kolkata,Banglore,CCU ? DEL ? BLR,20:25,No info,10203,1,5,2,0,0,600.0,625
SpiceJet,Chennai,Kolkata,MAA ? CCU,10:35,No info,3597,15,6,5,0,0,500.0,135
Multiple carriers,Delhi,Cochin,DEL ? BOM ? COK,19:15,No info,8266,12,6,2,0,0,620.0,535
Jet Airways,Delhi,Cochin,DEL ? BOM ? COK,12:35 19 May,In-flight meal not included,12373,18,5,5,0,0,1310.0,885
Jet Airways,Banglore,New Delhi,BLR ? BOM ? DEL,21:20,No info,36235,1,3,4,0,0,845.0,435
IndiGo,Delhi,Cochin,DEL ? BOM ? COK,21:00,No info,14871,3,3,6,0,0,505.0,755
Jet Airways,Banglore,Delhi,BLR ? DEL,20:45,No info,7229,12,4,4,0,0,1065.0,180
IndiGo,Kolkata,Banglore,CCU ? BLR,00:50 25 Apr,No info,4804,24,4,2,0,0,1335.0,155
IndiGo,Banglore,New Delhi,BLR ? DEL,22:55,No info,7303,3,3,6,0,0,1200.0,175
Multiple carriers,Delhi,Cochin,DEL ? BOM ? COK,21:00,No info,13587,1,6,5,0,0,690.0,570
Multiple carriers,Delhi,Cochin,DEL ? HYD ? COK,22:30,No info,7740,18,5,5,0,0,895.0,455
IndiGo,Chennai,Kolkata,MAA ? CCU,17:05,No info,7295,1,3,4,0,0,880.0,145
Multiple carriers,Delhi,Cochin,DEL ? BOM ? COK,01:35 04 Mar,No info,18916,3,3,6,0,0,1095.0,440
Multiple carriers,Delhi,Cochin,DEL ? BOM ? COK,19:15,No info,8266,21,5,1,0,0,770.0,385
Jet Airways,Delhi,Cochin,DEL ? BOM ? COK,04:25 19 May,In-flight meal not included,12373,18,5,5,0,0,135.0,1570
Multiple carriers,Delhi,Cochin,DEL ? HYD ? COK,22:30,No info,11188,18,5,5,0,0,795.0,555
Jet Airways,Kolkata,Banglore,CCU ? DEL ? BLR,18:00,No info,14151,18,5,5,0,0,575.0,505
Jet Airways,Delhi,Cochin,DEL ? BOM ? COK,19:00,No info,14714,1,6,5,0,0,480.0,660
Jet Airways,Banglore,Delhi,BLR ? DEL,10:10,No info,7229,6,4,5,0,0,430.0,180
Jet Airways,Delhi,Cochin,DEL ? BOM ? COK,04:25 28 Mar,No info,12242,27,3,2,0,0,540.0,1165
Jet Airways,Banglore,New Delhi,BLR ? BOM ? DEL,12:25,In-flight meal not included,9134,15,3,4,0,0,420.0,325
IndiGo,Banglore,Delhi,BLR ? DEL,01:00 02 May,No info,3943,1,5,2,0,0,1330.0,170
Air India,Banglore,Delhi,BLR ? DEL,12:45,No info,6961,1,6,5,0,0,600.0,165
Jet Airways,Mumbai,Hyderabad,BOM ? JDH ? DEL ? HYD,16:35,No info,23843,12,3,1,0,0,495.0,500
SpiceJet,Chennai,Kolkata,MAA ? CCU,12:00,No info,3597,24,5,4,0,0,585.0,135
Multiple carriers,Delhi,Cochin,DEL ? BOM ? COK,21:00,No info,7408,27,6,3,0,0,780.0,480
SpiceJet,Banglore,Delhi,BLR ? DEL,08:35,No check-in baggage included,3257,27,5,0,0,0,355.0,160
SpiceJet,Mumbai,Hyderabad,BOM ? HYD,07:15,No check-in baggage included,1965,6,5,0,0,0,345.0,90
Multiple carriers,Delhi,Cochin,DEL ? BOM ? COK,19:15,No info,9100,27,3,2,0,0,400.0,755
Air India,Mumbai,Hyderabad,BOM ? HYD,20:45,No info,3100,18,6,1,0,0,1170.0,75
Jet Airways,Banglore,New Delhi,BLR ? BOM ? DEL,18:25,No info,26890,1,3,4,0,0,480.0,625
Jet Airways,Banglore,Delhi,BLR ? DEL,20:45,No info,8016,24,6,0,0,0,1065.0,180
Air India,Kolkata,Banglore,CCU ? DEL ? BLR,20:25 25 Mar,No info,12173,24,3,6,0,0,1230.0,1435
IndiGo,Delhi,Cochin,DEL ? BOM ? COK,21:00,No info,8784,27,5,0,0,0,295.0,965
IndiGo,Delhi,Cochin,DEL ? HYD ? COK,12:10,No info,5298,9,5,3,0,0,410.0,320
Jet Airways,Banglore,New Delhi,BLR ? BOM ? DEL,09:30 13 Mar,In-flight meal not included,11087,9,3,5,0,0,535.0,1475
SpiceJet,Delhi,Cochin,DEL ? BLR ? COK,22:50,No info,5409,9,6,6,0,0,1075.0,295
GoAir,Delhi,Cochin,DEL ? AMD ? COK,13:35,No info,5842,1,5,2,0,0,445.0,370
Jet Airways,Mumbai,Hyderabad,BOM ? HYD,17:20,In-flight meal not included,2228,18,3,0,0,0,950.0,90
SpiceJet,Chennai,Kolkata,MAA ? CCU,20:05,No check-in baggage included,3543,6,5,0,0,0,1065.0,140
IndiGo,Kolkata,Banglore,CCU ? PNQ ? BLR,02:15 22 May,No info,7228,21,5,1,0,0,1260.0,315
IndiGo,Delhi,Cochin,DEL ? HYD ? COK,12:10,No info,6287,15,4,0,0,0,305.0,425
Multiple carriers,Delhi,Cochin,DEL ? BOM ? COK,01:30 28 Jun,No info,13377,27,6,3,0,0,780.0,750
IndiGo,Kolkata,Banglore,CCU ? BLR,20:00,No info,6985,3,3,6,0,0,1035.0,165
Air India,Delhi,Cochin,DEL ? BOM ? COK,19:15,No info,8372,3,6,0,0,0,780.0,375
Air India,Kolkata,Banglore,CCU ? BOM ? AMD ? BLR,05:25 22 May,No info,14687,21,5,1,0,0,565.0,1200
Jet Airways,Delhi,Cochin,DEL ? COK,14:15,No info,9564,9,3,5,0,0,660.0,195
Vistara,Mumbai,Hyderabad,BOM ? DEL ? HYD,16:45,No info,12080,12,3,1,0,0,525.0,480
Multiple carriers,Delhi,Cochin,DEL ? IXU ? BOM ? COK,01:30 04 Jun,No info,18275,3,6,0,0,0,1070.0,460
IndiGo,Delhi,Cochin,DEL ? BOM ? COK,21:00,No info,6093,6,6,3,0,0,450.0,810
Jet Airways,Delhi,Cochin,DEL ? BHO ? BOM ? COK,04:25 10 Mar,No info,14861,9,3,5,0,0,340.0,1365
IndiGo,Kolkata,Banglore,CCU ? BLR,14:05,No info,4804,18,5,5,0,0,690.0,155
Jet Airways,Kolkata,Banglore,CCU ? DEL ? BLR,19:10 02 May,In-flight meal not included,9314,1,5,2,0,0,1225.0,1365
Multiple carriers,Delhi,Cochin,DEL ? BOM ? COK,19:00,No info,9794,9,5,3,0,0,525.0,615
Jet Airways,Delhi,Cochin,DEL ? JAI ? BOM ? COK,19:00,In-flight meal not included,13029,21,5,1,0,0,330.0,810
SpiceJet,Kolkata,Banglore,CCU ? BLR,19:40,No check-in baggage included,3841,3,6,0,0,0,1030.0,150
Jet Airways,Banglore,New Delhi,BLR ? BOM ? DEL,13:15,No info,12284,18,3,0,0,0,480.0,315
Jet Airways,Delhi,Cochin,DEL ? BOM ? COK,04:25 10 Jun,No info,14714,9,6,6,0,0,1310.0,395
Jet Airways,Kolkata,Banglore,CCU ? BOM ? BLR,22:35,In-flight meal not included,7064,1,4,0,0,0,390.0,965
Jet Airways,Banglore,Delhi,BLR ? DEL,10:10,In-flight meal not included,5198,18,5,5,0,0,430.0,180
Jet Airways,Kolkata,Banglore,CCU ? BOM ? BLR,16:20,No info,14781,15,5,2,0,0,390.0,590
Air India,Delhi,Cochin,DEL ? CCU ? BOM ? COK,19:15 25 Jun,No info,13381,24,6,0,0,0,1215.0,1380
Air India,Delhi,Cochin,DEL ? COK,08:00,No info,6094,1,6,5,0,0,310.0,170
IndiGo,Delhi,Cochin,DEL ? HYD ? COK,12:10,No info,5298,1,6,5,0,0,410.0,320
Multiple carriers,Delhi,Cochin,DEL ? BOM ? COK,21:00,No info,7408,27,6,3,0,0,600.0,660
Jet Airways,Kolkata,Banglore,CCU ? BOM ? BLR,12:00 13 May,No info,14388,12,5,6,0,0,1270.0,890
Air India,Delhi,Cochin,DEL ? AMD ? BOM ? COK,19:15 25 Jun,No info,9443,24,6,0,0,0,1185.0,1410
Air India,Delhi,Cochin,DEL ? HYD ? BOM ? COK,19:15 04 Mar,No info,11762,3,3,6,0,0,425.0,2170
Air India,Delhi,Cochin,DEL ? MAA ? COK,09:25 28 Jun,No info,7480,27,6,3,0,0,750.0,1255
IndiGo,Delhi,Cochin,DEL ? COK,08:50,No info,5406,15,3,4,0,0,335.0,195
Jet Airways,Delhi,Cochin,DEL ? COK,14:15,No info,9564,12,6,2,0,0,660.0,195
Jet Airways,Delhi,Cochin,DEL ? JAI ? BOM ? COK,19:00,In-flight meal not included,10368,9,6,6,0,0,580.0,560
IndiGo,Delhi,Cochin,DEL ? MAA ? COK,12:30,No info,5636,9,5,3,0,0,435.0,315
SpiceJet,Mumbai,Hyderabad,BOM ? HYD,00:15 10 May,No check-in baggage included,1965,9,5,3,0,0,1365.0,90
Jet Airways,Kolkata,Banglore,CCU ? BOM ? BLR,04:40 13 Jun,No info,12739,12,6,2,0,0,1270.0,450
IndiGo,Kolkata,Banglore,CCU ? BLR,16:55,No info,4148,12,3,1,0,0,860.0,155
IndiGo,Delhi,Cochin,DEL ? BOM ? COK,21:00,No info,7191,9,5,3,0,0,400.0,860
Jet Airways,Delhi,Cochin,DEL ? BOM ? COK,04:25 07 Jun,In-flight meal not included,10262,6,6,3,0,0,425.0,1280
Vistara,Kolkata,Banglore,CCU ? DEL ? BLR,20:25,No info,12312,24,3,6,0,0,595.0,630
Jet Airways,Delhi,Cochin,DEL ? BOM ? COK,19:00 04 Jun,In-flight meal not included,10262,3,6,0,0,0,1095.0,1485
Jet Airways,Delhi,Cochin,DEL ? COK,14:15,No info,9564,15,6,5,0,0,660.0,195
Jet Airways,Kolkata,Banglore,CCU ? BOM ? BLR,04:45 25 Mar,No info,13759,24,3,6,0,0,390.0,1335
Vistara,Kolkata,Banglore,CCU ? DEL ? BLR,20:20 07 May,No info,8610,6,5,0,0,0,1020.0,1640
Jet Airways,Delhi,Cochin,DEL ? BOM ? COK,19:00,No info,14714,15,6,5,0,0,780.0,360
IndiGo,Banglore,Delhi,BLR ? DEL,11:20,No info,4823,3,6,0,0,0,510.0,170
Air Asia,Delhi,Cochin,DEL ? BLR ? COK,15:45,No info,6451,27,5,0,0,0,475.0,470
Jet Airways,Delhi,Cochin,DEL ? BOM ? COK,19:00,No info,16079,21,5,1,0,0,840.0,300
Jet Airways,Delhi,Cochin,DEL ? COK,14:15,In-flight meal not included,7202,1,6,5,0,0,660.0,195
IndiGo,Banglore,New Delhi,BLR ? DEL,02:20 22 Mar,No info,4944,24,3,6,0,0,1410.0,170
SpiceJet,Banglore,Delhi,BLR ? DEL,08:35,No info,3625,1,6,5,0,0,355.0,160
Jet Airways,Kolkata,Banglore,CCU ? BOM ? BLR,12:00 10 May,In-flight meal not included,9663,9,5,3,0,0,845.0,1315
Multiple carriers,Delhi,Cochin,DEL ? BOM ? COK,19:00,No info,9794,15,5,2,0,0,620.0,520
SpiceJet,Mumbai,Hyderabad,BOM ? HYD,14:45,No info,2437,1,5,2,0,0,795.0,90
Multiple carriers,Delhi,Cochin,DEL ? BOM ? COK,01:30 16 Jun,No info,13377,15,6,5,0,0,600.0,930
Jet Airways,Kolkata,Banglore,CCU ? BOM ? BLR,04:40 07 Jun,In-flight meal not included,8586,6,6,3,0,0,1200.0,520
Jet Airways,Banglore,New Delhi,BLR ? BOM ? DEL,15:15,No info,19225,6,3,2,0,0,535.0,380
Jet Airways,Delhi,Cochin,DEL ? BOM ? COK,04:25 19 May,No info,15554,18,5,5,0,0,1370.0,335
Jet Airways,Kolkata,Banglore,CCU ? DEL ? BLR,22:05,No info,12121,1,5,2,0,0,575.0,750
IndiGo,Banglore,Delhi,BLR ? DEL,13:00,No info,3943,27,5,0,0,0,610.0,170
Jet Airways,Banglore,New Delhi,BLR ? BOM ? DEL,09:00 16 Mar,No info,13555,18,3,0,0,0,1285.0,695
IndiGo,Banglore,Delhi,BLR ? DEL,21:20,No info,4990,21,6,4,0,0,1095.0,185
Air India,Delhi,Cochin,DEL ? BLR ? COK,23:00 07 Mar,No info,8854,6,3,2,0,0,1230.0,1590
Multiple carriers,Delhi,Cochin,DEL ? HYD ? COK,16:10,No info,7878,27,5,0,0,0,430.0,540
Vistara,Banglore,New Delhi,BLR ? DEL,12:35,No info,8028,3,3,6,0,0,590.0,165
Jet Airways,Kolkata,Banglore,CCU ? BOM ? BLR,08:15 10 May,In-flight meal not included,8586,9,5,3,0,0,1135.0,800
Air India,Kolkata,Banglore,CCU ? DEL ? COK ? BLR,13:45 02 May,No info,15164,1,5,2,0,0,1050.0,1215
Jet Airways,Banglore,New Delhi,BLR ? BOM ? DEL,15:15,No info,12284,18,3,0,0,0,420.0,495
Jet Airways,Mumbai,Hyderabad,BOM ? HYD,08:30,In-flight meal not included,4995,21,6,4,0,0,425.0,85
Multiple carriers,Delhi,Cochin,DEL ? BOM ? COK,19:15,No info,10051,27,5,0,0,0,525.0,630
Jet Airways,Kolkata,Banglore,CCU ? BOM ? BLR,10:05 22 May,In-flight meal not included,9663,21,5,1,0,0,845.0,1200
Air India,Kolkata,Banglore,CCU ? DEL ? AMD ? BLR,05:25 02 May,No info,14424,1,5,2,0,0,420.0,1345
Jet Airways,Delhi,Cochin,DEL ? BOM ? COK,19:00,No info,14714,15,6,5,0,0,600.0,540
Air India,Mumbai,Hyderabad,BOM ? HYD,15:25,No info,3100,24,5,4,0,0,835.0,90
IndiGo,Delhi,Cochin,DEL ? BLR ? COK,22:25,No info,6493,6,6,3,0,0,1025.0,320
Jet Airways,Kolkata,Banglore,CCU ? BOM ? BLR,23:35,No info,14571,6,6,3,0,0,390.0,1025
Jet Airways,Delhi,Cochin,DEL ? JAI ? BOM ? COK,19:00,In-flight meal not included,10368,15,6,5,0,0,330.0,810
Jet Airways,Delhi,Cochin,DEL ? BOM ? COK,04:25 04 Jun,No info,14714,3,6,0,0,0,900.0,805
SpiceJet,Chennai,Kolkata,MAA ? CCU,10:35,No check-in baggage included,3543,18,5,5,0,0,500.0,135
Air Asia,Kolkata,Banglore,CCU ? DEL ? BLR,19:25,No info,6810,6,6,3,0,0,455.0,710
SpiceJet,Kolkata,Banglore,CCU ? BLR,11:30,No check-in baggage included,5201,24,3,6,0,0,540.0,150
Multiple carriers,Delhi,Cochin,DEL ? BOM ? COK,01:30 25 Jun,No info,13377,24,6,0,0,0,1050.0,480
Multiple carriers Premium economy,Delhi,Cochin,DEL ? BOM ? COK,18:50,No info,14629,21,3,3,0,0,450.0,680
IndiGo,Delhi,Cochin,DEL ? BOM ? COK,21:00,No info,6093,9,4,1,0,0,450.0,810
Multiple carriers,Delhi,Cochin,DEL ? GWL ? IDR ? BOM ? COK,01:30 13 Jun,No info,15419,12,6,2,0,0,695.0,835
Air India,Kolkata,Banglore,CCU ? BOM ? COK ? BLR,13:45 22 May,No info,13484,21,5,1,0,0,1010.0,1255
Air India,Delhi,Cochin,DEL ? BOM ? COK,07:40 19 May,No info,8372,18,5,5,0,0,1260.0,640
Air India,Banglore,New Delhi,BLR ? HYD ? VGA ? DEL,11:20 16 Mar,No info,8534,15,3,4,0,0,495.0,1625
Jet Airways,Banglore,Delhi,BLR ? DEL,20:45,In-flight meal not included,4030,15,5,2,0,0,1065.0,180
Jet Airways,Delhi,Cochin,DEL ? IDR ? BOM ? COK,04:25 25 Jun,No info,13292,24,6,0,0,0,575.0,1130
Jet Airways,Delhi,Cochin,DEL ? JAI ? BOM ? COK,04:25 25 Jun,No info,13014,24,6,0,0,0,330.0,1375
Air India,Delhi,Cochin,DEL ? BOM ? COK,19:15,No info,16754,9,3,5,0,0,480.0,675
IndiGo,Kolkata,Banglore,CCU ? BLR,19:55,No info,6565,1,3,4,0,0,1035.0,160
Jet Airways,Delhi,Cochin,DEL ? BOM ? COK,19:00 28 May,No info,16079,27,5,0,0,0,1370.0,1210
Jet Airways,Delhi,Cochin,DEL ? IDR ? BOM ? COK,12:35 10 May,In-flight meal not included,11507,9,5,3,0,0,1285.0,910
Vistara,Mumbai,Hyderabad,BOM ? DEL ? HYD,09:25 07 Mar,No info,12395,6,3,2,0,0,450.0,1555
IndiGo,Banglore,New Delhi,BLR ? BOM ? DEL,00:35 02 Mar,No info,22153,1,3,4,0,0,1175.0,300
Jet Airways,Delhi,Cochin,DEL ? NAG ? BOM ? COK,12:35 28 Jun,In-flight meal not included,10919,27,6,3,0,0,405.0,1790
Jet Airways,Kolkata,Banglore,CCU ? BOM ? BLR,04:45 25 Mar,No info,13759,24,3,6,0,0,1270.0,455
Air India,Delhi,Cochin,DEL ? COK,08:00,No info,6094,18,4,3,0,0,310.0,170
Air India,Kolkata,Banglore,CCU ? BOM ? COK ? BLR,13:45 22 May,No info,11542,21,5,1,0,0,565.0,1700
Jet Airways,Delhi,Cochin,DEL ? NAG ? BOM ? COK,04:25 10 Jun,No info,13376,9,6,6,0,0,405.0,1300
Jet Airways,Banglore,New Delhi,BLR ? BOM ? DEL,10:25 02 Mar,No info,25735,1,3,4,0,0,700.0,1365
Jet Airways,Banglore,New Delhi,BLR ? BOM ? DEL,23:00 07 Mar,No info,17471,6,3,2,0,0,1370.0,1450
Jet Airways,Kolkata,Banglore,CCU ? BOM ? BLR,23:35,In-flight meal not included,10844,9,6,6,0,0,990.0,425
Air India,Delhi,Cochin,DEL ? BOM ? COK,07:40 04 Jun,No info,8372,3,6,0,0,0,1140.0,760
IndiGo,Chennai,Kolkata,MAA ? CCU,14:00,No info,3858,15,6,5,0,0,695.0,145
IndiGo,Banglore,New Delhi,BLR ? DEL,04:15,No info,5694,15,3,4,0,0,90.0,165
Jet Airways,Delhi,Cochin,DEL ? BOM ? COK,18:50 04 Mar,No info,17234,3,3,6,0,0,1095.0,1475
Jet Airways,Delhi,Cochin,DEL ? LKO ? BOM ? COK,04:25 10 Apr,No info,11546,9,4,1,0,0,565.0,1140
Vistara,Banglore,New Delhi,BLR ? DEL,09:40,No info,8028,3,3,6,0,0,420.0,160
Jet Airways,Banglore,Delhi,BLR ? DEL,22:50,No info,8016,15,6,5,0,0,1190.0,180
Air India,Kolkata,Banglore,CCU ? DEL ? BLR,20:25 25 May,No info,10413,24,5,4,0,0,1230.0,1435
Air India,Banglore,New Delhi,BLR ? CCU ? GAU ? DEL,22:10,No info,11948,12,3,1,0,0,665.0,665
Jet Airways,Mumbai,Hyderabad,BOM ? HYD,11:50,In-flight meal not included,3205,1,4,0,0,0,620.0,90
IndiGo,Banglore,Delhi,BLR ? DEL,15:50,No info,4423,18,5,5,0,0,780.0,170
Vistara,Banglore,New Delhi,BLR ? DEL,09:40,No info,4878,24,3,6,0,0,420.0,160
IndiGo,Delhi,Cochin,DEL ? BLR ? COK,22:15,No info,5912,15,4,0,0,0,1025.0,310
Air India,Kolkata,Banglore,CCU ? IXR ? DEL ? BLR,08:55 13 May,No info,11411,12,5,6,0,0,350.0,1625
Multiple carriers,Delhi,Cochin,DEL ? BOM ? COK,21:00,No info,7618,24,6,0,0,0,420.0,840
Jet Airways,Banglore,Delhi,BLR ? DEL,18:10,No info,7229,12,4,4,0,0,915.0,175
IndiGo,Delhi,Cochin,DEL ? BLR ? COK,20:00,No info,6147,27,6,3,0,0,910.0,290
Jet Airways,Delhi,Cochin,DEL ? BDQ ? BOM ? COK,04:25 16 Jun,No info,14237,15,6,5,0,0,1105.0,600
IndiGo,Delhi,Cochin,DEL ? AMD ? COK,13:40,No info,6101,21,3,3,0,0,465.0,355
Air India,Kolkata,Banglore,CCU ? BOM ? GOI ? BLR,05:35 22 May,No info,12324,21,5,1,0,0,1010.0,765
Vistara,Banglore,New Delhi,BLR ? AMD ? DEL,21:55,No info,18387,1,3,4,0,0,400.0,915
Jet Airways,Delhi,Cochin,DEL ? BOM ? COK,04:25 04 Jun,In-flight meal not included,10262,3,6,0,0,0,960.0,745
Jet Airways,Delhi,Cochin,DEL ? BOM ? COK,19:00,In-flight meal not included,10262,15,6,5,0,0,540.0,600
Jet Airways,Banglore,Delhi,BLR ? DEL,10:10,No info,7229,21,4,6,0,0,430.0,180
Air Asia,Kolkata,Banglore,CCU ? BLR,01:20 28 Jun,No info,3807,27,6,3,0,0,1370.0,150
Multiple carriers,Delhi,Cochin,DEL ? BOM ? COK,01:35 22 Mar,No info,7695,21,3,3,0,0,915.0,620
Air India,Kolkata,Banglore,CCU ? IXR ? DEL ? BLR,08:55 19 May,No info,12723,18,5,5,0,0,350.0,1625
SpiceJet,Mumbai,Hyderabad,BOM ? HYD,14:45,No check-in baggage included,2175,15,5,2,0,0,795.0,90
IndiGo,Delhi,Cochin,DEL ? BOM ? COK,01:30 28 May,No info,6628,27,5,0,0,0,555.0,975
Jet Airways,Delhi,Cochin,DEL ? NAG ? BOM ? COK,04:25 13 Jun,No info,13376,12,6,2,0,0,875.0,830
IndiGo,Kolkata,Banglore,CCU ? BLR,17:45,No info,4148,27,3,2,0,0,910.0,155
Jet Airways,Delhi,Cochin,DEL ? IDR ? BOM ? COK,04:25 28 Mar,In-flight meal not included,9254,27,3,2,0,0,325.0,1380
Jet Airways,Banglore,Delhi,BLR ? DEL,22:00,No info,8016,24,6,0,0,0,1135.0,185
Jet Airways,Banglore,Delhi,BLR ? DEL,20:45,In-flight meal not included,4030,1,5,2,0,0,1065.0,180
Jet Airways,Banglore,Delhi,BLR ? DEL,20:45,In-flight meal not included,5198,12,5,6,0,0,1065.0,180
Air Asia,Kolkata,Banglore,CCU ? BLR,22:25,No info,4409,15,4,0,0,0,1195.0,150
Air India,Mumbai,Hyderabad,BOM ? HYD,15:25,No info,10082,1,3,4,0,0,835.0,90
Jet Airways,Kolkata,Banglore,CCU ? BOM ? BLR,10:05 19 May,In-flight meal not included,9663,18,5,5,0,0,845.0,1200
SpiceJet,Banglore,Delhi,BLR ? DEL,08:35,No info,3971,3,4,2,0,0,355.0,160
IndiGo,Chennai,Kolkata,MAA ? CCU,10:15,No info,6297,15,3,4,0,0,475.0,140
SpiceJet,Banglore,Delhi,BLR ? DEL,08:35,No check-in baggage included,3573,9,5,3,0,0,355.0,160
Jet Airways,Kolkata,Banglore,CCU ? BOM ? BLR,22:35,In-flight meal not included,10844,21,5,1,0,0,845.0,510
IndiGo,Banglore,Delhi,BLR ? DEL,08:50,No info,4423,27,4,5,0,0,365.0,165
Jet Airways,Banglore,New Delhi,BLR ? BOM ? DEL,21:20,No info,19225,6,3,2,0,0,845.0,435
IndiGo,Chennai,Kolkata,MAA ? CCU,00:30 13 Mar,No info,6297,12,3,1,0,0,1325.0,145
SpiceJet,Kolkata,Banglore,CCU ? BLR,00:40 07 Mar,No info,3849,6,3,2,0,0,1340.0,140
Multiple carriers,Delhi,Cochin,DEL ? BOM ? COK,15:30,No info,15078,6,3,2,0,0,480.0,450
IndiGo,Kolkata,Banglore,CCU ? HYD ? BLR,23:45,No info,4205,12,5,6,0,0,1160.0,265
Air India,Banglore,Delhi,BLR ? DEL,16:10,No info,5228,27,5,0,0,0,800.0,170
Multiple carriers,Delhi,Cochin,DEL ? BOM ? COK,21:00,No info,7408,6,6,3,0,0,420.0,840
Jet Airways,Banglore,Delhi,BLR ? DEL,14:05,In-flight meal not included,7229,9,6,6,0,0,670.0,175
Jet Airways,Delhi,Cochin,DEL ? NAG ? BOM ? COK,04:25 16 Jun,In-flight meal not included,10919,15,6,5,0,0,875.0,830
Jet Airways,Banglore,Delhi,BLR ? DEL,18:10,In-flight meal not included,4544,1,5,2,0,0,915.0,175
Jet Airways,Delhi,Cochin,DEL ? BOM ? COK,04:25 22 Mar,In-flight meal not included,6540,21,3,3,0,0,480.0,1225
Jet Airways,Delhi,Cochin,DEL ? AMD ? BOM ? COK,18:50 22 Mar,No info,9483,21,3,3,0,0,1150.0,1420
Jet Airways,Delhi,Cochin,DEL ? BOM ? COK,19:00,No info,16079,21,5,1,0,0,600.0,540
Multiple carriers,Delhi,Cochin,DEL ? BOM ? COK,01:30 02 Jun,No info,13377,1,6,5,0,0,1095.0,435
IndiGo,Banglore,Delhi,BLR ? DEL,21:50,No info,4823,3,6,0,0,0,1135.0,175
Jet Airways,Kolkata,Banglore,CCU ? DEL ? BLR,10:55 16 May,No info,14151,15,5,2,0,0,1020.0,1075
GoAir,Kolkata,Banglore,CCU ? BOM ? BLR,07:45 10 May,No info,6095,9,5,3,0,0,1410.0,495
Air India,Delhi,Cochin,DEL ? BOM ? COK,19:15,No info,12029,27,5,0,0,0,600.0,555
Air India,Kolkata,Banglore,CCU ? HYD ? BLR,11:05 07 Apr,No info,4437,6,4,5,0,0,1140.0,965
IndiGo,Banglore,Delhi,BLR ? DEL,04:15,No info,3419,27,6,3,0,0,90.0,165
IndiGo,Banglore,Delhi,BLR ? DEL,13:00,No info,3943,1,4,0,0,0,610.0,170
Multiple carriers,Delhi,Cochin,DEL ? BOM ? COK,01:35 22 Mar,No info,13542,21,3,3,0,0,840.0,695
Air India,Delhi,Cochin,DEL ? BLR ? COK,23:00,No info,7174,27,6,3,0,0,1060.0,320
IndiGo,Mumbai,Hyderabad,BOM ? HYD,10:35,No info,7417,9,3,5,0,0,550.0,85
Jet Airways,Delhi,Cochin,DEL ? AMD ? BOM ? COK,04:25 10 May,No info,16704,9,5,3,0,0,805.0,900
Air India,Kolkata,Banglore,CCU ? BLR,23:20,No info,4435,18,3,0,0,0,1245.0,155
Air India,Kolkata,Banglore,CCU ? BOM ? GOI ? BLR,05:35 22 May,No info,11432,21,5,1,0,0,565.0,1210
Air Asia,Banglore,Delhi,BLR ? DEL,02:45 22 Jun,No info,3383,21,6,4,0,0,1435.0,170
IndiGo,Kolkata,Banglore,CCU ? BLR,07:15,No info,4804,21,4,6,0,0,280.0,155
Air Asia,Banglore,Delhi,BLR ? DEL,07:45,No info,3383,27,5,0,0,0,295.0,170
IndiGo,Kolkata,Banglore,CCU ? GAU ? BLR,20:30,No info,6991,24,5,4,0,0,910.0,320
Air India,Delhi,Cochin,DEL ? AMD ? BOM ? COK,19:15 10 May,No info,10441,9,5,3,0,0,300.0,2295
IndiGo,Delhi,Cochin,DEL ? HYD ? COK,12:00,No info,5073,21,3,3,0,0,455.0,265
Multiple carriers,Delhi,Cochin,DEL ? BOM ? COK,01:35 22 Mar,No info,7695,21,3,3,0,0,620.0,915
Air India,Delhi,Cochin,DEL ? MAA ? COK,09:25 25 May,No info,7480,24,5,4,0,0,1240.0,765
Jet Airways,Delhi,Cochin,DEL ? BOM ? COK,12:35 10 Jun,In-flight meal not included,10262,9,6,6,0,0,690.0,1505
Jet Airways,Banglore,New Delhi,BLR ? BOM ? DEL,11:25 13 Mar,No info,13817,12,3,1,0,0,1375.0,750
Jet Airways,Kolkata,Banglore,CCU ? DEL ? BLR,19:10,No info,13067,21,5,1,0,0,575.0,575
SpiceJet,Mumbai,Hyderabad,BOM ? HYD,14:45,No check-in baggage included,1965,6,6,3,0,0,795.0,90
IndiGo,Delhi,Cochin,DEL ? HYD ? COK,16:10,No info,6674,6,6,3,0,0,410.0,560
Air India,Mumbai,Hyderabad,BOM ? GOI ? PNQ ? HYD,16:55,No info,16172,12,3,1,0,0,305.0,710
Multiple carriers,Delhi,Cochin,DEL ? BOM ? COK,19:15,In-flight meal not included,7268,24,6,0,0,0,770.0,385
Jet Airways,Banglore,New Delhi,BLR ? BOM ? DEL,12:15,No info,17524,15,3,4,0,0,420.0,315
Multiple carriers,Delhi,Cochin,DEL ? BOM ? COK,01:30 22 May,No info,7888,21,5,1,0,0,1080.0,450
IndiGo,Mumbai,Hyderabad,BOM ? HYD,20:35,No info,2754,6,6,3,0,0,1145.0,90
Air India,Banglore,New Delhi,BLR ? HBX ? BOM ? AMD ? DEL,23:55,No info,10573,3,3,6,0,0,720.0,715
Multiple carriers,Delhi,Cochin,DEL ? BOM ? COK,19:00,No info,11789,9,6,6,0,0,700.0,440
Jet Airways,Kolkata,Banglore,CCU ? DEL ? BLR,19:10 07 May,No info,13067,6,5,0,0,0,1225.0,1365
IndiGo,Banglore,New Delhi,BLR ? DEL,03:25,No info,4238,24,3,6,0,0,40.0,165
Multiple carriers,Delhi,Cochin,DEL ? BOM ? COK,19:00,No info,9794,21,5,1,0,0,450.0,690
Air India,Delhi,Cochin,DEL ? HYD ? MAA ? COK,09:25 22 Mar,No info,7615,21,3,3,0,0,425.0,1580
Jet Airways,Delhi,Cochin,DEL ? IDR ? BOM ? COK,04:25 23 Mar,No info,11664,21,3,3,0,0,620.0,2525
Jet Airways,Kolkata,Banglore,CCU ? BOM ? BLR,19:50,In-flight meal not included,7064,1,4,0,0,0,390.0,800
IndiGo,Kolkata,Banglore,CCU ? HYD ? BLR,23:45,No info,3809,15,4,0,0,0,1160.0,265
SpiceJet,Kolkata,Banglore,CCU ? BLR,19:40,No check-in baggage included,3841,18,6,1,0,0,1030.0,150
Multiple carriers,Delhi,Cochin,DEL ? BOM ? COK,01:30 28 May,No info,6795,27,5,0,0,0,700.0,830
IndiGo,Kolkata,Banglore,CCU ? HYD ? BLR,20:05,No info,4565,24,4,2,0,0,915.0,290
IndiGo,Delhi,Cochin,DEL ? BOM ? COK,01:35 10 Mar,No info,12351,9,3,5,0,0,1115.0,420
IndiGo,Delhi,Cochin,DEL ? COK,00:20 19 Mar,No info,5021,18,3,0,0,0,1265.0,195
Air India,Delhi,Cochin,DEL ? HYD ? MAA ? COK,09:25 22 May,No info,10467,21,5,1,0,0,785.0,1220
Air India,Banglore,Delhi,BLR ? DEL,19:45,No info,6121,15,4,0,0,0,1020.0,165
SpiceJet,Chennai,Kolkata,MAA ? CCU,20:05,No info,6300,15,3,4,0,0,1065.0,140
Air Asia,Banglore,New Delhi,BLR ? DEL,08:40,No info,10715,1,3,4,0,0,350.0,170
Air India,Kolkata,Banglore,CCU ? BLR,16:45,No info,5510,24,5,4,0,0,855.0,150
Jet Airways,Banglore,Delhi,BLR ? DEL,22:00,In-flight meal not included,6144,3,5,4,0,0,1135.0,185
Jet Airways,Delhi,Cochin,DEL ? AMD ? BOM ? COK,19:45 07 Mar,No info,19329,6,3,2,0,0,1150.0,1475
Air India,Mumbai,Hyderabad,BOM ? IDR ? DEL ? HYD,19:25 07 Mar,No info,13253,6,3,2,0,0,765.0,1840
Jet Airways,Kolkata,Banglore,CCU ? BOM ? BLR,19:50,No info,13941,12,5,6,0,0,390.0,800
IndiGo,Kolkata,Banglore,CCU ? BLR,22:55,No info,4488,1,4,0,0,0,1220.0,155
SpiceJet,Kolkata,Banglore,CCU ? BLR,09:30,No check-in baggage included,3841,3,6,0,0,0,415.0,155
Multiple carriers,Delhi,Cochin,DEL ? BOM ? COK,19:15,No info,7575,15,5,2,0,0,685.0,470
Air India,Delhi,Cochin,DEL ? AMD ? BOM ? COK,19:15 28 May,No info,9968,27,5,0,0,0,1000.0,1595
Jet Airways,Delhi,Cochin,DEL ? AMD ? BOM ? COK,19:00 10 May,No info,15129,9,5,3,0,0,805.0,1775
IndiGo,Kolkata,Banglore,CCU ? BBI ? BLR,12:40,No info,4864,6,5,0,0,0,430.0,330
Air India,Delhi,Cochin,DEL ? MAA ? COK,09:25 04 Jun,No info,7480,3,6,0,0,0,1040.0,965
Multiple carriers,Delhi,Cochin,DEL ? BOM ? COK,18:50,No info,15867,6,3,2,0,0,420.0,710
Jet Airways,Kolkata,Banglore,CCU ? DEL ? BLR,22:05,No info,13067,21,5,1,0,0,575.0,750
Air India,Kolkata,Banglore,CCU ? BOM ? BLR,07:55 10 May,No info,8366,9,5,3,0,0,1010.0,905
Air India,Delhi,Cochin,DEL ? JDH ? BOM ? COK,19:15 04 Mar,No info,21571,3,3,6,0,0,775.0,1820
Air Asia,Banglore,Delhi,BLR ? DEL,07:45,No info,4282,12,5,6,0,0,295.0,170
Air India,Delhi,Cochin,DEL ? CCU ? BOM ? COK,19:15 10 May,No info,13591,9,5,3,0,0,1015.0,1580
Vistara,Kolkata,Banglore,CCU ? DEL ? BLR,23:25 02 Apr,No info,7927,1,4,0,0,0,1220.0,1625
Jet Airways,Delhi,Cochin,DEL ? BOM ? COK,19:00 04 Jun,No info,14714,3,6,0,0,0,900.0,1680
Jet Airways,Banglore,New Delhi,BLR ? BOM ? DEL,16:10 13 Mar,In-flight meal not included,11087,12,3,1,0,0,1135.0,1275
Air India,Delhi,Cochin,DEL ? BOM ? COK,07:40 02 Mar,No info,28322,1,3,4,0,0,240.0,1660
Jet Airways,Kolkata,Banglore,CCU ? DEL ? BLR,19:10 02 May,In-flight meal not included,9314,1,5,2,0,0,1020.0,1570
IndiGo,Delhi,Cochin,DEL ? BLR ? COK,20:00,No info,7060,9,6,6,0,0,910.0,290
IndiGo,Chennai,Kolkata,MAA ? CCU,14:00,No info,7900,1,3,4,0,0,695.0,145
Jet Airways,Mumbai,Hyderabad,BOM ? HYD,04:20,No info,5678,24,6,0,0,0,175.0,85
IndiGo,Kolkata,Banglore,CCU ? MAA ? BLR,00:10 25 Apr,No info,4860,24,4,2,0,0,1175.0,275
SpiceJet,Mumbai,Hyderabad,BOM ? HYD,07:15,No info,2017,1,5,2,0,0,345.0,90
IndiGo,Kolkata,Banglore,CCU ? MAA ? BLR,13:00,No info,5069,12,6,2,0,0,490.0,290
Vistara,Kolkata,Banglore,CCU ? DEL ? BLR,10:45 10 Jun,No info,9397,9,6,6,0,0,430.0,1655
IndiGo,Delhi,Cochin,DEL ? BOM ? COK,15:35,No info,5073,6,4,5,0,0,635.0,300
Air India,Kolkata,Banglore,CCU ? GAU ? IMF ? DEL ? BLR,23:15,No info,15145,24,3,6,0,0,355.0,1040
Multiple carriers,Delhi,Cochin,DEL ? BOM ? COK,19:15,No info,8099,24,6,0,0,0,555.0,600
Air India,Banglore,New Delhi,BLR ? MAA ? DEL,19:50,No info,14594,6,3,2,0,0,710.0,480
IndiGo,Delhi,Cochin,DEL ? COK,17:35,No info,4729,27,3,2,0,0,870.0,185
IndiGo,Kolkata,Banglore,CCU ? BLR,00:50 22 May,No info,4804,21,5,1,0,0,1335.0,155
Jet Airways,Delhi,Cochin,DEL ? JDH ? BOM ? COK,19:00,In-flight meal not included,19644,27,5,0,0,0,700.0,440
Air India,Delhi,Cochin,DEL ? AMD ? BOM ? COK,19:15 28 Mar,No info,8656,27,3,2,0,0,1185.0,1410
Jet Airways,Delhi,Cochin,DEL ? JAI ? BOM ? COK,12:35 10 Jun,No info,13014,9,6,6,0,0,580.0,1615
IndiGo,Delhi,Cochin,DEL ? HYD ? COK,16:10,No info,6442,27,3,2,0,0,400.0,570
Jet Airways,Delhi,Cochin,DEL ? BOM ? COK,12:35 10 May,In-flight meal not included,12373,9,5,3,0,0,780.0,1415
Jet Airways,Kolkata,Banglore,CCU ? DEL ? BLR,14:25 07 Jun,In-flight meal not included,10539,6,6,3,0,0,575.0,1730
Jet Airways,Kolkata,Banglore,CCU ? BOM ? BLR,09:20 22 May,In-flight meal not included,10844,21,5,1,0,0,1200.0,800
Vistara,Kolkata,Banglore,CCU ? DEL ? BLR,09:05 07 Jun,No info,8452,6,6,3,0,0,1020.0,965
IndiGo,Delhi,Cochin,DEL ? HYD ? COK,22:30,No info,7144,18,5,5,0,0,515.0,835
SpiceJet,Banglore,New Delhi,BLR ? DEL,23:20,No info,5126,9,3,5,0,0,1230.0,170
Multiple carriers,Delhi,Cochin,DEL ? BOM ? COK,01:30 13 Jun,No info,6795,12,6,2,0,0,1140.0,390
Jet Airways,Kolkata,Banglore,CCU ? BOM ? BLR,10:05 13 May,In-flight meal not included,8586,12,5,6,0,0,1270.0,775
SpiceJet,Kolkata,Banglore,CCU ? BLR,11:25,No check-in baggage included,4439,18,5,5,0,0,540.0,145
SpiceJet,Banglore,New Delhi,BLR ? DEL,12:30,No check-in baggage included,6205,15,3,4,0,0,575.0,175
IndiGo,Banglore,Delhi,BLR ? DEL,03:25,No info,4284,6,5,0,0,0,30.0,175
Jet Airways,Kolkata,Banglore,CCU ? BOM ? BLR,23:35,No info,14571,6,6,3,0,0,990.0,425
Air Asia,Kolkata,Banglore,CCU ? BLR,22:25,No info,3807,6,4,5,0,0,1195.0,150
SpiceJet,Kolkata,Banglore,CCU ? BLR,09:35,No info,3850,6,3,2,0,0,415.0,160
SpiceJet,Kolkata,Banglore,CCU ? KNU ? BLR,18:50,No info,8479,18,5,5,0,0,695.0,435
Multiple carriers,Delhi,Cochin,DEL ? BOM ? COK,21:00,No info,8073,18,5,5,0,0,540.0,720
IndiGo,Banglore,Delhi,BLR ? DEL,15:50,No info,3943,1,6,5,0,0,780.0,170
IndiGo,Chennai,Kolkata,MAA ? CCU,14:00,No info,4332,9,5,3,0,0,695.0,145
SpiceJet,Kolkata,Banglore,CCU ? BLR,19:40,No info,4174,27,4,5,0,0,1030.0,150
Air India,Banglore,New Delhi,BLR ? MAA ? DEL,08:55 02 Mar,1 Long layover,14594,1,3,4,0,0,710.0,1265
Jet Airways,Delhi,Cochin,DEL ? IDR ? BOM ? COK,19:00,In-flight meal not included,11507,3,6,0,0,0,330.0,810
Multiple carriers,Delhi,Cochin,DEL ? HYD ? COK,22:30,In-flight meal not included,6093,15,6,5,0,0,430.0,920
IndiGo,Banglore,New Delhi,BLR ? DEL,21:20,No info,8033,24,3,6,0,0,1105.0,175
IndiGo,Banglore,Delhi,BLR ? DEL,19:55,No info,4823,27,6,3,0,0,1015.0,180
Jet Airways,Delhi,Cochin,DEL ? IDR ? BOM ? COK,12:35 04 Jun,No info,13292,3,6,0,0,0,1285.0,910
Multiple carriers,Delhi,Cochin,DEL ? BOM ? COK,19:15,No info,9526,15,6,5,0,0,700.0,455
SpiceJet,Kolkata,Banglore,CCU ? BLR,00:40 22 Mar,No check-in baggage included,3815,21,3,3,0,0,1340.0,140
IndiGo,Chennai,Kolkata,MAA ? CCU,15:35,No info,3597,27,6,3,0,0,795.0,140
Jet Airways,Delhi,Cochin,DEL ? NAG ? BOM ? COK,04:25 16 Jun,No info,13376,15,6,5,0,0,875.0,830
SpiceJet,Mumbai,Hyderabad,BOM ? HYD,07:15,No info,2017,9,5,3,0,0,345.0,90
Air India,Kolkata,Banglore,CCU ? BOM ? COK ? BLR,01:20 25 Mar,No info,11853,24,3,6,0,0,565.0,955
Jet Airways,Delhi,Cochin,DEL ? BOM ? COK,19:00,In-flight meal not included,10262,12,6,2,0,0,780.0,360
SpiceJet,Chennai,Kolkata,MAA ? CCU,12:05,No info,3859,24,3,6,0,0,570.0,155
Air India,Kolkata,Banglore,CCU ? DEL ? AMD ? BLR,05:25 10 Jun,No info,12744,9,6,6,0,0,420.0,1345
Multiple carriers,Delhi,Cochin,DEL ? IXU ? BOM ? COK,01:30 02 Jun,No info,18485,1,6,5,0,0,1070.0,460
Air India,Kolkata,Banglore,CCU ? GAU ? DEL ? BLR,08:55 07 May,No info,13227,6,5,0,0,0,590.0,1385
IndiGo,Chennai,Kolkata,MAA ? CCU,21:55,No info,3597,21,6,4,0,0,1175.0,140
IndiGo,Kolkata,Banglore,CCU ? BLR,17:45,No info,4804,12,5,6,0,0,915.0,150
IndiGo,Banglore,Delhi,BLR ? DEL,08:50,No info,4423,15,6,5,0,0,365.0,165
Jet Airways,Delhi,Cochin,DEL ? BOM ? COK,12:35 10 Jun,In-flight meal not included,10262,9,6,6,0,0,900.0,1295
SpiceJet,Chennai,Kolkata,MAA ? CCU,12:00,No check-in baggage included,3543,6,5,0,0,0,585.0,135
IndiGo,Kolkata,Banglore,CCU ? BLR,00:05 13 Apr,No info,4174,12,4,4,0,0,1285.0,160
SpiceJet,Delhi,Cochin,DEL ? BLR ? COK,22:50,No info,7084,9,3,5,0,0,995.0,375
Air India,Kolkata,Banglore,CCU ? GAU ? DEL ? BLR,08:55 16 May,No info,14960,15,5,2,0,0,590.0,1385
Jet Airways,Kolkata,Banglore,CCU ? BOM ? BLR,16:20,No info,13339,24,3,6,0,0,390.0,590
Jet Airways,Banglore,Delhi,BLR ? DEL,11:20,No info,7229,12,4,4,0,0,500.0,180
IndiGo,Delhi,Cochin,DEL ? HYD ? COK,16:10,No info,6818,18,5,5,0,0,305.0,665
Jet Airways,Delhi,Cochin,DEL ? NAG ? BOM ? COK,04:25 07 Jun,No info,13376,6,6,3,0,0,405.0,1300
IndiGo,Delhi,Cochin,DEL ? BOM ? COK,01:30 10 Jun,No info,6316,9,6,6,0,0,900.0,630
Air India,Delhi,Cochin,DEL ? COK,21:10,No info,5201,18,6,1,0,0,1085.0,185
IndiGo,Delhi,Cochin,DEL ? PNQ ? COK,04:35 19 May,No info,10958,18,5,5,0,0,1410.0,305
IndiGo,Chennai,Kolkata,MAA ? CCU,14:00,No info,3858,21,6,4,0,0,695.0,145
Jet Airways,Delhi,Cochin,DEL ? BOM ? COK,19:00,In-flight meal not included,10262,9,6,6,0,0,780.0,360
Air India,Kolkata,Banglore,CCU ? BBI ? BLR,13:15,No info,8996,24,5,4,0,0,550.0,245
Jet Airways,Delhi,Cochin,DEL ? MAA ? BOM ? COK,19:45 28 Mar,In-flight meal not included,8098,27,3,2,0,0,310.0,2315
SpiceJet,Chennai,Kolkata,MAA ? CCU,10:35,No check-in baggage included,3543,1,5,2,0,0,500.0,135
Multiple carriers,Delhi,Cochin,DEL ? BOM ? COK,19:00,No info,10529,24,5,4,0,0,450.0,690
Jet Airways,Delhi,Cochin,DEL ? BOM ? COK,18:50,In-flight meal not included,7438,21,3,3,0,0,135.0,995
Jet Airways,Delhi,Cochin,DEL ? BOM ? COK,04:25 10 May,In-flight meal not included,12373,9,5,3,0,0,840.0,865
IndiGo,Banglore,Delhi,BLR ? DEL,10:05,No info,4823,27,5,0,0,0,430.0,175
Jet Airways,Banglore,Delhi,BLR ? DEL,11:20,In-flight meal not included,5769,21,6,4,0,0,500.0,180
Multiple carriers,Delhi,Cochin,DEL ? BOM ? COK,13:20,No info,9042,21,3,3,0,0,420.0,380
Air India,Delhi,Cochin,DEL ? MAA ? COK,09:25 07 Apr,No info,4697,6,4,5,0,0,1040.0,965
Jet Airways,Kolkata,Banglore,CCU ? BOM ? BLR,19:50,In-flight meal not included,10844,9,5,3,0,0,845.0,345
Air Asia,Banglore,Delhi,BLR ? DEL,07:45,No info,8420,9,6,6,0,0,295.0,170
Multiple carriers,Delhi,Cochin,DEL ? HYD ? COK,16:10,In-flight meal not included,7563,6,3,2,0,0,430.0,540
Air India,Delhi,Cochin,DEL ? MAA ? COK,09:25 16 May,No info,7480,15,5,2,0,0,1240.0,765
Jet Airways,Banglore,Delhi,BLR ? DEL,14:05,In-flight meal not included,4030,6,5,0,0,0,670.0,175
Multiple carriers,Delhi,Cochin,DEL ? HYD ? COK,22:30,No info,6513,12,6,2,0,0,430.0,920
Jet Airways,Kolkata,Banglore,CCU ? GAU ? BLR,17:35,No info,8355,9,6,6,0,0,620.0,435
Multiple carriers,Delhi,Cochin,DEL ? IDR ? BOM ? COK,01:30 22 May,No info,16655,21,5,1,0,0,905.0,625
Jet Airways,Kolkata,Banglore,CCU ? BOM ? BLR,18:15,In-flight meal not included,10844,18,5,5,0,0,345.0,750
SpiceJet,Kolkata,Banglore,CCU ? BLR,19:40,No info,3873,21,6,4,0,0,1030.0,150
IndiGo,Kolkata,Banglore,CCU ? BLR,17:45,No info,5224,9,6,6,0,0,915.0,150
Jet Airways,Kolkata,Banglore,CCU ? BOM ? BLR,12:00 16 May,In-flight meal not included,10844,15,5,2,0,0,990.0,1170
IndiGo,Kolkata,Banglore,CCU ? BLR,08:20,No info,4778,3,3,6,0,0,330.0,170
Jet Airways,Delhi,Cochin,DEL ? BOM ? COK,18:50 10 Mar,No info,16289,9,3,5,0,0,1250.0,1320
Air India,Delhi,Cochin,DEL ? COK,08:00,No info,5674,18,3,0,0,0,310.0,170
Air India,Mumbai,Hyderabad,BOM ? BHO ? DEL ? HYD,11:55 13 Mar,No info,12854,12,3,1,0,0,360.0,1795
Air India,Banglore,New Delhi,BLR ? COK ? DEL,11:05 13 Mar,No info,8425,9,3,5,0,0,1320.0,785
Jet Airways,Delhi,Cochin,DEL ? JAI ? BOM ? COK,18:50 22 Mar,In-flight meal not included,9328,21,3,3,0,0,330.0,2240
Multiple carriers,Delhi,Cochin,DEL ? BOM ? COK,15:30,No info,17057,3,3,6,0,0,135.0,795
Jet Airways,Banglore,Delhi,BLR ? DEL,22:50,No info,7229,3,5,4,0,0,1190.0,180
IndiGo,Delhi,Cochin,DEL ? BOM ? COK,21:00,No info,14871,3,3,6,0,0,690.0,570
Jet Airways,Delhi,Cochin,DEL ? ATQ ? BOM ? COK,19:00 28 Jun,No info,14300,27,6,3,0,0,735.0,1845
Jet Airways,Kolkata,Banglore,CCU ? BOM ? BLR,09:20 13 Jun,In-flight meal not included,8529,12,6,2,0,0,1270.0,730
Multiple carriers,Delhi,Cochin,DEL ? BOM ? COK,19:00,No info,10877,9,6,6,0,0,295.0,845
IndiGo,Kolkata,Banglore,CCU ? MAA ? BLR,22:15,No info,5386,21,5,1,0,0,1055.0,280
Multiple carriers,Delhi,Cochin,DEL ? BOM ? COK,18:50,No info,11622,27,3,2,0,0,645.0,485
Multiple carriers,Delhi,Cochin,DEL ? BOM ? COK,19:00,No info,10197,27,5,0,0,0,230.0,910
Air Asia,Delhi,Cochin,DEL ? BLR ? COK,22:30,No info,8028,21,5,1,0,0,1005.0,345
IndiGo,Mumbai,Hyderabad,BOM ? HYD,13:30,No info,2754,1,6,5,0,0,720.0,90
Air India,Banglore,New Delhi,BLR ? HYD ? DEL,21:25,No info,6781,3,3,6,0,0,495.0,790
SpiceJet,Kolkata,Banglore,CCU ? BLR,19:40,No check-in baggage included,3841,21,5,1,0,0,1030.0,150
Multiple carriers,Delhi,Cochin,DEL ? BOM ? COK,19:15,No info,8266,6,6,3,0,0,620.0,535
IndiGo,Banglore,New Delhi,BLR ? DEL,10:05,No info,6144,24,3,6,0,0,430.0,175
Jet Airways,Banglore,Delhi,BLR ? DEL,14:05,In-flight meal not included,4544,24,4,2,0,0,670.0,175
Jet Airways,Delhi,Cochin,DEL ? BHO ? BOM ? COK,12:35,No info,14441,3,6,0,0,0,330.0,425
Air India,Mumbai,Hyderabad,BOM ? HYD,22:25,No info,3100,12,6,2,0,0,1265.0,80
Jet Airways,Kolkata,Banglore,CCU ? DEL ? BLR,14:25 19 May,No info,13067,18,5,5,0,0,1225.0,1080
Jet Airways,Kolkata,Banglore,CCU ? BOM ? BLR,23:35 13 Jun,In-flight meal not included,8529,12,6,2,0,0,1135.0,1720
IndiGo,Delhi,Cochin,DEL ? HYD ? COK,16:10,No info,6442,15,5,2,0,0,515.0,455
Multiple carriers,Delhi,Cochin,DEL ? BOM ? COK,21:00,No info,6480,27,6,3,0,0,620.0,640
Air India,Banglore,New Delhi,BLR ? VGA ? DEL,11:20 07 Mar,No info,11003,3,3,6,0,0,630.0,1490
Vistara,Banglore,Delhi,BLR ? DEL,23:50,No info,4668,12,6,2,0,0,1260.0,170
Jet Airways,Kolkata,Banglore,CCU ? BOM ? BLR,04:40 10 May,No info,13941,9,5,3,0,0,390.0,1330
Vistara,Kolkata,Banglore,CCU ? DEL ? BLR,18:50,No info,8820,12,5,6,0,0,430.0,700
Air India,Delhi,Cochin,DEL ? BLR ? COK,23:00,No info,9064,9,3,5,0,0,1065.0,315
Jet Airways,Kolkata,Banglore,CCU ? BOM ? BLR,19:50,In-flight meal not included,10844,6,6,3,0,0,505.0,685
Jet Airways,Delhi,Cochin,DEL ? JAI ? BOM ? COK,19:00,No info,15129,18,5,5,0,0,330.0,810
Multiple carriers,Delhi,Cochin,DEL ? HYD ? COK,16:10,No info,6513,9,5,3,0,0,430.0,540
Jet Airways,Kolkata,Banglore,CCU ? DEL ? BLR,23:35,No info,14676,9,6,6,0,0,1020.0,395
IndiGo,Banglore,Delhi,BLR ? DEL,10:05,No info,4823,18,5,5,0,0,430.0,175
IndiGo,Kolkata,Banglore,CCU ? BLR,17:45,No info,4174,12,4,4,0,0,915.0,150
Jet Airways,Delhi,Cochin,DEL ? DED ? BOM ? COK,04:25 10 Mar,No info,19172,9,3,5,0,0,955.0,750
SpiceJet,Banglore,Delhi,BLR ? DEL,08:35,No info,4423,12,4,4,0,0,355.0,160
SpiceJet,Kolkata,Banglore,CCU ? BLR,09:30,No info,3873,12,6,2,0,0,415.0,155
IndiGo,Delhi,Cochin,DEL ? LKO ? COK,03:35 04 Jun,No info,7189,3,6,0,0,0,1310.0,345
Jet Airways,Kolkata,Banglore,CCU ? BOM ? BLR,04:40 07 Jun,No info,13731,6,6,3,0,0,390.0,1330
Jet Airways,Kolkata,Banglore,CCU ? DEL ? BLR,10:55 13 May,No info,14151,12,5,6,0,0,575.0,1520
Air India,Chennai,Kolkata,MAA ? CCU,13:55,No info,4667,21,5,1,0,0,700.0,135
Jet Airways,Delhi,Cochin,DEL ? AMD ? BOM ? COK,04:25 23 Mar,In-flight meal not included,8834,21,3,3,0,0,1150.0,1995
Jet Airways,Kolkata,Banglore,CCU ? DEL ? BLR,19:10 02 May,No info,11467,1,5,2,0,0,1225.0,1365
Vistara,Mumbai,Hyderabad,BOM ? DEL ? HYD,16:45,No info,12395,6,3,2,0,0,525.0,480
Multiple carriers,Delhi,Cochin,DEL ? HYD ? COK,00:55 22 May,No info,7858,21,5,1,0,0,1035.0,460
IndiGo,Kolkata,Banglore,CCU ? BLR,22:55,No info,4804,24,5,4,0,0,1220.0,155
Jet Airways,Kolkata,Banglore,CCU ? DEL ? BLR,09:45 10 Jun,In-flight meal not included,13469,9,6,6,0,0,1225.0,800
IndiGo,Delhi,Cochin,DEL ? COK,17:35,No info,7673,6,3,2,0,0,870.0,185
Jet Airways,Kolkata,Banglore,CCU ? DEL ? BLR,18:00 10 Jun,No info,14151,9,6,6,0,0,1020.0,1500
Jet Airways,Delhi,Cochin,DEL ? BOM ? COK,12:35 25 Jun,In-flight meal not included,10262,24,6,0,0,0,900.0,1295
Jet Airways,Delhi,Cochin,DEL ? JAI ? BOM ? COK,12:35 25 Jun,No info,13014,24,6,0,0,0,580.0,1615
Jet Airways,Delhi,Cochin,DEL ? BOM ? COK,19:00,In-flight meal not included,12373,9,5,3,0,0,780.0,360
Jet Airways,Delhi,Cochin,DEL ? BOM ? COK,19:00,In-flight meal not included,11399,18,5,5,0,0,600.0,540
SpiceJet,Banglore,Delhi,BLR ? DEL,12:20,No info,3971,6,5,0,0,0,570.0,170
Multiple carriers,Delhi,Cochin,DEL ? BOM ? COK,21:00,In-flight meal not included,6007,27,6,3,0,0,360.0,900
Air India,Banglore,New Delhi,BLR ? VGA ? DEL,22:55,No info,6383,15,3,4,0,0,630.0,745
IndiGo,Banglore,Delhi,BLR ? DEL,11:20,No info,5740,12,5,6,0,0,510.0,170
SpiceJet,Mumbai,Hyderabad,BOM ? HYD,14:45,No check-in baggage included,1965,15,6,5,0,0,795.0,90
Multiple carriers,Delhi,Cochin,DEL ? HYD ? MAA ? COK,21:20,In-flight meal not included,5935,21,3,3,0,0,430.0,850
IndiGo,Kolkata,Banglore,CCU ? BLR,12:20,No info,4174,6,4,5,0,0,575.0,165
IndiGo,Delhi,Cochin,DEL ? BOM ? COK,13:20,No info,7738,21,3,3,0,0,285.0,515
Air India,Delhi,Cochin,DEL ? GOI ? BOM ? COK,19:15 25 May,No info,10441,24,5,4,0,0,1320.0,1275
Air India,Mumbai,Hyderabad,BOM ? HYD,22:25,No info,3100,15,3,4,0,0,1265.0,80
Jet Airways,Delhi,Cochin,DEL ? BOM ? COK,19:00 07 Jun,No info,14714,6,6,3,0,0,1050.0,1530
Vistara,Kolkata,Banglore,CCU ? DEL ? BLR,18:50 10 Jun,No info,9135,9,6,6,0,0,1020.0,1550
Air India,Kolkata,Banglore,CCU ? BOM ? BLR,18:30 02 Apr,No info,7893,1,4,0,0,0,1010.0,1540
Jet Airways,Kolkata,Banglore,CCU ? DEL ? BLR,23:35,No info,12121,6,5,0,0,0,1020.0,395
Air India,Delhi,Cochin,DEL ? COK,17:10,No info,6094,9,6,6,0,0,850.0,180
IndiGo,Banglore,Delhi,BLR ? DEL,13:00,No info,4423,9,6,6,0,0,610.0,170
Jet Airways,Banglore,New Delhi,BLR ? BOM ? DEL,07:40 19 Mar,In-flight meal not included,7832,21,3,3,0,0,1235.0,665
Vistara,Banglore,Delhi,BLR ? DEL,14:20,No info,5403,3,4,2,0,0,690.0,170
SpiceJet,Kolkata,Banglore,CCU ? BLR,11:25,No check-in baggage included,3841,1,4,0,0,0,540.0,145
Jet Airways,Delhi,Cochin,DEL ? BDQ ? BOM ? COK,04:25 22 Mar,No info,11093,21,3,3,0,0,645.0,1060
Jet Airways,Banglore,Delhi,BLR ? DEL,22:50,No info,7229,24,4,2,0,0,1190.0,180
IndiGo,Banglore,Delhi,BLR ? DEL,19:55,No info,4823,27,5,0,0,0,1015.0,180
Jet Airways,Kolkata,Banglore,CCU ? DEL ? BLR,19:10,No info,11467,1,5,2,0,0,575.0,575
IndiGo,Kolkata,Banglore,CCU ? BBI ? BLR,12:40,No info,6111,1,5,2,0,0,430.0,330
Jet Airways,Kolkata,Banglore,CCU ? DEL ? BLR,10:55 10 May,In-flight meal not included,8066,9,5,3,0,0,1020.0,1075
IndiGo,Delhi,Cochin,DEL ? BOM ? COK,21:00,No info,7258,27,3,2,0,0,285.0,975
Air India,Delhi,Cochin,DEL ? COK,08:00,No info,4729,27,3,2,0,0,310.0,170
Multiple carriers,Delhi,Cochin,DEL ? BOM ? COK,18:50,No info,15135,6,3,2,0,0,550.0,580
Air India,Kolkata,Banglore,CCU ? BOM ? COK ? BLR,01:20 25 May,No info,12718,24,5,4,0,0,565.0,955
Jet Airways,Mumbai,Hyderabad,BOM ? HYD,04:20,No info,5678,18,6,1,0,0,175.0,85
IndiGo,Delhi,Cochin,DEL ? HYD ? COK,12:10,No info,5298,24,6,0,0,0,410.0,320
Jet Airways,Banglore,New Delhi,BLR ? BOM ? DEL,00:45 07 Mar,No info,14815,6,3,2,0,0,700.0,785
Jet Airways,Delhi,Cochin,DEL ? JAI ? BOM ? COK,04:25 25 Jun,No info,13014,24,6,0,0,0,330.0,1375
SpiceJet,Kolkata,Banglore,CCU ? BLR,11:25,No info,4491,18,5,5,0,0,540.0,145
Multiple carriers,Delhi,Cochin,DEL ? BOM ? COK,18:50,No info,11421,27,3,2,0,0,620.0,510
Jet Airways,Banglore,New Delhi,BLR ? BOM ? DEL,07:40 16 Mar,No info,12284,18,3,0,0,0,480.0,1420
Jet Airways,Banglore,Delhi,BLR ? DEL,08:45,No info,7229,12,5,6,0,0,360.0,165
IndiGo,Banglore,Delhi,BLR ? DEL,10:05,No info,4823,15,4,0,0,0,430.0,175
Jet Airways,Delhi,Cochin,DEL ? BOM ? COK,04:25 28 Jun,In-flight meal not included,12898,27,6,3,0,0,1255.0,450
Multiple carriers,Delhi,Cochin,DEL ? BOM ? COK,21:00,No info,13587,27,6,3,0,0,425.0,835
Jet Airways,Delhi,Cochin,DEL ? BOM ? COK,04:25 19 May,In-flight meal not included,12373,18,5,5,0,0,540.0,1165
Multiple carriers,Delhi,Cochin,DEL ? HYD ? COK,22:20,In-flight meal not included,5999,21,3,3,0,0,430.0,910
Air India,Kolkata,Banglore,CCU ? JAI ? BOM ? BLR,18:30,No info,10907,18,5,5,0,0,500.0,610
Jet Airways,Kolkata,Banglore,CCU ? DEL ? BLR,21:05,No info,14151,6,6,3,0,0,575.0,690
IndiGo,Banglore,Delhi,BLR ? DEL,02:20 13 May,No info,4591,12,5,6,0,0,1410.0,170
Jet Airways,Banglore,New Delhi,BLR ? BOM ? DEL,20:20,No info,19225,6,3,2,0,0,845.0,375
Jet Airways,Kolkata,Banglore,CCU ? BOM ? BLR,12:00 07 May,In-flight meal not included,9663,6,5,0,0,0,845.0,1315
Jet Airways,Kolkata,Banglore,CCU ? BOM ? BLR,18:15,In-flight meal not included,10844,1,5,2,0,0,390.0,705
Multiple carriers,Delhi,Cochin,DEL ? BOM ? COK,21:00,No info,13727,9,5,3,0,0,780.0,480
Jet Airways,Kolkata,Banglore,CCU ? DEL ? BLR,21:05,No info,14151,18,5,5,0,0,575.0,690
Jet Airways,Delhi,Cochin,DEL ? BOM ? COK,12:35 28 Jun,In-flight meal not included,10262,27,6,3,0,0,1095.0,1100
SpiceJet,Kolkata,Banglore,CCU ? BLR,11:25,No info,3873,12,6,2,0,0,540.0,145
Jet Airways,Delhi,Cochin,DEL ? JAI ? BOM ? COK,04:25 25 Jun,No info,13014,24,6,0,0,0,1170.0,535
Air India,Kolkata,Banglore,CCU ? BLR,16:45,No info,5510,21,6,4,0,0,855.0,150
Jet Airways,Delhi,Cochin,DEL ? BDQ ? BOM ? COK,04:25 10 Mar,No info,17282,9,3,5,0,0,645.0,1060
Multiple carriers,Delhi,Cochin,DEL ? HYD ? MAA ? COK,21:20,No info,6653,27,3,2,0,0,585.0,695
IndiGo,Delhi,Cochin,DEL ? MAA ? COK,15:10,No info,12214,3,3,6,0,0,595.0,315
Air India,Mumbai,Hyderabad,BOM ? HYD,15:25,No info,3625,1,5,2,0,0,835.0,90
IndiGo,Banglore,New Delhi,BLR ? DEL,11:30,No info,6860,3,3,6,0,0,510.0,180
GoAir,Delhi,Cochin,DEL ? BOM ? COK,19:35,No info,3876,24,6,0,0,0,635.0,540
Vistara,Banglore,Delhi,BLR ? DEL,22:15,No info,5613,27,4,5,0,0,1170.0,165
Air India,Delhi,Cochin,DEL ? NAG ? BOM ? COK,07:40 28 Mar,No info,8971,27,3,2,0,0,355.0,1545
Jet Airways,Banglore,Delhi,BLR ? DEL,22:50,In-flight meal not included,4030,21,5,1,0,0,1190.0,180
IndiGo,Delhi,Cochin,DEL ? BOM ? COK,01:35 28 Mar,No info,8075,27,3,2,0,0,900.0,635
Multiple carriers,Delhi,Cochin,DEL ? BOM ? COK,21:00,No info,7005,15,6,5,0,0,360.0,900
IndiGo,Kolkata,Banglore,CCU ? BLR,00:55 07 Mar,No info,4778,6,3,2,0,0,1330.0,165
Vistara,Chennai,Kolkata,MAA ? CCU,09:20,No info,3687,9,5,3,0,0,425.0,135
Jet Airways,Delhi,Cochin,DEL ? BOM ? COK,04:25 10 Jun,In-flight meal not included,10262,9,6,6,0,0,690.0,1015
Air India,Delhi,Cochin,DEL ? BHO ? BOM ? COK,07:40 04 Mar,No info,15113,3,3,6,0,0,355.0,1545
IndiGo,Delhi,Cochin,DEL ? BOM ? COK,01:30 07 May,No info,6979,6,5,0,0,0,635.0,895
Multiple carriers,Delhi,Cochin,DEL ? HYD ? COK,16:10,No info,6717,21,3,3,0,0,425.0,545
Jet Airways,Banglore,New Delhi,BLR ? BOM ? DEL,23:00,No info,16736,6,3,2,0,0,535.0,845
Air India,Banglore,New Delhi,BLR ? MAA ? DEL,19:50,No info,7192,15,3,4,0,0,710.0,480
IndiGo,Kolkata,Banglore,CCU ? MAA ? BLR,10:30,No info,4226,15,4,0,0,0,380.0,250
Multiple carriers,Delhi,Cochin,DEL ? BOM ? COK,19:00,No info,9627,21,5,1,0,0,510.0,630
Jet Airways,Delhi,Cochin,DEL ? BOM ? COK,19:00,In-flight meal not included,4757,3,4,2,0,0,135.0,1005
Jet Airways,Kolkata,Banglore,CCU ? BOM ? BLR,22:35,No info,14571,24,5,4,0,0,845.0,510
Air Asia,Kolkata,Banglore,CCU ? BBI ? BLR,10:30,No info,5162,1,4,0,0,0,410.0,220
Jet Airways,Kolkata,Banglore,CCU ? BOM ? BLR,16:20 19 May,In-flight meal not included,10844,18,5,5,0,0,990.0,1430
SpiceJet,Kolkata,Banglore,CCU ? BLR,11:30,No check-in baggage included,3815,21,3,3,0,0,540.0,150
Jet Airways,Banglore,New Delhi,BLR ? BOM ? DEL,09:30 07 Mar,No info,17261,6,3,2,0,0,700.0,1310
Jet Airways,Banglore,New Delhi,BLR ? BOM ? DEL,07:40 07 Mar,No info,16736,6,3,2,0,0,1285.0,615
SpiceJet,Kolkata,Banglore,CCU ? BLR,11:25,No check-in baggage included,3841,21,6,4,0,0,540.0,145
Jet Airways,Kolkata,Banglore,CCU ? BOM ? BLR,20:45,In-flight meal not included,10844,24,5,4,0,0,845.0,400
IndiGo,Delhi,Cochin,DEL ? BOM ? COK,21:00,No info,6838,21,3,3,0,0,645.0,615
Air India,Kolkata,Banglore,CCU ? BBI ? BLR,13:15 13 May,No info,6612,12,5,6,0,0,720.0,1515
Air India,Banglore,New Delhi,BLR ? DEL,16:10,No info,8851,9,3,5,0,0,800.0,170
Vistara,Mumbai,Hyderabad,BOM ? DEL ? HYD,19:55,No info,12395,6,3,2,0,0,525.0,670
Air Asia,Banglore,Delhi,BLR ? DEL,07:45,No info,4282,24,6,0,0,0,295.0,170
Jet Airways,Kolkata,Banglore,CCU ? BOM ? BLR,09:20 22 May,No info,14781,21,5,1,0,0,1200.0,800
Multiple carriers,Delhi,Cochin,DEL ? HYD ? COK,22:30,No info,9646,12,6,2,0,0,585.0,765
IndiGo,Delhi,Cochin,DEL ? BOM ? COK,01:30 28 May,No info,6628,27,5,0,0,0,900.0,630
Vistara,Banglore,Delhi,BLR ? DEL,09:40,No info,4668,18,6,1,0,0,420.0,160
Multiple carriers,Delhi,Cochin,DEL ? BOM ? COK,01:35 07 Mar,No info,16863,6,3,2,0,0,1080.0,455
Multiple carriers,Delhi,Cochin,DEL ? BOM ? COK,19:00,No info,12192,9,6,6,0,0,420.0,720
Jet Airways,Delhi,Cochin,DEL ? BOM ? COK,04:25 22 Mar,No info,12719,21,3,3,0,0,135.0,1570
Jet Airways,Delhi,Cochin,DEL ? BOM ? COK,12:35 22 May,In-flight meal not included,12898,21,5,1,0,0,1310.0,885
Jet Airways,Delhi,Cochin,DEL ? BOM ? COK,19:00 04 Jun,In-flight meal not included,10262,3,6,0,0,0,1185.0,1395
SpiceJet,Kolkata,Banglore,CCU ? IXB ? BLR,21:25,No info,7804,24,5,4,0,0,955.0,330
IndiGo,Kolkata,Banglore,CCU ? BLR,07:15,No info,4174,18,4,3,0,0,280.0,155
IndiGo,Mumbai,Hyderabad,BOM ? HYD,21:40,No info,2227,27,6,3,0,0,1205.0,95
Jet Airways,Banglore,New Delhi,BLR ? BOM ? DEL,09:00 16 Mar,In-flight meal not included,11087,18,3,0,0,0,1370.0,610
Multiple carriers,Delhi,Cochin,DEL ? BOM ? COK,18:50,No info,11667,21,3,3,0,0,480.0,650
Air India,Delhi,Cochin,DEL ? COK,21:10,No info,7931,6,3,2,0,0,1085.0,185
IndiGo,Chennai,Kolkata,MAA ? CCU,00:25 13 Jun,No info,5277,12,6,2,0,0,1325.0,140
Jet Airways,Kolkata,Banglore,CCU ? BOM ? BLR,18:15,No info,13626,12,6,2,0,0,390.0,705
Jet Airways,Delhi,Cochin,DEL ? BOM ? COK,04:25 19 May,In-flight meal not included,12373,18,5,5,0,0,1095.0,610
Jet Airways,Kolkata,Banglore,CCU ? BOM ? BLR,18:10,In-flight meal not included,10031,24,3,6,0,0,390.0,700
Jet Airways,Kolkata,Banglore,CCU ? BOM ? BLR,20:45 13 May,In-flight meal not included,10844,12,5,6,0,0,990.0,1695
GoAir,Delhi,Cochin,DEL ? BOM ? COK,19:35,No info,6591,9,5,3,0,0,635.0,540
Jet Airways,Delhi,Cochin,DEL ? BOM ? COK,19:00 02 Apr,In-flight meal not included,5406,1,4,0,0,0,1095.0,1485
Jet Airways,Kolkata,Banglore,CCU ? BOM ? BLR,16:20 16 May,In-flight meal not included,10844,15,5,2,0,0,1270.0,1150
SpiceJet,Mumbai,Hyderabad,BOM ? HYD,00:15 28 May,No info,2017,27,5,0,0,0,1365.0,90
Jet Airways,Delhi,Cochin,DEL ? BOM ? COK,12:35 10 May,In-flight meal not included,12373,9,5,3,0,0,600.0,1595
Air India,Delhi,Cochin,DEL ? BOM ? COK,19:15,No info,8669,6,6,3,0,0,420.0,735
Air Asia,Delhi,Cochin,DEL ? BLR ? COK,15:45,No info,6151,27,3,2,0,0,475.0,470
Multiple carriers,Delhi,Cochin,DEL ? HYD ? COK,22:30,No info,10348,18,5,5,0,0,585.0,765
Jet Airways,Banglore,New Delhi,BLR ? DEL,22:35,No info,8016,24,3,6,0,0,1195.0,160
IndiGo,Banglore,Delhi,BLR ? DEL,11:20,No info,4823,12,6,2,0,0,510.0,170
Air India,Kolkata,Banglore,CCU ? BLR,16:45,No info,5510,21,5,1,0,0,855.0,150
Air India,Mumbai,Hyderabad,BOM ? HYD,07:40,No info,3100,18,3,0,0,0,380.0,80
Jet Airways,Delhi,Cochin,DEL ? BOM ? COK,19:00 28 Jun,In-flight meal not included,10262,27,6,3,0,0,1095.0,1485
Jet Airways,Delhi,Cochin,DEL ? BOM ? COK,19:00,No info,14714,1,6,5,0,0,690.0,450
Jet Airways,Delhi,Cochin,DEL ? BOM ? COK,19:00,In-flight meal not included,10262,15,6,5,0,0,600.0,540
Air India,Banglore,Delhi,BLR ? DEL,19:50,No info,6961,18,6,1,0,0,1020.0,170
IndiGo,Delhi,Cochin,DEL ? BOM ? COK,01:30 28 May,No info,6206,27,5,0,0,0,1050.0,480
Air India,Banglore,New Delhi,BLR ? HYD ? VGA ? DEL,22:55,No info,7904,15,3,4,0,0,495.0,880
Jet Airways,Delhi,Cochin,DEL ? AMD ? BOM ? COK,12:35 28 Jun,No info,12819,27,6,3,0,0,1150.0,1045
Jet Airways,Delhi,Cochin,DEL ? BOM ? COK,12:35 16 Jun,In-flight meal not included,10262,15,6,5,0,0,1310.0,885
IndiGo,Banglore,Delhi,BLR ? DEL,04:15,No info,4591,21,4,6,0,0,90.0,165
Jet Airways,Delhi,Cochin,DEL ? JAI ? BOM ? COK,12:35 25 Jun,In-flight meal not included,10368,24,6,0,0,0,580.0,1615
Multiple carriers,Delhi,Cochin,DEL ? BOM ? COK,19:15,In-flight meal not included,11142,9,5,3,0,0,425.0,730
Air India,Delhi,Cochin,DEL ? COK,08:00,No info,4729,6,4,5,0,0,310.0,170
Multiple carriers,Delhi,Cochin,DEL ? BOM ? COK,01:30 10 May,No info,9424,9,5,3,0,0,780.0,750
Multiple carriers,Delhi,Cochin,DEL ? BOM ? COK,15:30,In-flight meal not included,15136,6,3,2,0,0,540.0,390
Air India,Delhi,Cochin,DEL ? HYD ? BOM ? COK,07:40 19 May,No info,12199,18,5,5,0,0,1035.0,865
Jet Airways,Delhi,Cochin,DEL ? BOM ? COK,04:25 13 Jun,In-flight meal not included,10262,12,6,2,0,0,690.0,1015
IndiGo,Delhi,Cochin,DEL ? COK,17:35,No info,4729,3,4,2,0,0,860.0,195
SpiceJet,Kolkata,Banglore,CCU ? BLR,19:40,No check-in baggage included,3841,9,6,6,0,0,1030.0,150
Jet Airways,Kolkata,Banglore,CCU ? BOM ? BLR,09:20 19 May,No info,14388,18,5,5,0,0,1135.0,865
IndiGo,Mumbai,Hyderabad,BOM ? HYD,04:05,No info,2754,27,6,3,0,0,155.0,90
Air India,Banglore,New Delhi,BLR ? BOM ? NAG ? DEL,10:35 07 Mar,No info,12358,3,3,6,0,0,530.0,1545
Air India,Kolkata,Banglore,CCU ? BBI ? HYD ? BLR,04:40 16 May,No info,6117,15,5,2,0,0,550.0,1170
Jet Airways,Delhi,Cochin,DEL ? JAI ? BOM ? COK,04:25 25 May,No info,15129,24,5,4,0,0,330.0,1375
Jet Airways,Kolkata,Banglore,CCU ? BOM ? BLR,08:15 16 May,No info,14388,15,5,2,0,0,1270.0,665
Air India,Delhi,Cochin,DEL ? MAA ? COK,09:25 25 Jun,No info,7480,24,6,0,0,0,750.0,1255
Multiple carriers,Delhi,Cochin,DEL ? BOM ? COK,12:35,In-flight meal not included,10791,27,6,3,0,0,360.0,395
Jet Airways,Delhi,Cochin,DEL ? BOM ? COK,04:25 28 Mar,No info,12452,27,3,2,0,0,425.0,1280
IndiGo,Kolkata,Banglore,CCU ? BBI ? BLR,23:50,No info,4226,21,5,1,0,0,1195.0,235
Vistara,Banglore,Delhi,BLR ? DEL,23:50,No info,5403,15,4,0,0,0,1260.0,170
Multiple carriers,Delhi,Cochin,DEL ? HYD ? COK,22:30,No info,9646,1,6,5,0,0,585.0,765
Air Asia,Banglore,Delhi,BLR ? DEL,07:45,No info,4282,3,6,0,0,0,295.0,170
Multiple carriers,Delhi,Cochin,DEL ? BOM ? COK,15:30,No info,7845,27,3,2,0,0,535.0,395
IndiGo,Chennai,Kolkata,MAA ? CCU,21:55,No info,3384,21,3,3,0,0,1175.0,140
IndiGo,Banglore,Delhi,BLR ? DEL,21:50,No info,4823,6,5,0,0,0,1135.0,175
IndiGo,Chennai,Kolkata,MAA ? CCU,21:55,No info,3597,15,6,5,0,0,1175.0,140
Multiple carriers,Delhi,Cochin,DEL ? BOM ? COK,21:00,No info,13587,15,6,5,0,0,540.0,720
Air Asia,Delhi,Cochin,DEL ? BLR ? COK,07:10 04 Mar,No info,13474,3,3,6,0,0,1005.0,865
IndiGo,Chennai,Kolkata,MAA ? CCU,15:35,No info,3384,21,3,3,0,0,800.0,135
Jet Airways,Delhi,Cochin,DEL ? JAI ? BOM ? COK,19:00,No info,15129,27,5,0,0,0,330.0,810
Jet Airways,Kolkata,Banglore,CCU ? BOM ? BLR,08:15 22 May,In-flight meal not included,8586,21,5,1,0,0,390.0,1545
IndiGo,Banglore,Delhi,BLR ? DEL,02:20 10 Jun,No info,4591,9,6,6,0,0,1410.0,170
Jet Airways,Delhi,Cochin,DEL ? LKO ? BOM ? COK,12:35 28 Jun,No info,13882,27,6,3,0,0,705.0,1490
Multiple carriers,Delhi,Cochin,DEL ? BOM ? COK,01:35 04 Mar,No info,18286,3,3,6,0,0,780.0,755
Air Asia,Kolkata,Banglore,CCU ? DEL ? BLR,19:25,No info,5192,15,5,2,0,0,455.0,710
Jet Airways,Delhi,Cochin,DEL ? JAI ? BOM ? COK,12:35 28 Jun,In-flight meal not included,11118,27,6,3,0,0,580.0,1615
IndiGo,Delhi,Cochin,DEL ? BOM ? COK,15:30,No info,14871,3,3,6,0,0,400.0,530
Air India,Kolkata,Banglore,CCU ? DEL ? AMD ? BLR,05:25 25 May,No info,15107,24,5,4,0,0,600.0,1165
Air India,Delhi,Cochin,DEL ? BOM ? COK,19:15,No info,8669,12,6,2,0,0,420.0,735
GoAir,Kolkata,Banglore,CCU ? AMD ? BLR,00:15 02 Apr,No info,5171,1,4,0,0,0,1000.0,455
Jet Airways,Kolkata,Banglore,CCU ? BOM ? BLR,12:00 13 Jun,In-flight meal not included,8529,12,6,2,0,0,990.0,1170
Jet Airways,Delhi,Cochin,DEL ? BOM ? COK,04:25 28 Mar,In-flight meal not included,7438,27,3,2,0,0,1385.0,320
IndiGo,Delhi,Cochin,DEL ? BOM ? COK,01:30 10 Jun,No info,6206,9,6,6,0,0,1030.0,500
Air India,Banglore,Delhi,BLR ? DEL,19:45,No info,7171,9,6,6,0,0,1020.0,165
Jet Airways,Kolkata,Banglore,CCU ? DEL ? BLR,14:25 10 Jun,No info,14151,9,6,6,0,0,575.0,1730
Jet Airways,Kolkata,Banglore,CCU ? BOM ? BLR,08:15 10 Jun,No info,14939,9,6,6,0,0,1135.0,800
Jet Airways,Banglore,New Delhi,BLR ? BOM ? DEL,11:25 02 Mar,No info,25735,1,3,4,0,0,700.0,1425
Jet Airways,Delhi,Cochin,DEL ? LKO ? BOM ? COK,04:25 13 Jun,No info,13882,12,6,2,0,0,565.0,1140
Vistara,Kolkata,Banglore,CCU ? DEL ? BLR,18:50 19 May,No info,9555,18,5,5,0,0,1220.0,1350
IndiGo,Kolkata,Banglore,CCU ? BLR,22:55,No info,4804,27,4,5,0,0,1220.0,155
Vistara,Chennai,Kolkata,MAA ? CCU,09:20,No info,6627,15,3,4,0,0,425.0,135
Jet Airways,Kolkata,Banglore,CCU ? BOM ? BLR,12:00,In-flight meal not included,8586,12,5,6,0,0,390.0,330
IndiGo,Kolkata,Banglore,CCU ? BLR,00:50 10 May,No info,4804,9,5,3,0,0,1335.0,155
Air India,Banglore,New Delhi,BLR ? BOM ? AMD ? DEL,23:55 02 Mar,No info,17135,1,3,4,0,0,530.0,2345
Jet Airways,Delhi,Cochin,DEL ? BOM ? COK,19:00,No info,15554,9,5,3,0,0,600.0,540
IndiGo,Delhi,Cochin,DEL ? BOM ? COK,21:00,No info,6838,27,5,0,0,0,510.0,750
IndiGo,Delhi,Cochin,DEL ? HYD ? COK,12:00,No info,8258,3,3,6,0,0,455.0,265
GoAir,Delhi,Cochin,DEL ? BOM ? COK,19:20,No info,8213,6,3,2,0,0,625.0,535
Multiple carriers,Delhi,Cochin,DEL ? BOM ? COK,19:00,No info,12192,6,6,3,0,0,420.0,720
Multiple carriers,Delhi,Cochin,DEL ? BOM ? COK,19:15,No info,14848,3,6,0,0,0,600.0,555
IndiGo,Kolkata,Banglore,CCU ? BLR,17:45,No info,4148,21,3,3,0,0,910.0,155
Jet Airways,Kolkata,Banglore,CCU ? BOM ? BLR,12:00 07 Jun,In-flight meal not included,10844,6,6,3,0,0,1200.0,960
Jet Airways,Kolkata,Banglore,CCU ? BOM ? BLR,22:35 19 May,In-flight meal not included,10844,18,5,5,0,0,1135.0,1660
Multiple carriers,Delhi,Cochin,DEL ? BOM ? COK,01:30 25 Jun,No info,6795,24,6,0,0,0,1140.0,390
Jet Airways,Kolkata,Banglore,CCU ? BOM ? BLR,04:40 16 May,No info,14781,15,5,2,0,0,990.0,730
IndiGo,Delhi,Cochin,DEL ? MAA ? COK,12:30,No info,6582,27,6,3,0,0,435.0,315
SpiceJet,Banglore,Delhi,BLR ? DEL,12:20,No check-in baggage included,3919,24,4,2,0,0,570.0,170
Multiple carriers,Delhi,Cochin,DEL ? HYD ? COK,22:30,No info,9646,27,6,3,0,0,585.0,765
SpiceJet,Banglore,New Delhi,BLR ? HYD ? DEL,23:40,1 Long layover,7744,1,3,4,0,0,935.0,485
Jet Airways,Delhi,Cochin,DEL ? JAI ? BOM ? COK,12:35 07 Jun,In-flight meal not included,11733,6,6,3,0,0,580.0,1615
Jet Airways,Delhi,Cochin,DEL ? BOM ? COK,04:25 16 Jun,In-flight meal not included,10262,15,6,5,0,0,540.0,1165
Jet Airways,Banglore,New Delhi,BLR ? BOM ? DEL,12:15,No info,17524,12,3,1,0,0,345.0,390
SpiceJet,Mumbai,Hyderabad,BOM ? HYD,00:10 10 Mar,No info,3603,9,3,5,0,0,1365.0,85
Multiple carriers,Delhi,Cochin,DEL ? BOM ? COK,19:15,No info,7564,18,5,5,0,0,450.0,705
Multiple carriers,Delhi,Cochin,DEL ? BOM ? COK,21:00,No info,7005,9,6,6,0,0,620.0,640
IndiGo,Delhi,Cochin,DEL ? BOM ? COK,01:35 04 Mar,No info,14871,3,3,6,0,0,550.0,985
Air Asia,Banglore,Delhi,BLR ? DEL,07:45,No info,4282,18,4,3,0,0,295.0,170
Jet Airways,Delhi,Cochin,DEL ? AMD ? BOM ? COK,12:35 28 May,No info,15129,27,5,0,0,0,1385.0,810
Air Asia,Delhi,Cochin,DEL ? BLR ? COK,22:25,No info,6752,24,6,0,0,0,1005.0,340
Air India,Delhi,Cochin,DEL ? COK,17:55,No info,6094,21,5,1,0,0,845.0,230
IndiGo,Mumbai,Hyderabad,BOM ? HYD,18:25,No info,3175,1,5,2,0,0,1015.0,90
Multiple carriers,Delhi,Cochin,DEL ? BOM ? COK,19:15,No info,8266,27,6,3,0,0,525.0,630
GoAir,Banglore,Delhi,BLR ? DEL,23:40,No info,6722,12,4,4,0,0,1255.0,165
SpiceJet,Kolkata,Banglore,CCU ? BLR,09:30,No info,3873,24,6,0,0,0,415.0,155
Air India,Mumbai,Hyderabad,BOM ? HYD,15:25,No info,2575,3,4,2,0,0,835.0,90
Multiple carriers,Delhi,Cochin,DEL ? BOM ? COK,19:15,No info,7787,21,5,1,0,0,400.0,755
IndiGo,Delhi,Cochin,DEL ? BLR ? COK,07:45,No info,9257,3,3,6,0,0,120.0,345
Jet Airways,Banglore,Delhi,BLR ? DEL,22:00,In-flight meal not included,4030,12,5,6,0,0,1135.0,185
SpiceJet,Banglore,Delhi,BLR ? DEL,00:05 04 May,No info,4991,3,5,4,0,0,1270.0,175
IndiGo,Delhi,Cochin,DEL ? BOM ? COK,13:20,No info,9861,21,3,3,0,0,450.0,350
IndiGo,Banglore,New Delhi,BLR ? NAG ? DEL,21:35,No info,10406,15,3,4,0,0,1010.0,285
Jet Airways,Banglore,Delhi,BLR ? DEL,18:10,In-flight meal not included,7229,9,6,6,0,0,915.0,175
Multiple carriers,Delhi,Cochin,DEL ? BOM ? COK,21:00,No info,7670,15,5,2,0,0,525.0,735
Jet Airways,Delhi,Cochin,DEL ? ATQ ? BOM ? COK,04:25 25 Jun,No info,14300,24,6,0,0,0,1200.0,505
Vistara,Kolkata,Banglore,CCU ? DEL ? BLR,10:45 16 May,No info,8452,15,5,2,0,0,430.0,1655
SpiceJet,Kolkata,Banglore,CCU ? BLR,17:25,No info,3873,6,4,5,0,0,895.0,150
SpiceJet,Kolkata,Banglore,CCU ? PNQ ? BLR,17:15,No info,6853,9,6,6,0,0,515.0,520
Jet Airways,Banglore,Delhi,BLR ? DEL,14:05,No info,7229,6,4,5,0,0,670.0,175
Jet Airways,Banglore,Delhi,BLR ? DEL,22:50,No info,7229,15,4,0,0,0,1190.0,180
Jet Airways,Delhi,Cochin,DEL ? BOM ? COK,12:35 04 Jun,No info,14714,3,6,0,0,0,1155.0,1040
IndiGo,Kolkata,Banglore,CCU ? BLR,19:50,No info,4804,12,6,2,0,0,1035.0,155
IndiGo,Kolkata,Banglore,CCU ? PAT ? BLR,14:15,No info,11465,9,5,3,0,0,560.0,295
IndiGo,Banglore,Delhi,BLR ? DEL,02:20 22 Apr,No info,4591,21,4,6,0,0,1410.0,170
IndiGo,Delhi,Cochin,DEL ? BOM ? COK,01:30 10 Jun,No info,6628,9,6,6,0,0,555.0,975
IndiGo,Delhi,Cochin,DEL ? BLR ? COK,07:45,No info,8025,6,3,2,0,0,120.0,345
Air Asia,Delhi,Cochin,DEL ? BLR ? COK,15:45,No info,6152,12,6,2,0,0,475.0,470
IndiGo,Banglore,Delhi,BLR ? DEL,13:00,No info,3943,3,4,2,0,0,610.0,170
Vistara,Kolkata,Banglore,CCU ? DEL ? BLR,10:45 07 Jun,No info,9187,6,6,3,0,0,430.0,1655
Vistara,Kolkata,Banglore,CCU ? DEL ? BLR,10:45 22 May,No info,9187,21,5,1,0,0,1220.0,865
Air India,Kolkata,Banglore,CCU ? DEL ? COK ? BLR,13:45 02 May,No info,15164,1,5,2,0,0,600.0,1665
Multiple carriers,Delhi,Cochin,DEL ? HYD ? COK,16:10,No info,10276,6,3,2,0,0,585.0,385
Multiple carriers,Delhi,Cochin,DEL ? BOM ? COK,19:00,No info,12192,1,6,5,0,0,230.0,910
Air Asia,Kolkata,Banglore,CCU ? BBI ? BLR,23:30,No info,5554,24,3,6,0,0,1195.0,215
Air India,Delhi,Cochin,DEL ? BOM ? COK,19:15,No info,6377,27,3,2,0,0,420.0,735
IndiGo,Delhi,Cochin,DEL ? BOM ? COK,01:35 22 Mar,No info,6232,21,3,3,0,0,1230.0,305
IndiGo,Delhi,Cochin,DEL ? BLR ? COK,10:05,No info,6496,9,5,3,0,0,310.0,295
IndiGo,Banglore,Delhi,BLR ? DEL,21:20,No info,4823,24,6,0,0,0,1095.0,185
IndiGo,Kolkata,Banglore,CCU ? BBI ? BLR,23:15,No info,6116,6,6,3,0,0,1175.0,220
Jet Airways,Kolkata,Banglore,CCU ? BOM ? BLR,18:15 10 May,In-flight meal not included,7757,9,5,3,0,0,1200.0,1335
Multiple carriers,Delhi,Cochin,DEL ? BOM ? COK,19:15,No info,8266,21,5,1,0,0,525.0,630
SpiceJet,Kolkata,Banglore,CCU ? BLR,09:30,No info,3873,21,5,1,0,0,415.0,155
Jet Airways,Kolkata,Banglore,CCU ? BOM ? BLR,10:05 16 May,In-flight meal not included,11841,15,5,2,0,0,1270.0,775
IndiGo,Kolkata,Banglore,CCU ? BLR,18:05,No info,4804,24,5,4,0,0,930.0,155
IndiGo,Banglore,Delhi,BLR ? DEL,13:00,No info,3943,1,6,5,0,0,610.0,170
Multiple carriers,Delhi,Cochin,DEL ? BOM ? COK,19:15,No info,15898,27,5,0,0,0,690.0,465
Jet Airways,Kolkata,Banglore,CCU ? DEL ? BLR,21:05 16 May,No info,14151,15,5,2,0,0,1020.0,1685
Jet Airways,Delhi,Cochin,DEL ? BOM ? COK,04:25 10 Jun,In-flight meal not included,10577,9,6,6,0,0,960.0,745
Air India,Banglore,Delhi,BLR ? DEL,08:55,No info,4441,3,4,2,0,0,370.0,165
Jet Airways,Delhi,Cochin,DEL ? BOM ? COK,12:35 07 Apr,In-flight meal not included,5177,6,4,5,0,0,690.0,1505
Air India,Kolkata,Banglore,CCU ? BLR,23:20,No info,4460,1,4,0,0,0,1245.0,155
Multiple carriers,Delhi,Cochin,DEL ? BOM ? COK,21:00,No info,13727,18,5,5,0,0,480.0,780
Jet Airways,Delhi,Cochin,DEL ? BOM ? COK,12:35 04 Jun,No info,14714,3,6,0,0,0,960.0,1235
Jet Airways,Delhi,Cochin,DEL ? IDR ? BOM ? COK,19:00 07 Jun,In-flight meal not included,10588,6,6,3,0,0,1285.0,1295
Jet Airways,Delhi,Cochin,DEL ? BOM ? COK,18:50,In-flight meal not included,7438,21,3,3,0,0,540.0,590
Air India,Delhi,Cochin,DEL ? MAA ? COK,09:25 07 Mar,No info,12677,6,3,2,0,0,1240.0,765
Jet Airways,Delhi,Cochin,DEL ? BOM ? COK,19:00 07 Jun,No info,14714,6,6,3,0,0,1095.0,1485
IndiGo,Mumbai,Hyderabad,BOM ? HYD,13:30,No info,2754,24,6,0,0,0,720.0,90
IndiGo,Delhi,Cochin,DEL ? HYD ? MAA ? COK,21:20,No info,6494,21,3,3,0,0,455.0,825
IndiGo,Banglore,New Delhi,BLR ? HYD ? DEL,20:35,No info,5607,15,3,4,0,0,975.0,260
Jet Airways,Banglore,New Delhi,BLR ? BOM ? DEL,21:20 02 Mar,No info,25735,1,3,4,0,0,1370.0,1350
IndiGo,Banglore,Delhi,BLR ? DEL,10:05,No info,4823,3,5,4,0,0,430.0,175
Air India,Mumbai,Hyderabad,BOM ? HYD,22:25,No info,2050,21,3,3,0,0,1265.0,80
Air India,Banglore,New Delhi,BLR ? BOM ? DEL,23:15,No info,12127,12,3,1,0,0,530.0,865
Multiple carriers,Delhi,Cochin,DEL ? BOM ? COK,01:30 13 Jun,No info,13377,12,6,2,0,0,1095.0,435
Jet Airways,Banglore,Delhi,BLR ? DEL,22:50,No info,7229,6,5,0,0,0,1190.0,180
Vistara,Delhi,Cochin,DEL ? COK,09:10,No info,6216,24,4,2,0,0,360.0,190
Air India,Delhi,Cochin,DEL ? COK,21:10,No info,8456,9,6,6,0,0,1085.0,185
Jet Airways,Delhi,Cochin,DEL ? AMD ? BOM ? COK,12:35 19 May,No info,15129,18,5,5,0,0,1150.0,1045
Jet Airways,Banglore,New Delhi,BLR ? BOM ? DEL,07:40 13 Mar,No info,13817,12,3,1,0,0,1015.0,885
GoAir,Delhi,Cochin,DEL ? AMD ? COK,13:35,No info,6296,6,5,0,0,0,445.0,370
Air India,Kolkata,Banglore,CCU ? BLR,16:45,No info,5170,21,3,3,0,0,855.0,150
SpiceJet,Banglore,Delhi,BLR ? DEL,00:05 25 May,No check-in baggage included,3919,24,5,4,0,0,1270.0,175
IndiGo,Banglore,Delhi,BLR ? DEL,10:05,No info,4823,3,4,2,0,0,430.0,175
Jet Airways,Delhi,Cochin,DEL ? BOM ? COK,04:25 25 Jun,In-flight meal not included,10262,24,6,0,0,0,600.0,1105
Jet Airways,Delhi,Cochin,DEL ? LKO ? BOM ? COK,12:35 10 Jun,No info,13882,9,6,6,0,0,845.0,1350
Multiple carriers,Delhi,Cochin,DEL ? BOM ? COK,21:00,No info,13587,6,6,3,0,0,780.0,480
Jet Airways,Delhi,Cochin,DEL ? BOM ? COK,04:25 10 Mar,In-flight meal not included,11848,9,3,5,0,0,20.0,1685
Air India,Mumbai,Hyderabad,BOM ? DEL ? HYD,23:45,No info,11678,6,3,2,0,0,600.0,825
IndiGo,Banglore,Delhi,BLR ? DEL,21:20,No info,4823,18,5,5,0,0,1105.0,175
SpiceJet,Banglore,Delhi,BLR ? DEL,00:05 16 Apr,No check-in baggage included,3919,15,4,0,0,0,1270.0,175
Vistara,Chennai,Kolkata,MAA ? CCU,20:05,No info,11982,12,6,2,0,0,1065.0,140
Jet Airways,Kolkata,Banglore,CCU ? DEL ? BLR,18:00,In-flight meal not included,10703,1,5,2,0,0,575.0,505
Jet Airways,Kolkata,Banglore,CCU ? BOM ? BLR,23:35 19 May,In-flight meal not included,10844,18,5,5,0,0,1135.0,1720
Jet Airways,Kolkata,Banglore,CCU ? BOM ? BLR,19:50 16 May,In-flight meal not included,10844,15,5,2,0,0,1135.0,1495
IndiGo,Mumbai,Hyderabad,BOM ? HYD,18:25,No info,3175,27,6,3,0,0,1015.0,90
Air India,Delhi,Cochin,DEL ? BOM ? COK,19:15,No info,9929,1,6,5,0,0,480.0,675
Jet Airways,Banglore,New Delhi,BLR ? BOM ? DEL,19:10,No info,19225,6,3,2,0,0,845.0,305
SpiceJet,Mumbai,Hyderabad,BOM ? HYD,07:15,No info,2017,24,5,4,0,0,345.0,90
Jet Airways,Banglore,New Delhi,BLR ? BOM ? DEL,12:15 19 Mar,In-flight meal not included,7832,21,3,3,0,0,700.0,1475
Jet Airways,Kolkata,Banglore,CCU ? BOM ? BLR,09:20 02 May,In-flight meal not included,9663,1,5,2,0,0,390.0,1610
Multiple carriers,Delhi,Cochin,DEL ? BOM ? COK,21:00,No info,7005,9,6,6,0,0,700.0,560
IndiGo,Mumbai,Hyderabad,BOM ? HYD,04:05,No info,3175,12,5,6,0,0,155.0,90
Air India,Kolkata,Banglore,CCU ? MAA ? BLR,15:20 02 Apr,No info,5006,1,4,0,0,0,875.0,1485
Multiple carriers,Delhi,Cochin,DEL ? BOM ? COK,19:15,No info,9526,15,6,5,0,0,525.0,630
Jet Airways,Delhi,Cochin,DEL ? IDR ? BOM ? COK,19:00,No info,13292,6,6,3,0,0,330.0,810
IndiGo,Delhi,Cochin,DEL ? LKO ? COK,03:35 10 May,No info,6058,9,5,3,0,0,1310.0,345
Air India,Delhi,Cochin,DEL ? RPR ? NAG ? BOM ? COK,07:40 25 Jun,No info,10493,24,6,0,0,0,315.0,1585
Jet Airways,Kolkata,Banglore,CCU ? BOM ? BLR,22:35,In-flight meal not included,10844,9,6,6,0,0,990.0,365
Jet Airways,Kolkata,Banglore,CCU ? DEL ? BLR,21:05,No info,10953,1,4,0,0,0,575.0,690
Jet Airways,Kolkata,Banglore,CCU ? BOM ? BLR,12:00 22 May,In-flight meal not included,10844,21,5,1,0,0,1200.0,960
Jet Airways,Kolkata,Banglore,CCU ? DEL ? BLR,09:45 07 Jun,In-flight meal not included,10539,6,6,3,0,0,1225.0,800
Jet Airways,Delhi,Cochin,DEL ? IDR ? BOM ? COK,04:25 16 Jun,No info,13292,15,6,5,0,0,330.0,1375
Vistara,Delhi,Cochin,DEL ? COK,09:10,No info,6741,18,5,5,0,0,360.0,190
Jet Airways,Kolkata,Banglore,CCU ? BOM ? BLR,09:20 07 Jun,No info,14571,6,6,3,0,0,1200.0,800
Jet Airways,Kolkata,Banglore,CCU ? BOM ? BLR,18:15,No info,14781,9,5,3,0,0,505.0,590
IndiGo,Mumbai,Hyderabad,BOM ? HYD,18:25,No info,3838,18,5,5,0,0,1015.0,90
Air India,Delhi,Cochin,DEL ? COK,17:55,No info,5201,18,6,1,0,0,845.0,230
Air Asia,Delhi,Cochin,DEL ? BLR ? COK,15:45,No info,8759,9,6,6,0,0,475.0,470
GoAir,Delhi,Cochin,DEL ? BOM ? COK,12:55,No info,6195,24,4,2,0,0,420.0,355
Air India,Mumbai,Hyderabad,BOM ? HYD,20:45,No info,3100,15,3,4,0,0,1170.0,75
SpiceJet,Delhi,Cochin,DEL ? BLR ? COK,22:50,No info,5975,18,5,5,0,0,1075.0,295
Jet Airways,Kolkata,Banglore,CCU ? BOM ? BLR,23:35,In-flight meal not included,10844,9,6,6,0,0,845.0,570
Jet Airways,Delhi,Cochin,DEL ? BOM ? COK,04:25 28 May,No info,16079,27,5,0,0,0,1255.0,450
SpiceJet,Chennai,Kolkata,MAA ? CCU,10:35,No check-in baggage included,3543,27,5,0,0,0,500.0,135
SpiceJet,Kolkata,Banglore,CCU ? BLR,19:40,No check-in baggage included,3841,3,5,4,0,0,1030.0,150
Jet Airways,Delhi,Cochin,DEL ? BOM ? COK,12:35 16 Jun,In-flight meal not included,10262,15,6,5,0,0,1155.0,1040
Jet Airways,Kolkata,Banglore,CCU ? DEL ? BLR,23:35,No info,12692,12,6,2,0,0,575.0,840
IndiGo,Chennai,Kolkata,MAA ? CCU,10:15,No info,3850,1,6,5,0,0,475.0,140
Jet Airways,Delhi,Cochin,DEL ? BOM ? COK,04:25 19 May,In-flight meal not included,12373,18,5,5,0,0,480.0,1225
Air India,Mumbai,Hyderabad,BOM ? HYD,15:25,No info,3100,21,3,3,0,0,835.0,90
Vistara,Banglore,Delhi,BLR ? DEL,22:15,No info,4878,18,5,5,0,0,1170.0,165
Jet Airways,Delhi,Cochin,DEL ? AMD ? BOM ? COK,19:00 10 May,No info,15129,9,5,3,0,0,1150.0,1430
Multiple carriers Premium economy,Delhi,Cochin,DEL ? BOM ? COK,21:00,No info,9845,21,3,3,0,0,535.0,725
IndiGo,Banglore,Delhi,BLR ? DEL,04:15,No info,4077,1,5,2,0,0,90.0,165
Multiple carriers,Delhi,Cochin,DEL ? BOM ? COK,19:00,No info,9315,21,5,1,0,0,450.0,690
Jet Airways,Kolkata,Banglore,CCU ? BOM ? BLR,23:35,No info,14781,9,5,3,0,0,845.0,570
Air India,Mumbai,Hyderabad,BOM ? GOI ? PNQ ? HYD,16:55,No info,17327,6,3,2,0,0,1010.0,5
Air India,Banglore,New Delhi,BLR ? DEL,19:50,No info,9481,9,3,5,0,0,1020.0,170
Jet Airways,Delhi,Cochin,DEL ? MAA ? BOM ? COK,19:45 28 Mar,In-flight meal not included,8938,27,3,2,0,0,310.0,2315
Jet Airways,Kolkata,Banglore,CCU ? BOM ? BLR,12:00,No info,14388,9,5,3,0,0,390.0,330
Air India,Delhi,Cochin,DEL ? BLR ? COK,23:00 22 Mar,No info,5704,21,3,3,0,0,1230.0,1590
GoAir,Banglore,Delhi,BLR ? DEL,10:40,No info,3898,9,6,6,0,0,465.0,175
Jet Airways,Mumbai,Hyderabad,BOM ? HYD,04:25,No info,5678,27,3,2,0,0,175.0,90
IndiGo,Delhi,Cochin,DEL ? HYD ? COK,12:00,No info,6937,9,3,5,0,0,455.0,265
IndiGo,Mumbai,Hyderabad,BOM ? HYD,20:30,No info,2754,21,3,3,0,0,1145.0,85
SpiceJet,Mumbai,Hyderabad,BOM ? HYD,00:10 16 Mar,No check-in baggage included,2647,15,3,4,0,0,1365.0,85
IndiGo,Kolkata,Banglore,CCU ? MAA ? BLR,10:20,No info,4226,21,5,1,0,0,380.0,240
GoAir,Banglore,Delhi,BLR ? DEL,10:40,No info,4239,18,5,5,0,0,465.0,175
IndiGo,Delhi,Cochin,DEL ? PNQ ? COK,04:35 28 Jun,No info,9165,27,6,3,0,0,1410.0,305
Jet Airways,Banglore,New Delhi,BLR ? DEL,22:35,No info,18308,1,3,4,0,0,1195.0,160
Multiple carriers,Delhi,Cochin,DEL ? BOM ? COK,15:30,No info,14486,21,3,3,0,0,425.0,505
Air Asia,Banglore,Delhi,BLR ? DEL,07:45,No info,4282,9,4,1,0,0,295.0,170
Multiple carriers,Delhi,Cochin,DEL ? BOM ? COK,21:00,No info,13587,27,6,3,0,0,480.0,780
Multiple carriers,Delhi,Cochin,DEL ? BOM ? COK,21:00,No info,13587,3,6,0,0,0,690.0,570
Jet Airways,Delhi,Cochin,DEL ? BOM ? COK,04:25 28 Mar,In-flight meal not included,6645,27,3,2,0,0,480.0,1225
SpiceJet,Banglore,Delhi,BLR ? DEL,08:35,No info,4423,15,4,0,0,0,355.0,160
Air India,Banglore,New Delhi,BLR ? BOM ? BHO ? DEL,23:25 16 Mar,No info,11518,18,3,0,0,0,1045.0,1800
Jet Airways,Kolkata,Banglore,CCU ? BOM ? BLR,04:45 25 Mar,No info,13759,24,3,6,0,0,835.0,890
SpiceJet,Banglore,Delhi,BLR ? DEL,08:35,No info,3625,18,6,1,0,0,355.0,160
IndiGo,Kolkata,Banglore,CCU ? BLR,08:20,No info,4148,15,3,4,0,0,330.0,170
Vistara,Banglore,Delhi,BLR ? DEL,19:35,No info,5613,24,4,2,0,0,1020.0,155
Air India,Kolkata,Banglore,CCU ? DEL ? VGA ? BLR,10:00 07 May,No info,14298,6,5,0,0,0,600.0,1440
Jet Airways,Banglore,New Delhi,BLR ? BOM ? DEL,21:20,In-flight meal not included,7832,21,3,3,0,0,480.0,800
IndiGo,Delhi,Cochin,DEL ? HYD ? COK,18:10,No info,6442,21,5,1,0,0,515.0,575
Jet Airways,Mumbai,Hyderabad,BOM ? HYD,04:20,No info,5678,1,4,0,0,0,175.0,85
Jet Airways,Kolkata,Banglore,CCU ? BOM ? BLR,04:40 02 Apr,In-flight meal not included,7064,1,4,0,0,0,1135.0,585
Jet Airways,Kolkata,Banglore,CCU ? DEL ? BLR,09:45 19 May,No info,14151,18,5,5,0,0,1020.0,1005
GoAir,Banglore,Delhi,BLR ? DEL,23:40,No info,3419,24,6,0,0,0,1255.0,165
Jet Airways,Delhi,Cochin,DEL ? BOM ? COK,04:25 10 Mar,No info,15554,9,3,5,0,0,1045.0,660
Air India,Banglore,New Delhi,BLR ? AMD ? DEL,08:45,No info,13859,18,3,0,0,0,30.0,495
SpiceJet,Kolkata,Banglore,CCU ? BLR,00:40 16 Mar,No info,3847,15,3,4,0,0,1340.0,140
GoAir,Banglore,New Delhi,BLR ? GOI ? DEL,20:15,No info,7657,9,3,5,0,0,950.0,265
Air India,Delhi,Cochin,DEL ? HYD ? BOM ? COK,07:40 10 May,No info,13547,9,5,3,0,0,425.0,1475
Jet Airways,Banglore,Delhi,BLR ? DEL,10:10,No info,7229,27,5,0,0,0,430.0,180
Jet Airways,Delhi,Cochin,DEL ? NAG ? BOM ? COK,04:25 16 Jun,No info,13376,15,6,5,0,0,405.0,1300
IndiGo,Mumbai,Hyderabad,BOM ? HYD,21:40,No info,2227,18,6,1,0,0,1205.0,95
SpiceJet,Banglore,Delhi,BLR ? DEL,08:35,No info,3971,21,6,4,0,0,355.0,160
IndiGo,Delhi,Cochin,DEL ? BOM ? COK,01:30 28 Jun,No info,6628,27,6,3,0,0,555.0,975
Jet Airways,Kolkata,Banglore,CCU ? BOM ? BLR,10:05 07 May,No info,13584,6,5,0,0,0,1270.0,775
SpiceJet,Kolkata,Banglore,CCU ? BLR,09:35,No info,4148,21,3,3,0,0,415.0,160
Jet Airways,Kolkata,Banglore,CCU ? BOM ? BLR,18:15,No info,14571,9,6,6,0,0,390.0,705
SpiceJet,Kolkata,Banglore,CCU ? BLR,00:40 22 May,No check-in baggage included,3841,21,5,1,0,0,1340.0,140
Jet Airways,Banglore,Delhi,BLR ? DEL,08:45,In-flight meal not included,5198,12,4,4,0,0,360.0,165
Air Asia,Banglore,Delhi,BLR ? DEL,07:45,No info,3383,24,4,2,0,0,295.0,170
Jet Airways,Delhi,Cochin,DEL ? COK,14:15,In-flight meal not included,7202,6,6,3,0,0,660.0,195
IndiGo,Delhi,Cochin,DEL ? COK,00:20 04 Apr,No info,5021,3,4,2,0,0,1265.0,195
GoAir,Banglore,Delhi,BLR ? DEL,23:40,No info,4239,3,5,4,0,0,1255.0,165
Jet Airways,Delhi,Cochin,DEL ? JAI ? BOM ? COK,12:35 28 May,No info,15129,27,5,0,0,0,1170.0,1025
Vistara,Banglore,New Delhi,BLR ? DEL,09:40,No info,21520,1,3,4,0,0,420.0,160
IndiGo,Delhi,Cochin,DEL ? COK,08:50,No info,7673,3,3,6,0,0,335.0,195
IndiGo,Banglore,Delhi,BLR ? DEL,22:50,No info,4823,18,6,1,0,0,1200.0,170
Jet Airways,Delhi,Cochin,DEL ? BOM ? COK,19:00,In-flight meal not included,15190,1,6,5,0,0,425.0,715
Jet Airways,Kolkata,Banglore,CCU ? BOM ? BLR,22:35,No info,14781,18,5,5,0,0,505.0,850
IndiGo,Kolkata,Banglore,CCU ? BLR,18:05,No info,4804,18,5,5,0,0,930.0,155
Jet Airways,Delhi,Cochin,DEL ? BOM ? COK,12:35 02 Jun,In-flight meal not included,10262,1,6,5,0,0,780.0,1415
IndiGo,Delhi,Cochin,DEL ? BOM ? COK,21:00,No info,7503,15,5,2,0,0,555.0,705
Jet Airways,Banglore,Delhi,BLR ? DEL,14:05,No info,8016,15,6,5,0,0,670.0,175
IndiGo,Mumbai,Hyderabad,BOM ? HYD,07:55,No info,4049,9,6,6,0,0,385.0,90
Air India,Banglore,New Delhi,BLR ? CCU ? DEL,12:55,No info,12389,3,3,6,0,0,350.0,425
SpiceJet,Chennai,Kolkata,MAA ? CCU,20:05,No info,3597,12,5,6,0,0,1065.0,140
Multiple carriers,Delhi,Cochin,DEL ? BOM ? COK,01:30 16 May,No info,13727,15,5,2,0,0,690.0,840
Jet Airways,Mumbai,Hyderabad,BOM ? HYD,04:20,No info,5678,1,5,2,0,0,175.0,85
Multiple carriers,Delhi,Cochin,DEL ? BOM ? COK,21:00,No info,7670,9,5,3,0,0,620.0,640
Jet Airways,Kolkata,Banglore,CCU ? BOM ? BLR,23:35,In-flight meal not included,10844,18,5,5,0,0,845.0,570
Jet Airways,Kolkata,Banglore,CCU ? BOM ? BLR,18:15 02 Apr,In-flight meal not included,7064,1,4,0,0,0,990.0,1545
Multiple carriers,Delhi,Cochin,DEL ? BOM ? COK,21:00,No info,8930,3,6,0,0,0,540.0,720
Air Asia,Banglore,Delhi,BLR ? DEL,07:45,No info,4282,1,4,0,0,0,295.0,170
IndiGo,Banglore,Delhi,BLR ? DEL,11:20,No info,4823,21,6,4,0,0,510.0,170
Jet Airways,Delhi,Cochin,DEL ? BOM ? COK,04:25 10 May,In-flight meal not included,12373,9,5,3,0,0,425.0,1280
Jet Airways,Banglore,New Delhi,BLR ? BOM ? DEL,20:20,In-flight meal not included,11087,9,3,5,0,0,420.0,800
Jet Airways,Delhi,Cochin,DEL ? BOM ? COK,04:25 04 Jun,No info,16079,3,6,0,0,0,1310.0,395
IndiGo,Delhi,Cochin,DEL ? COK,08:50,No info,5601,12,6,2,0,0,335.0,195
SpiceJet,Mumbai,Hyderabad,BOM ? HYD,07:15,No info,2753,9,6,6,0,0,345.0,90
Jet Airways,Delhi,Cochin,DEL ? BOM ? COK,04:25 28 Jun,In-flight meal not included,12898,27,6,3,0,0,1370.0,335
Multiple carriers,Delhi,Cochin,DEL ? BOM ? COK,21:00,No info,15603,6,3,2,0,0,780.0,480
IndiGo,Kolkata,Banglore,CCU ? BLR,12:20,No info,4174,12,4,4,0,0,575.0,165
IndiGo,Banglore,New Delhi,BLR ? DEL,22:55,No info,6144,24,3,6,0,0,1200.0,175
Jet Airways,Kolkata,Banglore,CCU ? BOM ? BLR,18:15,No info,14781,6,5,0,0,0,505.0,590
IndiGo,Delhi,Cochin,DEL ? LKO ? COK,03:35 16 Jun,No info,6195,15,6,5,0,0,1310.0,345
Jet Airways,Kolkata,Banglore,CCU ? BOM ? BLR,08:15 07 May,In-flight meal not included,8586,6,5,0,0,0,390.0,1545
IndiGo,Banglore,New Delhi,BLR ? DEL,01:10 02 Mar,No info,11934,1,3,4,0,0,1340.0,170
Air India,Kolkata,Banglore,CCU ? DEL ? AMD ? BLR,05:25 16 May,No info,14424,15,5,2,0,0,420.0,1345
Jet Airways,Delhi,Cochin,DEL ? BOM ? COK,19:00,No info,18581,24,6,0,0,0,425.0,715
Jet Airways,Kolkata,Banglore,CCU ? BOM ? BLR,04:40 13 May,No info,13941,12,5,6,0,0,1270.0,450
Jet Airways,Banglore,Delhi,BLR ? DEL,22:00,No info,7229,6,5,0,0,0,1135.0,185
SpiceJet,Kolkata,Banglore,CCU ? BLR,09:30,No info,3873,15,5,2,0,0,415.0,155
Jet Airways,Delhi,Cochin,DEL ? BOM ? COK,19:00,No info,14714,12,6,2,0,0,690.0,450
Air Asia,Kolkata,Banglore,CCU ? IXR ? DEL ? BLR,22:55,No info,11245,24,3,6,0,0,925.0,450
IndiGo,Delhi,Cochin,DEL ? BOM ? COK,01:30 28 May,No info,6104,27,5,0,0,0,685.0,845
IndiGo,Delhi,Cochin,DEL ? HYD ? COK,22:20,No info,7094,6,3,2,0,0,455.0,885
Jet Airways,Kolkata,Banglore,CCU ? BOM ? BLR,04:45 25 Mar,In-flight meal not included,10031,24,3,6,0,0,390.0,1335
Jet Airways,Kolkata,Banglore,CCU ? BOM ? BLR,12:00,No info,13941,18,5,5,0,0,345.0,375
Multiple carriers,Delhi,Cochin,DEL ? BOM ? COK,01:30 25 Jun,No info,7198,24,6,0,0,0,1140.0,390
SpiceJet,Banglore,New Delhi,BLR ? DEL,12:30,No check-in baggage included,3873,24,3,6,0,0,575.0,175
Air India,Kolkata,Banglore,CCU ? BLR,16:45,No info,5747,12,3,1,0,0,855.0,150
Air India,Mumbai,Hyderabad,BOM ? HYD,20:45,No info,3100,15,6,5,0,0,1170.0,75
Air India,Kolkata,Banglore,CCU ? BBI ? BLR,13:15,No info,8996,6,5,0,0,0,550.0,245
Multiple carriers,Delhi,Cochin,DEL ? BOM ? COK,19:00,No info,9103,15,5,2,0,0,635.0,505
Jet Airways,Banglore,New Delhi,BLR ? BOM ? DEL,09:30 02 Mar,1 Long layover,31825,1,3,4,0,0,1120.0,890
Jet Airways,Kolkata,Banglore,CCU ? BOM ? BLR,10:05 16 May,No info,14781,15,5,2,0,0,990.0,1055
Jet Airways,Banglore,Delhi,BLR ? DEL,11:20,No info,7229,18,5,5,0,0,500.0,180
IndiGo,Banglore,New Delhi,BLR ? DEL,02:20 02 Mar,No info,10067,1,3,4,0,0,1410.0,170
Jet Airways,Delhi,Cochin,DEL ? JAI ? BOM ? COK,04:25 10 Apr,No info,10909,9,4,1,0,0,580.0,1125
IndiGo,Kolkata,Banglore,CCU ? BLR,18:05,No info,4804,27,4,5,0,0,930.0,155
Jet Airways,Mumbai,Hyderabad,BOM ? HYD,04:20,In-flight meal not included,4050,1,6,5,0,0,175.0,85
Jet Airways,Kolkata,Banglore,CCU ? DEL ? BLR,23:35 16 May,No info,14151,15,5,2,0,0,1225.0,1630
SpiceJet,Kolkata,Banglore,CCU ? BLR,09:30,No check-in baggage included,3841,1,6,5,0,0,415.0,155
Jet Airways,Kolkata,Banglore,CCU ? BOM ? BLR,19:50,No info,14781,9,5,3,0,0,845.0,345
Vistara,Kolkata,Banglore,CCU ? DEL ? BLR,23:25,No info,9870,9,6,6,0,0,1020.0,385
Air India,Delhi,Cochin,DEL ? BLR ? COK,23:00,No info,8907,27,5,0,0,0,810.0,570
Jet Airways,Banglore,New Delhi,BLR ? BOM ? DEL,07:40 02 Mar,No info,26890,1,3,4,0,0,1370.0,530
GoAir,Delhi,Cochin,DEL ? BOM ? COK,12:55,No info,6195,15,4,0,0,0,420.0,355
Jet Airways,Banglore,New Delhi,BLR ? BOM ? DEL,19:10,In-flight meal not included,7832,21,3,3,0,0,845.0,305
Multiple carriers Premium economy,Delhi,Cochin,DEL ? BOM ? COK,15:30,No info,11269,21,3,3,0,0,535.0,395
Vistara,Banglore,New Delhi,BLR ? DEL,18:35,No info,5613,24,3,6,0,0,960.0,155
IndiGo,Banglore,Delhi,BLR ? DEL,03:25,No info,4284,1,5,2,0,0,30.0,175
Vistara,Banglore,Delhi,BLR ? DEL,23:50,No info,4668,6,5,0,0,0,1260.0,170
Air India,Delhi,Cochin,DEL ? BOM ? COK,19:15,No info,15197,3,3,6,0,0,480.0,675
Jet Airways,Kolkata,Banglore,CCU ? BOM ? BLR,16:20,In-flight meal not included,9899,12,6,2,0,0,505.0,475
GoAir,Delhi,Cochin,DEL ? BOM ? COK,19:35,No info,3948,27,6,3,0,0,635.0,540
Jet Airways,Banglore,New Delhi,BLR ? BOM ? DEL,08:15 16 Mar,In-flight meal not included,10405,15,3,4,0,0,535.0,1400
Multiple carriers,Delhi,Cochin,DEL ? GWL ? IDR ? BOM ? COK,01:30 10 Jun,No info,15419,9,6,6,0,0,695.0,835
Multiple carriers,Delhi,Cochin,DEL ? BOM ? COK,18:50,No info,15135,3,3,6,0,0,505.0,625
Multiple carriers Premium economy,Delhi,Cochin,DEL ? BOM ? COK,12:35,No info,13369,21,3,3,0,0,360.0,395
Jet Airways,Delhi,Cochin,DEL ? JDH ? BOM ? COK,19:00,No info,18804,27,6,3,0,0,700.0,440
Air Asia,Delhi,Cochin,DEL ? BLR ? COK,07:10 10 May,No info,6751,9,5,3,0,0,1245.0,625
Air India,Kolkata,Banglore,CCU ? DEL ? BLR,08:55 10 May,No info,10203,9,5,3,0,0,1230.0,745
Jet Airways,Banglore,New Delhi,BLR ? BOM ? DEL,21:20,No info,27992,1,3,4,0,0,420.0,860
Air India,Delhi,Cochin,DEL ? LKO ? BOM ? COK,19:15,No info,12488,12,6,2,0,0,430.0,725
Jet Airways,Banglore,Delhi,BLR ? DEL,10:10,In-flight meal not included,5198,12,4,4,0,0,430.0,180
Jet Airways,Banglore,Delhi,BLR ? DEL,20:45,No info,7229,1,5,2,0,0,1065.0,180
Air India,Kolkata,Banglore,CCU ? IXR ? DEL ? BLR,23:15,No info,12723,12,6,2,0,0,350.0,1045
Air India,Mumbai,Hyderabad,BOM ? BHO ? DEL ? HYD,09:10 07 Mar,No info,13169,6,3,2,0,0,360.0,1630
Air India,Kolkata,Banglore,CCU ? BOM ? HBX ? BLR,18:20,No info,8366,15,5,2,0,0,565.0,535
Multiple carriers,Delhi,Cochin,DEL ? BOM ? COK,21:00,No info,7670,9,5,3,0,0,360.0,900
Jet Airways,Banglore,Delhi,BLR ? DEL,08:45,No info,7229,1,4,0,0,0,360.0,165
Vistara,Banglore,Delhi,BLR ? DEL,23:50,No info,4668,1,6,5,0,0,1260.0,170
Air Asia,Delhi,Cochin,DEL ? BLR ? COK,07:10 10 Mar,No info,8327,9,3,5,0,0,1210.0,660
Jet Airways,Delhi,Cochin,DEL ? BOM ? COK,12:35 22 May,In-flight meal not included,12898,21,5,1,0,0,1255.0,940
IndiGo,Kolkata,Banglore,CCU ? MAA ? BLR,10:20,No info,4226,6,5,0,0,0,380.0,240
Jet Airways,Delhi,Cochin,DEL ? BOM ? COK,19:00 28 Jun,In-flight meal not included,10262,27,6,3,0,0,1155.0,1425
Multiple carriers,Delhi,Cochin,DEL ? BOM ? COK,19:00,No info,10678,24,6,0,0,0,295.0,845
Air India,Delhi,Cochin,DEL ? HYD ? BOM ? COK,07:40 22 Mar,No info,8052,21,3,3,0,0,1035.0,865
GoAir,Banglore,New Delhi,BLR ? DEL,14:35,No info,3898,24,3,6,0,0,700.0,175
Air Asia,Kolkata,Banglore,CCU ? BLR,12:55,No info,3807,12,6,2,0,0,620.0,155
IndiGo,Delhi,Cochin,DEL ? BOM ? COK,21:00,No info,6838,3,6,0,0,0,555.0,705
Jet Airways,Delhi,Cochin,DEL ? JAI ? BOM ? COK,19:00,No info,13014,24,6,0,0,0,330.0,810
IndiGo,Kolkata,Banglore,CCU ? BLR,16:55,No info,5224,12,4,4,0,0,865.0,150
Multiple carriers,Delhi,Cochin,DEL ? BOM ? COK,01:30 07 Jun,No info,13377,6,6,3,0,0,780.0,750
GoAir,Delhi,Cochin,DEL ? BOM ? COK,12:55,No info,6633,21,5,1,0,0,420.0,355
Air Asia,Kolkata,Banglore,CCU ? DEL ? BLR,23:30,No info,5192,24,5,4,0,0,455.0,955
IndiGo,Banglore,Delhi,BLR ? DEL,01:00 19 Apr,No info,4591,18,4,3,0,0,1330.0,170
Air India,Kolkata,Banglore,CCU ? BLR,23:20,No info,4880,12,5,6,0,0,1245.0,155
Jet Airways,Banglore,Delhi,BLR ? DEL,20:45,No info,7229,27,4,5,0,0,1065.0,180
Jet Airways,Delhi,Cochin,DEL ? BOM ? COK,04:25 10 May,In-flight meal not included,12373,9,5,3,0,0,1185.0,520
Air India,Delhi,Cochin,DEL ? COK,17:10,No info,6094,27,4,5,0,0,850.0,180
Jet Airways,Delhi,Cochin,DEL ? BOM ? COK,12:35 13 Jun,In-flight meal not included,10262,12,6,2,0,0,1255.0,940
Jet Airways,Delhi,Cochin,DEL ? JDH ? BOM ? COK,19:00,No info,15439,9,4,1,0,0,700.0,440
IndiGo,Banglore,Delhi,BLR ? DEL,02:20 07 May,No info,4077,6,5,0,0,0,1410.0,170
GoAir,Banglore,Delhi,BLR ? DEL,23:40,No info,4632,18,5,5,0,0,1255.0,165
Jet Airways,Kolkata,Banglore,CCU ? DEL ? BLR,18:00,No info,12692,6,6,3,0,0,575.0,505
IndiGo,Kolkata,Banglore,CCU ? HYD ? BLR,23:45,No info,3480,24,4,2,0,0,1160.0,265
Multiple carriers,Delhi,Cochin,DEL ? IXU ? BOM ? COK,01:30 19 May,No info,19360,18,5,5,0,0,1070.0,460
Jet Airways,Banglore,New Delhi,BLR ? BOM ? DEL,08:15 16 Mar,In-flight meal not included,9134,15,3,4,0,0,700.0,1235
Multiple carriers,Delhi,Cochin,DEL ? BOM ? COK,21:00,No info,13587,24,6,0,0,0,840.0,420
Jet Airways,Delhi,Cochin,DEL ? BOM ? COK,19:00 10 May,No info,15554,9,5,3,0,0,1050.0,1530
Jet Airways,Banglore,New Delhi,BLR ? DEL,22:35,No info,7229,9,3,5,0,0,1195.0,160
IndiGo,Delhi,Cochin,DEL ? HYD ? COK,22:20,No info,7514,6,3,2,0,0,515.0,825
Multiple carriers,Delhi,Cochin,DEL ? BOM ? COK,21:00,No info,13587,6,6,3,0,0,480.0,780
Jet Airways,Banglore,Delhi,BLR ? DEL,10:10,In-flight meal not included,7229,9,6,6,0,0,430.0,180
Jet Airways,Delhi,Cochin,DEL ? BOM ? COK,04:25 02 Jun,In-flight meal not included,10262,1,6,5,0,0,135.0,1570
IndiGo,Delhi,Cochin,DEL ? BOM ? COK,21:00,No info,14871,3,3,6,0,0,450.0,810
Multiple carriers,Delhi,Cochin,DEL ? BOM ? COK,19:00,No info,10529,27,5,0,0,0,525.0,615
IndiGo,Delhi,Cochin,DEL ? HYD ? COK,22:30,No info,6442,12,6,2,0,0,455.0,895
IndiGo,Kolkata,Banglore,CCU ? HYD ? BLR,20:05,No info,5170,21,5,1,0,0,915.0,290
IndiGo,Delhi,Cochin,DEL ? HYD ? COK,22:30,No info,6442,15,5,2,0,0,455.0,895
IndiGo,Banglore,Delhi,BLR ? DEL,03:25,No info,3419,27,5,0,0,0,30.0,175
Jet Airways,Banglore,New Delhi,BLR ? BOM ? DEL,10:25 07 Mar,No info,17261,6,3,2,0,0,1235.0,830
SpiceJet,Chennai,Kolkata,MAA ? CCU,10:35,No check-in baggage included,3543,24,6,0,0,0,500.0,135
Air Asia,Banglore,Delhi,BLR ? DEL,13:55,No info,3383,12,5,6,0,0,670.0,165
Air India,Delhi,Cochin,DEL ? GOI ? BOM ? COK,19:15 25 Jun,No info,9181,24,6,0,0,0,1320.0,1275
Jet Airways,Banglore,New Delhi,BLR ? BOM ? DEL,11:25 13 Mar,In-flight meal not included,11087,12,3,1,0,0,1135.0,990
Jet Airways,Banglore,Delhi,BLR ? DEL,10:10,No info,7229,18,4,3,0,0,430.0,180
Multiple carriers,Delhi,Cochin,DEL ? BOM ? COK,19:15,No info,11249,9,3,5,0,0,285.0,870
Jet Airways,Banglore,New Delhi,BLR ? BOM ? DEL,23:00,No info,16736,6,3,2,0,0,420.0,960
Jet Airways,Delhi,Cochin,DEL ? BOM ? COK,04:25 25 Jun,In-flight meal not included,10262,24,6,0,0,0,1050.0,655
Jet Airways,Delhi,Cochin,DEL ? BOM ? COK,19:00,In-flight meal not included,10262,1,6,5,0,0,840.0,300
Jet Airways,Mumbai,Hyderabad,BOM ? HYD,04:20,No info,5678,15,5,2,0,0,175.0,85
Multiple carriers,Delhi,Cochin,DEL ? BOM ? COK,15:30,No info,8307,21,3,3,0,0,540.0,390
Air India,Delhi,Cochin,DEL ? MAA ? COK,09:25 19 May,No info,7690,18,5,5,0,0,1040.0,965
Jet Airways,Delhi,Cochin,DEL ? AMD ? BOM ? COK,12:35 19 May,No info,16704,18,5,5,0,0,805.0,1390
Air India,Delhi,Cochin,DEL ? BOM ? COK,07:40 10 Mar,No info,10315,9,3,5,0,0,240.0,1660
Jet Airways,Delhi,Cochin,DEL ? JAI ? BOM ? COK,12:35 28 May,No info,15129,27,5,0,0,0,580.0,1615
Air India,Kolkata,Banglore,CCU ? DEL ? BLR,08:55 25 Mar,No info,12173,24,3,6,0,0,420.0,1555
Air India,Kolkata,Banglore,CCU ? HYD ? BLR,11:05 04 Apr,No info,4227,3,4,2,0,0,1140.0,965
IndiGo,Banglore,Delhi,BLR ? DEL,08:50,No info,3943,12,6,2,0,0,365.0,165
Jet Airways,Banglore,Delhi,BLR ? DEL,14:05,In-flight meal not included,7229,1,6,5,0,0,670.0,175
Vistara,Kolkata,Banglore,CCU ? DEL ? BLR,20:20,No info,8610,15,5,2,0,0,430.0,790
IndiGo,Banglore,New Delhi,BLR ? DEL,10:05,No info,7303,9,3,5,0,0,430.0,175
Jet Airways,Banglore,New Delhi,BLR ? BOM ? DEL,07:40 16 Mar,In-flight meal not included,10972,18,3,0,0,0,1120.0,780
Multiple carriers,Delhi,Cochin,DEL ? BOM ? COK,21:00,No info,7670,18,5,5,0,0,620.0,640
Air India,Delhi,Cochin,DEL ? BOM ? COK,19:15,No info,8372,15,5,2,0,0,600.0,555
IndiGo,Delhi,Cochin,DEL ? BOM ? COK,01:30 02 Jun,No info,6628,1,6,5,0,0,900.0,630
Jet Airways,Delhi,Cochin,DEL ? BOM ? COK,12:35 10 Jun,In-flight meal not included,10262,9,6,6,0,0,780.0,1415
Jet Airways,Kolkata,Banglore,CCU ? BOM ? BLR,09:20 25 May,No info,14178,24,5,4,0,0,990.0,1010
Jet Airways,Delhi,Cochin,DEL ? MAA ? BOM ? COK,18:50,In-flight meal not included,8518,27,3,2,0,0,310.0,820
Jet Airways,Delhi,Cochin,DEL ? NAG ? BOM ? COK,12:35 25 Jun,No info,13376,24,6,0,0,0,875.0,1320
Vistara,Kolkata,Banglore,CCU ? DEL ? BLR,10:45 13 Jun,No info,8452,12,6,2,0,0,1020.0,1065
Jet Airways,Delhi,Cochin,DEL ? BOM ? COK,12:35,No info,18371,24,6,0,0,0,135.0,620
SpiceJet,Mumbai,Hyderabad,BOM ? HYD,14:45,No check-in baggage included,1965,3,4,2,0,0,795.0,90
Jet Airways,Delhi,Cochin,DEL ? JAI ? BOM ? COK,12:35 02 Jun,In-flight meal not included,10368,1,6,5,0,0,1170.0,1025
Jet Airways,Kolkata,Banglore,CCU ? DEL ? BLR,18:00 07 May,No info,11467,6,5,0,0,0,1225.0,1295
Jet Airways,Kolkata,Banglore,CCU ? BOM ? BLR,04:40 10 May,No info,14781,9,5,3,0,0,990.0,730
Air India,Mumbai,Hyderabad,BOM ? BLR ? HYD,09:15 07 Mar,No info,9535,6,3,2,0,0,1215.0,780
Air India,Mumbai,Hyderabad,BOM ? HYD,22:25,No info,2050,3,4,2,0,0,1265.0,80
Jet Airways,Delhi,Cochin,DEL ? JAI ? BOM ? COK,04:25 13 Jun,In-flight meal not included,10368,12,6,2,0,0,1170.0,535
Jet Airways,Kolkata,Banglore,CCU ? BOM ? BLR,22:35,In-flight meal not included,10031,24,3,6,0,0,505.0,850
SpiceJet,Kolkata,Banglore,CCU ? BLR,11:25,No info,4491,21,4,6,0,0,540.0,145
Jet Airways,Banglore,Delhi,BLR ? DEL,20:45,No info,7229,15,5,2,0,0,1065.0,180
SpiceJet,Banglore,New Delhi,BLR ? PNQ ? DEL,18:15,No info,11401,3,3,6,0,0,620.0,475
IndiGo,Chennai,Kolkata,MAA ? CCU,17:05,No info,3597,27,6,3,0,0,885.0,140
Vistara,Kolkata,Banglore,CCU ? DEL ? BLR,09:05 13 Jun,No info,7927,12,6,2,0,0,1020.0,965
SpiceJet,Kolkata,Banglore,CCU ? BLR,11:25,No info,4174,1,5,2,0,0,540.0,145
Air India,Kolkata,Banglore,CCU ? DEL ? BLR,16:15,No info,10203,1,5,2,0,0,420.0,555
Vistara,Kolkata,Banglore,CCU ? DEL ? BLR,20:20,No info,8610,9,5,3,0,0,430.0,790
Jet Airways,Banglore,Delhi,BLR ? DEL,18:10,In-flight meal not included,5769,12,6,2,0,0,915.0,175
IndiGo,Kolkata,Banglore,CCU ? BLR,14:05,No info,5644,1,5,2,0,0,690.0,155
Jet Airways,Banglore,Delhi,BLR ? DEL,10:10,In-flight meal not included,5769,3,6,0,0,0,430.0,180
Jet Airways,Banglore,Delhi,BLR ? DEL,08:45,No info,7229,15,5,2,0,0,360.0,165
IndiGo,Kolkata,Banglore,CCU ? MAA ? BLR,10:20,No info,4226,9,6,6,0,0,380.0,240
IndiGo,Banglore,New Delhi,BLR ? HYD ? DEL,17:05,No info,4588,9,3,5,0,0,725.0,300
Jet Airways,Mumbai,Hyderabad,BOM ? HYD,11:50,In-flight meal not included,4995,21,5,1,0,0,620.0,90
Jet Airways,Delhi,Cochin,DEL ? BOM ? COK,12:35 02 Apr,In-flight meal not included,5406,1,4,0,0,0,1050.0,1145
SpiceJet,Kolkata,Banglore,CCU ? BLR,19:40,No info,3873,24,6,0,0,0,1030.0,150
Jet Airways,Delhi,Cochin,DEL ? BOM ? COK,18:50,No info,17024,6,3,2,0,0,690.0,440
SpiceJet,Delhi,Cochin,DEL ? PNQ ? COK,13:15,No check-in baggage included,5158,9,6,6,0,0,525.0,270
Jet Airways,Mumbai,Hyderabad,BOM ? HYD,11:50,No info,8040,1,5,2,0,0,620.0,90
Jet Airways,Kolkata,Banglore,CCU ? BOM ? BLR,16:20,In-flight meal not included,10844,18,5,5,0,0,345.0,635
Air India,Chennai,Kolkata,MAA ? CCU,13:55,No info,4667,12,5,6,0,0,700.0,135
Jet Airways,Mumbai,Hyderabad,BOM ? HYD,21:05,No info,5678,3,4,2,0,0,1175.0,90
Air India,Kolkata,Banglore,CCU ? IXR ? DEL ? BLR,20:25,No info,12513,12,5,6,0,0,350.0,875
Jet Airways,Banglore,Delhi,BLR ? DEL,10:10,No info,8016,27,6,3,0,0,430.0,180
SpiceJet,Chennai,Kolkata,MAA ? CCU,20:05,No check-in baggage included,3543,1,6,5,0,0,1065.0,140
Jet Airways,Delhi,Cochin,DEL ? BOM ? COK,04:25 22 Mar,In-flight meal not included,5963,21,3,3,0,0,1050.0,655
Jet Airways,Kolkata,Banglore,CCU ? BOM ? BLR,16:20,No info,14781,18,5,5,0,0,505.0,475
Jet Airways,Delhi,Cochin,DEL ? BOM ? COK,12:35 19 May,In-flight meal not included,12373,18,5,5,0,0,540.0,1655
Jet Airways,Mumbai,Hyderabad,BOM ? HYD,21:05,In-flight meal not included,3210,1,6,5,0,0,1175.0,90
Jet Airways,Banglore,New Delhi,BLR ? BOM ? DEL,18:25,In-flight meal not included,9134,15,3,4,0,0,345.0,760
Jet Airways,Delhi,Cochin,DEL ? NAG ? BOM ? COK,04:25 07 Jun,In-flight meal not included,10919,6,6,3,0,0,875.0,830
IndiGo,Mumbai,Hyderabad,BOM ? HYD,10:40,No info,4575,1,5,2,0,0,550.0,90
IndiGo,Delhi,Cochin,DEL ? COK,08:50,No info,5601,15,6,5,0,0,335.0,195
Jet Airways,Kolkata,Banglore,CCU ? DEL ? BLR,23:35,No info,14151,18,5,5,0,0,1020.0,395
Air India,Kolkata,Banglore,CCU ? BBI ? BOM ? BLR,07:55 07 May,No info,10151,6,5,0,0,0,720.0,1195
Vistara,Banglore,Delhi,BLR ? DEL,12:35,No info,5403,18,4,3,0,0,585.0,170
IndiGo,Delhi,Cochin,DEL ? BLR ? COK,07:45,No info,6147,27,5,0,0,0,120.0,345
IndiGo,Kolkata,Banglore,CCU ? BLR,16:55,No info,4804,27,6,3,0,0,865.0,150
Multiple carriers,Delhi,Cochin,DEL ? BOM ? COK,19:15,No info,8371,27,3,2,0,0,535.0,620
Jet Airways,Delhi,Cochin,DEL ? JAI ? BOM ? COK,04:25 10 Jun,No info,13014,9,6,6,0,0,1170.0,535
Air Asia,Banglore,Delhi,BLR ? DEL,07:45,No info,3383,24,5,4,0,0,295.0,170
SpiceJet,Chennai,Kolkata,MAA ? CCU,20:05,No info,7298,6,3,2,0,0,1065.0,140
Jet Airways,Banglore,Delhi,BLR ? DEL,10:10,In-flight meal not included,4544,3,4,2,0,0,430.0,180
Multiple carriers,Delhi,Cochin,DEL ? BOM ? COK,15:30,No info,15147,6,3,2,0,0,535.0,395
Multiple carriers,Delhi,Cochin,DEL ? BOM ? COK,19:45,No info,10782,9,3,5,0,0,285.0,900
IndiGo,Delhi,Cochin,DEL ? BLR ? COK,20:00,No info,6027,15,5,2,0,0,910.0,290
Jet Airways,Delhi,Cochin,DEL ? NAG ? BOM ? COK,04:25 07 Jun,In-flight meal not included,10919,6,6,3,0,0,875.0,830
Air India,Delhi,Cochin,DEL ? BLR ? COK,08:15 28 Mar,No info,6681,27,3,2,0,0,370.0,1565
IndiGo,Banglore,Delhi,BLR ? DEL,02:20 25 Jun,No info,3943,24,6,0,0,0,1410.0,170
Jet Airways,Delhi,Cochin,DEL ? BOM ? COK,12:35 28 May,In-flight meal not included,12898,27,5,0,0,0,1310.0,885
IndiGo,Delhi,Cochin,DEL ? BOM ? COK,01:30 07 Jun,No info,6628,6,6,3,0,0,1115.0,415
Air India,Delhi,Cochin,DEL ? BLR ? COK,23:00 04 Apr,No info,5022,3,4,2,0,0,1230.0,1590
Air India,Delhi,Cochin,DEL ? LKO ? BOM ? COK,07:40 04 Jun,No info,12698,3,6,0,0,0,430.0,1470
Air Asia,Delhi,Cochin,DEL ? BLR ? COK,07:10 10 Jun,No info,10794,9,6,6,0,0,1245.0,625
IndiGo,Delhi,Cochin,DEL ? BOM ? COK,21:00,No info,6416,9,6,6,0,0,685.0,575
SpiceJet,Kolkata,Banglore,CCU ? BLR,00:40 10 Mar,No info,4622,9,3,5,0,0,1340.0,140
IndiGo,Banglore,Delhi,BLR ? DEL,15:50,No info,3943,27,5,0,0,0,780.0,170
Air Asia,Kolkata,Banglore,CCU ? BLR,22:25,No info,4508,6,6,3,0,0,1195.0,150
Vistara,Kolkata,Banglore,CCU ? DEL ? BLR,22:40,No info,8452,12,6,2,0,0,430.0,930
Air India,Kolkata,Banglore,CCU ? GAU ? DEL ? BLR,08:55 13 May,No info,13437,12,5,6,0,0,1005.0,970
Vistara,Chennai,Kolkata,MAA ? CCU,20:05,No info,11982,18,5,5,0,0,1065.0,140
Jet Airways,Kolkata,Banglore,CCU ? BOM ? BLR,12:00 25 May,In-flight meal not included,10844,24,5,4,0,0,1135.0,1025
Jet Airways,Delhi,Cochin,DEL ? JAI ? BOM ? COK,04:25 10 May,No info,15129,9,5,3,0,0,580.0,1125
Jet Airways,Delhi,Cochin,DEL ? BOM ? COK,19:00,No info,14714,27,6,3,0,0,840.0,300
IndiGo,Delhi,Cochin,DEL ? BOM ? COK,21:00,No info,6093,27,6,3,0,0,400.0,860
IndiGo,Delhi,Cochin,DEL ? BOM ? COK,13:20,No info,5307,6,4,5,0,0,295.0,505
GoAir,Delhi,Cochin,DEL ? BOM ? COK,19:35,No info,10188,15,5,2,0,0,865.0,310
Jet Airways,Kolkata,Banglore,CCU ? BOM ? BLR,08:15 07 Jun,No info,14571,6,6,3,0,0,1200.0,735
Jet Airways,Delhi,Cochin,DEL ? AMD ? BOM ? COK,04:25 28 Mar,No info,10976,27,3,2,0,0,1150.0,555
Jet Airways,Kolkata,Banglore,CCU ? BOM ? BLR,16:20,In-flight meal not included,10844,24,5,4,0,0,390.0,590
IndiGo,Kolkata,Banglore,CCU ? BLR,22:55,No info,4488,9,4,1,0,0,1220.0,155
Air India,Delhi,Cochin,DEL ? BOM ? COK,19:15 25 May,No info,8582,24,5,4,0,0,1380.0,1215
Jet Airways,Delhi,Cochin,DEL ? BOM ? COK,12:35 25 Jun,In-flight meal not included,10262,24,6,0,0,0,1185.0,1010
Vistara,Kolkata,Banglore,CCU ? DEL ? BLR,10:45 07 May,No info,8662,6,5,0,0,0,1020.0,1065
IndiGo,Banglore,New Delhi,BLR ? DEL,08:45,No info,4777,24,3,6,0,0,360.0,165
Jet Airways,Mumbai,Hyderabad,BOM ? HYD,17:20,In-flight meal not included,2071,27,3,2,0,0,950.0,90
Jet Airways,Banglore,New Delhi,BLR ? BOM ? DEL,15:15 13 Mar,In-flight meal not included,11087,12,3,1,0,0,1375.0,980
Air India,Banglore,Delhi,BLR ? DEL,23:55,No info,5228,18,4,3,0,0,1265.0,170
Jet Airways,Kolkata,Banglore,CCU ? BOM ? BLR,16:20,No info,12996,1,4,0,0,0,390.0,590
Jet Airways,Banglore,New Delhi,BLR ? BOM ? DEL,23:00,No info,16736,6,3,2,0,0,480.0,900
Jet Airways,Kolkata,Banglore,CCU ? BOM ? BLR,10:05 02 May,No info,13941,1,5,2,0,0,1135.0,910
Air India,Banglore,New Delhi,BLR ? GAU ? DEL,22:10,No info,9166,15,3,4,0,0,830.0,500
Air India,Delhi,Cochin,DEL ? TRV ? COK,06:50 04 Mar,No info,12677,3,3,6,0,0,315.0,1535
Air India,Chennai,Kolkata,MAA ? CCU,13:55,No info,4405,24,3,6,0,0,700.0,135
Jet Airways,Kolkata,Banglore,CCU ? DEL ? BLR,23:35,No info,12121,6,5,0,0,0,575.0,840
Air India,Banglore,Delhi,BLR ? DEL,23:55,No info,6121,6,6,3,0,0,1265.0,170
Jet Airways,Kolkata,Banglore,CCU ? BOM ? BLR,09:20 19 May,No info,14388,18,5,5,0,0,505.0,1495
Jet Airways,Kolkata,Banglore,CCU ? DEL ? BLR,10:55 02 Apr,No info,11467,1,4,0,0,0,1225.0,870
Jet Airways,Banglore,New Delhi,BLR ? BOM ? DEL,10:25 13 Mar,No info,13817,12,3,1,0,0,1285.0,780
Air India,Mumbai,Hyderabad,BOM ? HYD,20:45,No info,3100,6,5,0,0,0,1170.0,75
Multiple carriers,Delhi,Cochin,DEL ? BOM ? COK,19:15,No info,8266,21,5,1,0,0,700.0,455
Jet Airways,Kolkata,Banglore,CCU ? BOM ? BLR,23:25 25 Mar,No info,13759,24,3,6,0,0,1185.0,1660
IndiGo,Banglore,Delhi,BLR ? DEL,03:15,No info,3943,9,6,6,0,0,25.0,170
Multiple carriers,Delhi,Cochin,DEL ? BOM ? COK,01:35 28 Mar,No info,12327,27,3,2,0,0,1095.0,440
IndiGo,Mumbai,Hyderabad,BOM ? HYD,07:55,No info,4049,12,6,2,0,0,385.0,90
SpiceJet,Banglore,Delhi,BLR ? DEL,00:05 02 Jun,No check-in baggage included,3573,1,6,5,0,0,1270.0,175
Air Asia,Kolkata,Banglore,CCU ? BLR,22:25,No info,4409,15,5,2,0,0,1195.0,150
Air India,Delhi,Cochin,DEL ? HYD ? MAA ? COK,09:25 28 Mar,No info,6565,27,3,2,0,0,425.0,1580
IndiGo,Kolkata,Banglore,CCU ? BLR,00:05 16 Apr,No info,4174,15,4,0,0,0,1285.0,160
Jet Airways,Banglore,Delhi,BLR ? DEL,10:10,In-flight meal not included,4030,24,5,4,0,0,430.0,180
Air Asia,Kolkata,Banglore,CCU ? BLR,12:55,No info,4082,21,3,3,0,0,620.0,155
Air India,Kolkata,Banglore,CCU ? BBI ? HYD ? BLR,11:05 25 May,No info,6117,24,5,4,0,0,550.0,1555
Jet Airways,Banglore,New Delhi,BLR ? BDQ ? DEL,12:20,In-flight meal not included,6163,21,3,3,0,0,350.0,390
Jet Airways,Delhi,Cochin,DEL ? BOM ? COK,04:25 28 Mar,In-flight meal not included,6540,27,3,2,0,0,960.0,745
SpiceJet,Kolkata,Banglore,CCU ? MAA ? BLR,20:20,No info,4649,12,5,6,0,0,905.0,315
Jet Airways,Delhi,Cochin,DEL ? BOM ? COK,19:00 10 Jun,In-flight meal not included,10262,9,6,6,0,0,1310.0,1270
Vistara,Banglore,Delhi,BLR ? DEL,22:15,No info,5613,6,4,5,0,0,1170.0,165
IndiGo,Banglore,New Delhi,BLR ? DEL,11:30,No info,6144,24,3,6,0,0,510.0,180
Jet Airways,Kolkata,Banglore,CCU ? DEL ? BLR,22:05 13 May,No info,13067,12,5,6,0,0,1020.0,1745
Vistara,Banglore,New Delhi,BLR ? DEL,00:05 07 Mar,No info,7608,3,3,6,0,0,1270.0,175
Multiple carriers,Delhi,Cochin,DEL ? BOM ? COK,01:30 10 Jun,No info,7198,9,6,6,0,0,600.0,930
Jet Airways,Kolkata,Banglore,CCU ? BOM ? BLR,23:35,No info,13941,15,5,2,0,0,990.0,425
Jet Airways,Delhi,Cochin,DEL ? JAI ? BOM ? COK,04:25 10 Jun,In-flight meal not included,10368,9,6,6,0,0,580.0,1125
SpiceJet,Chennai,Kolkata,MAA ? CCU,10:35,No check-in baggage included,3543,27,6,3,0,0,500.0,135
IndiGo,Kolkata,Banglore,CCU ? BLR,23:05,No info,4462,27,3,2,0,0,1225.0,160
Air India,Kolkata,Banglore,CCU ? IXR ? BBI ? BLR,13:40,No info,8005,24,3,6,0,0,350.0,470
Jet Airways,Kolkata,Banglore,CCU ? BOM ? BLR,22:35 02 Apr,In-flight meal not included,7064,1,4,0,0,0,1135.0,1660
Jet Airways,Kolkata,Banglore,CCU ? DEL ? BLR,21:05 02 May,No info,12121,1,5,2,0,0,1225.0,1480
Air India,Delhi,Cochin,DEL ? JAI ? BOM ? COK,19:15,No info,8918,9,5,3,0,0,720.0,435
Air India,Kolkata,Banglore,CCU ? BOM ? BLR,21:50,No info,8891,12,5,6,0,0,565.0,745
Air India,Kolkata,Banglore,CCU ? DEL ? BLR,16:15,No info,10203,1,5,2,0,0,600.0,375
Multiple carriers,Delhi,Cochin,DEL ? BOM ? COK,21:00,No info,8073,15,5,2,0,0,780.0,480
IndiGo,Delhi,Cochin,DEL ? HYD ? COK,22:20,No info,11237,3,3,6,0,0,970.0,370
Jet Airways,Delhi,Cochin,DEL ? NAG ? BOM ? COK,04:25 13 Jun,No info,13376,12,6,2,0,0,405.0,1300
Multiple carriers,Delhi,Cochin,DEL ? HYD ? COK,22:30,No info,6513,9,6,6,0,0,430.0,920
Jet Airways,Kolkata,Banglore,CCU ? BOM ? BLR,04:40 25 May,No info,13731,24,5,4,0,0,1135.0,585
Jet Airways,Kolkata,Banglore,CCU ? BOM ? BLR,19:50 02 Apr,In-flight meal not included,7064,1,4,0,0,0,1200.0,1430
Jet Airways,Banglore,New Delhi,BLR ? BOM ? DEL,19:10,No info,16736,6,3,2,0,0,345.0,805
Jet Airways,Kolkata,Banglore,CCU ? BOM ? BLR,10:05 16 May,In-flight meal not included,8586,15,5,2,0,0,1200.0,845
Multiple carriers,Delhi,Cochin,DEL ? BOM ? COK,19:00,No info,11789,15,6,5,0,0,360.0,780
IndiGo,Kolkata,Banglore,CCU ? BLR,14:05,No info,5224,24,5,4,0,0,690.0,155
IndiGo,Delhi,Cochin,DEL ? COK,00:20 16 May,No info,6834,15,5,2,0,0,1265.0,195
IndiGo,Delhi,Cochin,DEL ? BOM ? COK,01:30 16 Jun,No info,6316,15,6,5,0,0,960.0,570
Jet Airways,Delhi,Cochin,DEL ? BDQ ? BOM ? COK,18:50 22 Mar,No info,11869,21,3,3,0,0,645.0,1925
Air Asia,Kolkata,Banglore,CCU ? BLR,01:20 07 Mar,No info,4384,6,3,2,0,0,1370.0,150
IndiGo,Kolkata,Banglore,CCU ? BLR,16:55,No info,5644,21,4,6,0,0,865.0,150
Air India,Delhi,Cochin,DEL ? CCU ? BOM ? COK,19:15 10 Mar,No info,19681,9,3,5,0,0,1215.0,1380
Multiple carriers,Delhi,Cochin,DEL ? BOM ? COK,01:30 07 Jun,No info,13377,6,6,3,0,0,600.0,930
Multiple carriers,Delhi,Cochin,DEL ? HYD ? MAA ? COK,21:20,No info,10090,9,3,5,0,0,585.0,695
Jet Airways,Mumbai,Hyderabad,BOM ? IDR ? DEL ? HYD,16:50 07 Mar,No info,20845,6,3,2,0,0,1070.0,1380
Vistara,Banglore,Delhi,BLR ? DEL,19:35,No info,4878,24,6,0,0,0,1020.0,155
IndiGo,Mumbai,Hyderabad,BOM ? HYD,22:50,No info,2227,1,6,5,0,0,1280.0,90
IndiGo,Delhi,Cochin,DEL ? HYD ? COK,16:10,No info,6442,18,5,5,0,0,455.0,515
SpiceJet,Banglore,Delhi,BLR ? DEL,00:05 28 May,No check-in baggage included,3257,27,5,0,0,0,1270.0,175
Jet Airways,Banglore,Delhi,BLR ? DEL,08:45,In-flight meal not included,7229,15,6,5,0,0,360.0,165
Air India,Kolkata,Banglore,CCU ? DEL ? COK ? BLR,13:45 02 May,No info,15164,1,5,2,0,0,1230.0,1035
IndiGo,Banglore,New Delhi,BLR ? DEL,13:00,No info,10067,24,3,6,0,0,610.0,170
Air India,Delhi,Cochin,DEL ? COK,17:10,No info,5674,15,3,4,0,0,850.0,180
Jet Airways,Banglore,New Delhi,BLR ? BOM ? DEL,10:25 02 Mar,No info,20800,1,3,4,0,0,845.0,1220
IndiGo,Delhi,Cochin,DEL ? HYD ? COK,22:30,No info,7144,18,5,5,0,0,410.0,940
Air India,Delhi,Cochin,DEL ? COK,08:00,No info,6094,27,5,0,0,0,310.0,170
Jet Airways,Mumbai,Hyderabad,BOM ? HYD,11:50,In-flight meal not included,4050,18,5,5,0,0,620.0,90
SpiceJet,Chennai,Kolkata,MAA ? CCU,12:00,No check-in baggage included,3859,24,6,0,0,0,585.0,135
Jet Airways,Delhi,Cochin,DEL ? IDR ? BOM ? COK,18:50 22 Mar,No info,11664,21,3,3,0,0,620.0,1950
Multiple carriers,Delhi,Cochin,DEL ? HYD ? MAA ? COK,21:20,In-flight meal not included,7731,6,3,2,0,0,430.0,850
Jet Airways,Kolkata,Banglore,CCU ? DEL ? BLR,19:10,No info,12692,12,6,2,0,0,575.0,575
Air India,Delhi,Cochin,DEL ? HYD ? MAA ? COK,09:25 19 May,No info,11307,18,5,5,0,0,795.0,1210
Jet Airways,Kolkata,Banglore,CCU ? BOM ? BLR,04:40 10 Jun,In-flight meal not included,8586,9,6,6,0,0,1270.0,450
IndiGo,Banglore,New Delhi,BLR ? STV ? DEL,15:25,No info,5746,21,3,3,0,0,680.0,245
Multiple carriers,Delhi,Cochin,DEL ? BOM ? COK,19:15,No info,13378,21,3,3,0,0,480.0,675
Air India,Banglore,New Delhi,BLR ? DEL,19:45,No info,7486,24,3,6,0,0,1020.0,165
SpiceJet,Chennai,Kolkata,MAA ? CCU,12:05,No info,7298,6,3,2,0,0,570.0,155
Multiple carriers,Delhi,Cochin,DEL ? BOM ? COK,21:00,No info,7005,12,6,2,0,0,700.0,560
IndiGo,Kolkata,Banglore,CCU ? BLR,19:50,No info,4804,12,5,6,0,0,1035.0,155
IndiGo,Delhi,Cochin,DEL ? BOM ? COK,12:55,No info,16162,9,3,5,0,0,285.0,490
IndiGo,Banglore,Delhi,BLR ? DEL,03:25,No info,3419,24,4,2,0,0,30.0,175
Air Asia,Kolkata,Banglore,CCU ? IXR ? DEL ? BLR,23:30,No info,5192,1,5,2,0,0,910.0,500
Air Asia,Kolkata,Banglore,CCU ? BLR,12:55,No info,4409,15,4,0,0,0,620.0,155
Jet Airways,Banglore,Delhi,BLR ? DEL,11:20,No info,7229,18,4,3,0,0,500.0,180
IndiGo,Banglore,New Delhi,BLR ? HYD ? DEL,21:50,No info,5397,15,3,4,0,0,1015.0,295
Jet Airways,Delhi,Cochin,DEL ? BOM ? COK,19:00,In-flight meal not included,6542,15,4,0,0,0,840.0,300
GoAir,Delhi,Cochin,DEL ? BOM ? COK,19:20,No info,5281,27,3,2,0,0,625.0,535
Multiple carriers,Delhi,Cochin,DEL ? BOM ? COK,19:15,No info,8266,6,6,3,0,0,770.0,385
Jet Airways,Delhi,Cochin,DEL ? BOM ? COK,19:00,In-flight meal not included,10262,12,6,2,0,0,840.0,300
Vistara,Kolkata,Banglore,CCU ? DEL ? BLR,20:25 25 Mar,No info,11105,24,3,6,0,0,1220.0,1445
Jet Airways,Banglore,Delhi,BLR ? DEL,11:20,In-flight meal not included,4544,3,4,2,0,0,500.0,180
Air India,Kolkata,Banglore,CCU ? BLR,16:45,No info,4960,6,3,2,0,0,855.0,150
Jet Airways,Banglore,New Delhi,BLR ? BOM ? DEL,05:05 07 Mar,No info,16736,6,3,2,0,0,535.0,1210
Multiple carriers,Delhi,Cochin,DEL ? BOM ? COK,01:30 02 Jun,No info,13377,1,6,5,0,0,600.0,930
SpiceJet,Mumbai,Hyderabad,BOM ? HYD,14:45,No info,2227,18,5,5,0,0,795.0,90
Air India,Mumbai,Hyderabad,BOM ? HYD,07:40,No info,3100,15,3,4,0,0,380.0,80
Air India,Mumbai,Hyderabad,BOM ? HYD,22:25,No info,3100,9,6,6,0,0,1265.0,80
SpiceJet,Kolkata,Banglore,CCU ? BLR,09:30,No info,3873,18,5,5,0,0,415.0,155
IndiGo,Mumbai,Hyderabad,BOM ? HYD,21:35,No info,5232,3,3,6,0,0,1205.0,90
Jet Airways,Banglore,Delhi,BLR ? DEL,22:00,In-flight meal not included,3359,27,5,0,0,0,1135.0,185
IndiGo,Banglore,New Delhi,BLR ? DEL,10:05,No info,6144,24,3,6,0,0,430.0,175
IndiGo,Delhi,Cochin,DEL ? HYD ? COK,12:00,No info,7725,6,3,2,0,0,455.0,265
Air India,Banglore,New Delhi,BLR ? DEL,23:55,No info,4441,24,3,6,0,0,1265.0,170
Air India,Delhi,Cochin,DEL ? RPR ? NAG ? BOM ? COK,19:15 28 Jun,No info,10703,27,6,3,0,0,315.0,2280
Jet Airways,Kolkata,Banglore,CCU ? BOM ? BLR,10:05 13 Jun,In-flight meal not included,8529,12,6,2,0,0,1270.0,775
Multiple carriers,Delhi,Cochin,DEL ? BOM ? COK,13:20,No info,14973,3,3,6,0,0,240.0,560
Jet Airways,Kolkata,Banglore,CCU ? BOM ? BLR,19:50,No info,14571,24,5,4,0,0,505.0,685
SpiceJet,Banglore,Delhi,BLR ? DEL,00:05 04 Jun,No check-in baggage included,3257,3,6,0,0,0,1270.0,175
Jet Airways,Banglore,New Delhi,BLR ? BOM ? DEL,23:00,In-flight meal not included,11087,18,3,0,0,0,1015.0,365
SpiceJet,Kolkata,Banglore,CCU ? BLR,09:30,No info,3873,1,4,0,0,0,415.0,155
SpiceJet,Banglore,Delhi,BLR ? DEL,12:20,No info,4423,15,4,0,0,0,570.0,170
Air India,Delhi,Cochin,DEL ? GOI ? BOM ? COK,07:40 04 Jun,No info,11753,3,6,0,0,0,655.0,1245
Jet Airways,Kolkata,Banglore,CCU ? BOM ? BLR,23:35,No info,14571,24,5,4,0,0,990.0,425
Multiple carriers,Delhi,Cochin,DEL ? BOM ? COK,21:00,No info,8475,3,6,0,0,0,360.0,900
Jet Airways,Kolkata,Banglore,CCU ? BOM ? BLR,10:05 02 May,No info,13941,1,5,2,0,0,1200.0,845
Jet Airways,Delhi,Cochin,DEL ? BOM ? COK,19:00 22 May,No info,16079,21,5,1,0,0,1185.0,1395
Multiple carriers,Delhi,Cochin,DEL ? BOM ? COK,18:50,No info,13399,6,3,2,0,0,240.0,890
Air India,Delhi,Cochin,DEL ? AMD ? BOM ? COK,19:15 07 Jun,No info,9653,6,6,3,0,0,1000.0,1595
Jet Airways,Delhi,Cochin,DEL ? BOM ? COK,19:00,No info,14714,6,6,3,0,0,600.0,540
Air Asia,Banglore,Delhi,BLR ? DEL,13:55,No info,3383,18,6,1,0,0,670.0,165
Jet Airways,Banglore,New Delhi,BLR ? BOM ? DEL,08:15 02 Mar,No info,22270,1,3,4,0,0,845.0,1090
Vistara,Chennai,Kolkata,MAA ? CCU,09:20,No info,5944,3,3,6,0,0,425.0,135
Jet Airways,Kolkata,Banglore,CCU ? BOM ? BLR,08:15 13 May,In-flight meal not included,9663,12,5,6,0,0,1135.0,800
Multiple carriers,Delhi,Cochin,DEL ? BOM ? COK,21:00,No info,7740,1,6,5,0,0,700.0,560
Air India,Kolkata,Banglore,CCU ? DEL ? BLR,23:15 02 Apr,No info,7211,1,4,0,0,0,1230.0,1605
Jet Airways,Banglore,Delhi,BLR ? DEL,22:00,No info,7229,1,4,0,0,0,1135.0,185
IndiGo,Kolkata,Banglore,CCU ? BLR,14:05,No info,4174,6,4,5,0,0,690.0,155
Air India,Kolkata,Banglore,CCU ? BLR,16:45,No info,5170,15,3,4,0,0,855.0,150
Multiple carriers,Delhi,Cochin,DEL ? BOM ? COK,18:50,No info,15135,3,3,6,0,0,550.0,580
SpiceJet,Kolkata,Banglore,CCU ? MAA ? BLR,20:20,No info,4649,9,4,1,0,0,905.0,315
Vistara,Banglore,Delhi,BLR ? DEL,09:40,No info,4668,1,5,2,0,0,420.0,160
Air India,Delhi,Cochin,DEL ? MAA ? COK,09:25 13 Jun,No info,7480,12,6,2,0,0,1240.0,765
Air India,Banglore,Delhi,BLR ? DEL,19:45,No info,6121,18,4,3,0,0,1020.0,165
Jet Airways,Delhi,Cochin,DEL ? AMD ? BOM ? COK,19:00 28 May,No info,15129,27,5,0,0,0,1385.0,1195
Air India,Kolkata,Banglore,CCU ? GAU ? BLR,21:05,No info,7452,6,5,0,0,0,590.0,675
Jet Airways,Kolkata,Banglore,CCU ? DEL ? BLR,10:55 07 Jun,In-flight meal not included,10539,6,6,3,0,0,575.0,1520
IndiGo,Banglore,New Delhi,BLR ? DEL,01:10 07 Mar,No info,7648,3,3,6,0,0,1340.0,170
SpiceJet,Banglore,New Delhi,BLR ? DEL,12:30,No info,3925,24,3,6,0,0,575.0,175
IndiGo,Chennai,Kolkata,MAA ? CCU,15:35,No info,3597,15,6,5,0,0,795.0,140
Jet Airways,Kolkata,Banglore,CCU ? BOM ? BLR,10:05 02 May,In-flight meal not included,8586,1,5,2,0,0,1135.0,910
Air India,Delhi,Cochin,DEL ? CCU ? BOM ? COK,19:15 28 Jun,No info,13591,27,6,3,0,0,1015.0,1580
Multiple carriers,Delhi,Cochin,DEL ? HYD ? COK,16:10,No info,9646,1,6,5,0,0,425.0,545
Vistara,Banglore,Delhi,BLR ? DEL,12:35,No info,4668,6,5,0,0,0,585.0,170
Air India,Kolkata,Banglore,CCU ? DEL ? BLR,20:25,No info,10203,9,5,3,0,0,600.0,625
Air India,Banglore,New Delhi,BLR ? COK ? DEL,13:20,No info,7932,24,3,6,0,0,415.0,385
Air India,Kolkata,Banglore,CCU ? BOM ? BLR,07:55 02 Apr,No info,7893,1,4,0,0,0,1010.0,905
Jet Airways,Delhi,Cochin,DEL ? JAI ? BOM ? COK,19:00,In-flight meal not included,13029,9,5,3,0,0,330.0,810
Jet Airways,Delhi,Cochin,DEL ? BOM ? COK,12:35 13 Jun,In-flight meal not included,10262,12,6,2,0,0,540.0,1655
IndiGo,Kolkata,Banglore,CCU ? HYD ? BLR,23:45,No info,3574,12,6,2,0,0,1160.0,265
Air Asia,Delhi,Cochin,DEL ? BLR ? COK,22:25,No info,8759,3,6,0,0,0,475.0,870
Jet Airways,Banglore,New Delhi,BLR ? BOM ? DEL,07:40 07 Mar,In-flight meal not included,13502,3,3,6,0,0,480.0,1420
Air India,Kolkata,Banglore,CCU ? MAA ? BLR,14:35 19 May,No info,6528,18,5,5,0,0,875.0,1440
Jet Airways,Delhi,Cochin,DEL ? BOM ? COK,04:25 28 Mar,In-flight meal not included,6017,27,3,2,0,0,905.0,800
Vistara,Banglore,Delhi,BLR ? DEL,22:15,No info,5613,9,4,1,0,0,1170.0,165
Jet Airways,Mumbai,Hyderabad,BOM ? HYD,10:15,No info,8040,27,6,3,0,0,525.0,90
IndiGo,Banglore,New Delhi,BLR ? DEL,06:50,No info,5694,24,3,6,0,0,240.0,170
Jet Airways,Delhi,Cochin,DEL ? BOM ? COK,19:00 22 May,In-flight meal not included,12898,21,5,1,0,0,1050.0,1530
Air Asia,Kolkata,Banglore,CCU ? DEL ? BLR,19:25,No info,5192,12,6,2,0,0,455.0,710
Jet Airways,Delhi,Cochin,DEL ? BOM ? COK,19:00 02 Jun,No info,14714,1,6,5,0,0,900.0,1680
Jet Airways,Banglore,New Delhi,BLR ? BOM ? DEL,23:00,No info,13817,12,3,1,0,0,345.0,1035
Jet Airways,Delhi,Cochin,DEL ? BOM ? COK,19:00,No info,14714,15,6,5,0,0,540.0,600
IndiGo,Chennai,Kolkata,MAA ? CCU,21:55,No info,3597,12,5,6,0,0,1175.0,140
Air India,Banglore,Delhi,BLR ? DEL,16:10,No info,6121,9,5,3,0,0,800.0,170
Air India,Kolkata,Banglore,CCU ? BOM ? GOI ? BLR,05:35 10 Jun,No info,11642,9,6,6,0,0,1010.0,765
Jet Airways,Delhi,Cochin,DEL ? BOM ? COK,04:25 07 Mar,No info,15764,6,3,2,0,0,960.0,745
IndiGo,Kolkata,Banglore,CCU ? BLR,07:15,No info,4804,1,6,5,0,0,280.0,155
Air India,Delhi,Cochin,DEL ? GOI ? BOM ? COK,19:15,No info,13223,27,5,0,0,0,655.0,500
IndiGo,Chennai,Kolkata,MAA ? CCU,14:00,No info,3858,24,6,0,0,0,695.0,145
Multiple carriers,Delhi,Cochin,DEL ? BOM ? COK,01:30 04 Jun,No info,6795,3,6,0,0,0,620.0,910
Air Asia,Delhi,Cochin,DEL ? BLR ? COK,22:15,No info,8327,9,3,5,0,0,1005.0,330
Air India,Delhi,Cochin,DEL ? BLR ? COK,23:00,No info,8907,21,5,1,0,0,570.0,810
IndiGo,Kolkata,Banglore,CCU ? GAU ? BLR,20:30,No info,7095,9,6,6,0,0,910.0,320
Air India,Delhi,Cochin,DEL ? BOM ? COK,07:40 22 Mar,No info,6902,21,3,3,0,0,1260.0,640
Jet Airways,Delhi,Cochin,DEL ? JAI ? BOM ? COK,12:35 22 May,In-flight meal not included,13029,21,5,1,0,0,1170.0,1025
Air India,Delhi,Cochin,DEL ? BOM ? COK,19:15,No info,8372,9,5,3,0,0,600.0,555
Jet Airways,Kolkata,Banglore,CCU ? BOM ? BLR,19:50,In-flight meal not included,10844,24,5,4,0,0,505.0,685
Air Asia,Kolkata,Banglore,CCU ? BLR,22:05,No info,4384,6,3,2,0,0,1175.0,150
Jet Airways,Kolkata,Banglore,CCU ? DEL ? BLR,22:05,No info,12121,15,5,2,0,0,575.0,750
Jet Airways,Kolkata,Banglore,CCU ? DEL ? BLR,14:25 22 May,No info,11467,21,5,1,0,0,575.0,1730
IndiGo,Banglore,New Delhi,BLR ? DEL,22:55,No info,6860,3,3,6,0,0,1200.0,175
Air India,Delhi,Cochin,DEL ? BOM ? COK,19:15,No info,11241,15,6,5,0,0,600.0,555
Jet Airways,Kolkata,Banglore,CCU ? BOM ? BLR,20:40 25 Mar,No info,13759,24,3,6,0,0,1185.0,1495
IndiGo,Kolkata,Banglore,CCU ? BBI ? BLR,23:15,No info,4226,1,5,2,0,0,1175.0,220
IndiGo,Delhi,Cochin,DEL ? BOM ? COK,01:30 10 May,No info,9274,9,5,3,0,0,960.0,570
Multiple carriers,Delhi,Cochin,DEL ? BOM ? COK,19:00,No info,12192,27,6,3,0,0,480.0,660
IndiGo,Kolkata,Banglore,CCU ? BLR,12:20,No info,4804,9,6,6,0,0,575.0,165
Jet Airways,Delhi,Cochin,DEL ? BOM ? COK,12:35 28 Jun,In-flight meal not included,10262,27,6,3,0,0,690.0,1505
Jet Airways,Delhi,Cochin,DEL ? BOM ? COK,12:35 16 Jun,In-flight meal not included,10262,15,6,5,0,0,780.0,1415
IndiGo,Mumbai,Hyderabad,BOM ? HYD,18:25,No info,3175,9,6,6,0,0,1015.0,90
Jet Airways,Delhi,Cochin,DEL ? BOM ? COK,12:35 28 May,In-flight meal not included,12898,27,5,0,0,0,1050.0,1145
Jet Airways,Delhi,Cochin,DEL ? COK,14:15,No info,9564,21,6,4,0,0,660.0,195
Jet Airways,Delhi,Cochin,DEL ? AMD ? BOM ? COK,19:00 28 Jun,No info,12819,27,6,3,0,0,805.0,1775
Air India,Kolkata,Banglore,CCU ? BBI ? BOM ? BLR,07:55 25 Mar,No info,15187,24,3,6,0,0,550.0,1365
Air India,Kolkata,Banglore,CCU ? BOM ? COK ? BLR,13:45 25 May,No info,12802,24,5,4,0,0,565.0,1700
IndiGo,Kolkata,Banglore,CCU ? BLR,12:10,No info,4804,3,6,0,0,0,575.0,155
SpiceJet,Chennai,Kolkata,MAA ? CCU,20:05,No info,6300,9,3,5,0,0,1065.0,140
SpiceJet,Kolkata,Banglore,CCU ? BLR,19:40,No info,3873,27,5,0,0,0,1030.0,150
IndiGo,Kolkata,Banglore,CCU ? BLR,19:50,No info,5224,1,6,5,0,0,1035.0,155
Air India,Banglore,Delhi,BLR ? DEL,23:55,No info,5228,15,4,0,0,0,1265.0,170
Air India,Mumbai,Hyderabad,BOM ? BLR ? HYD,09:15 13 Mar,No info,8065,12,3,1,0,0,555.0,1440
Air India,Banglore,Delhi,BLR ? DEL,23:55,No info,4441,3,4,2,0,0,1265.0,170
Multiple carriers,Delhi,Cochin,DEL ? BOM ? COK,19:15,No info,7354,3,6,0,0,0,635.0,520
Air India,Delhi,Cochin,DEL ? COK,08:00,No info,6094,21,5,1,0,0,310.0,170
Jet Airways,Kolkata,Banglore,CCU ? BOM ? BLR,12:00 02 Apr,In-flight meal not included,7064,1,4,0,0,0,1200.0,960
Jet Airways,Delhi,Cochin,DEL ? IDR ? BOM ? COK,04:25 10 Jun,No info,13292,9,6,6,0,0,575.0,1130
Jet Airways,Delhi,Cochin,DEL ? NAG ? BOM ? COK,12:35 13 Jun,No info,13376,12,6,2,0,0,875.0,1320
Jet Airways,Delhi,Cochin,DEL ? BDQ ? BOM ? COK,18:50 22 Mar,In-flight meal not included,7791,21,3,3,0,0,645.0,1925
Air India,Delhi,Cochin,DEL ? MAA ? COK,09:25 13 Jun,No info,7480,12,6,2,0,0,750.0,1255
IndiGo,Kolkata,Banglore,CCU ? MAA ? BLR,13:00,No info,5069,15,5,2,0,0,490.0,290
SpiceJet,Banglore,Delhi,BLR ? DEL,12:20,No check-in baggage included,3257,18,6,1,0,0,570.0,170
Multiple carriers,Delhi,Cochin,DEL ? BOM ? COK,01:30 10 May,No info,34273,9,5,3,0,0,770.0,760
Jet Airways,Delhi,Cochin,DEL ? AMD ? BOM ? COK,19:00 19 May,No info,16704,18,5,5,0,0,1150.0,1430
Air India,Kolkata,Banglore,CCU ? JAI ? DEL ? BLR,23:15,No info,11432,9,5,3,0,0,500.0,895
Air India,Mumbai,Hyderabad,BOM ? HYD,22:25,No info,4307,12,3,1,0,0,1265.0,80
Jet Airways,Delhi,Cochin,DEL ? JAI ? BOM ? COK,12:35 28 May,In-flight meal not included,13029,27,5,0,0,0,1170.0,1025
Air India,Mumbai,Hyderabad,BOM ? HYD,16:25,No info,3100,21,5,1,0,0,900.0,85
Jet Airways,Kolkata,Banglore,CCU ? BOM ? BLR,22:35 25 Mar,In-flight meal not included,10031,24,3,6,0,0,1185.0,1610
SpiceJet,Kolkata,Banglore,CCU ? BLR,09:30,No check-in baggage included,3841,6,6,3,0,0,415.0,155
Jet Airways,Banglore,Delhi,BLR ? DEL,22:50,In-flight meal not included,4030,15,5,2,0,0,1190.0,180
Air India,Delhi,Cochin,DEL ? GOI ? BOM ? COK,19:15 16 Jun,No info,10441,15,6,5,0,0,1320.0,1275
Air India,Kolkata,Banglore,CCU ? BBI ? IXR ? DEL ? BLR,23:15 25 Mar,No info,14221,24,3,6,0,0,720.0,2115
Jet Airways,Delhi,Cochin,DEL ? BOM ? COK,19:00,In-flight meal not included,10262,3,6,0,0,0,690.0,450
Jet Airways,Banglore,Delhi,BLR ? DEL,14:05,No info,7229,15,4,0,0,0,670.0,175
IndiGo,Banglore,New Delhi,BLR ? DEL,15:50,No info,8033,24,3,6,0,0,780.0,170
IndiGo,Delhi,Cochin,DEL ? HYD ? COK,12:10,No info,6818,15,6,5,0,0,305.0,425
Multiple carriers,Delhi,Cochin,DEL ? BOM ? COK,21:00,No info,7485,21,5,1,0,0,525.0,735
SpiceJet,Banglore,Delhi,BLR ? DEL,12:20,No info,3971,3,6,0,0,0,570.0,170
SpiceJet,Chennai,Kolkata,MAA ? CCU,20:05,No info,3597,15,5,2,0,0,1065.0,140
Jet Airways,Mumbai,Hyderabad,BOM ? HYD,04:25,No info,5678,18,3,0,0,0,175.0,90
Air India,Kolkata,Banglore,CCU ? BOM ? BLR,07:55 25 May,No info,8366,24,5,4,0,0,565.0,1350
Air India,Delhi,Cochin,DEL ? GOI ? BOM ? COK,19:15,No info,11753,6,6,3,0,0,655.0,500
SpiceJet,Kolkata,Banglore,CCU ? BLR,00:40 25 Jun,No check-in baggage included,3841,24,6,0,0,0,1340.0,140
Vistara,Kolkata,Banglore,CCU ? DEL ? BLR,23:25,No info,9345,15,5,2,0,0,1020.0,385
Air India,Kolkata,Banglore,CCU ? VNS ? DEL ? BLR,08:55 07 Jun,No info,15107,6,6,3,0,0,870.0,1105
Multiple carriers,Delhi,Cochin,DEL ? HYD ? COK,22:30,No info,9646,6,6,3,0,0,425.0,925
Jet Airways,Delhi,Cochin,DEL ? BOM ? COK,04:25 10 Jun,In-flight meal not included,10262,9,6,6,0,0,425.0,1280
Jet Airways,Delhi,Cochin,DEL ? AMD ? BOM ? COK,04:25 28 Mar,In-flight meal not included,8456,27,3,2,0,0,1150.0,555
SpiceJet,Kolkata,Banglore,CCU ? BLR,00:40 10 Jun,No check-in baggage included,3841,9,6,6,0,0,1340.0,140
Multiple carriers,Delhi,Cochin,DEL ? BOM ? COK,13:20,No info,12537,27,3,2,0,0,425.0,375
IndiGo,Kolkata,Banglore,CCU ? BLR,12:10,No info,4804,6,6,3,0,0,575.0,155
Multiple carriers,Delhi,Cochin,DEL ? BOM ? COK,21:00,No info,7005,6,6,3,0,0,620.0,640
Multiple carriers,Delhi,Cochin,DEL ? BOM ? COK,21:00,No info,13587,15,6,5,0,0,425.0,835
Jet Airways,Mumbai,Hyderabad,BOM ? HYD,08:30,In-flight meal not included,4050,12,5,6,0,0,425.0,85
IndiGo,Kolkata,Banglore,CCU ? BLR,12:20,No info,4148,21,3,3,0,0,575.0,165
IndiGo,Chennai,Kolkata,MAA ? CCU,07:40,No info,3850,1,5,2,0,0,315.0,145
IndiGo,Banglore,Delhi,BLR ? DEL,04:15,No info,4591,27,4,5,0,0,90.0,165
Jet Airways,Banglore,Delhi,BLR ? DEL,20:45,No info,8016,18,6,1,0,0,1065.0,180
IndiGo,Kolkata,Banglore,CCU ? BLR,17:45,No info,4804,18,5,5,0,0,915.0,150
Jet Airways,Kolkata,Banglore,CCU ? BOM ? BLR,08:15 19 May,No info,13941,18,5,5,0,0,345.0,1590
IndiGo,Delhi,Cochin,DEL ? BOM ? COK,21:00,No info,7006,21,5,1,0,0,400.0,860
Air India,Kolkata,Banglore,CCU ? GAU ? IMF ? DEL ? BLR,23:15,No info,14015,12,5,6,0,0,590.0,805
Jet Airways,Banglore,New Delhi,BLR ? BOM ? DEL,07:40 13 Mar,In-flight meal not included,11087,12,3,1,0,0,1375.0,525
IndiGo,Delhi,Cochin,DEL ? HYD ? COK,12:00,No info,5647,9,3,5,0,0,400.0,320
IndiGo,Delhi,Cochin,DEL ? PNQ ? COK,04:35 22 May,No info,8745,21,5,1,0,0,1410.0,305
Jet Airways,Banglore,Delhi,BLR ? DEL,08:45,No info,8016,1,6,5,0,0,360.0,165
Jet Airways,Delhi,Cochin,DEL ? COK,14:15,In-flight meal not included,7202,9,6,6,0,0,660.0,195
Jet Airways,Delhi,Cochin,DEL ? BOM ? COK,18:50 22 Mar,In-flight meal not included,5963,21,3,3,0,0,960.0,1610
Multiple carriers,Delhi,Cochin,DEL ? HYD ? COK,22:30,No info,9646,6,6,3,0,0,585.0,765
Air India,Mumbai,Hyderabad,BOM ? HYD,15:25,No info,3100,21,6,4,0,0,835.0,90
IndiGo,Kolkata,Banglore,CCU ? BLR,17:55,No info,4148,9,3,5,0,0,920.0,155
IndiGo,Banglore,Delhi,BLR ? DEL,21:20,No info,4823,1,5,2,0,0,1105.0,175
SpiceJet,Kolkata,Banglore,CCU ? BLR,19:40,No check-in baggage included,3841,6,4,5,0,0,1030.0,150
Jet Airways,Delhi,Cochin,DEL ? JAI ? BOM ? COK,19:00,No info,13014,3,6,0,0,0,580.0,560
Jet Airways,Delhi,Cochin,DEL ? BOM ? COK,04:25 10 Jun,In-flight meal not included,10262,9,6,6,0,0,135.0,1570
Air India,Mumbai,Hyderabad,BOM ? HYD,22:25,No info,2575,27,3,2,0,0,1265.0,80
Jet Airways,Banglore,New Delhi,BLR ? BOM ? DEL,15:15,No info,19225,6,3,2,0,0,480.0,435
IndiGo,Kolkata,Banglore,CCU ? BLR,22:55,No info,4174,6,4,5,0,0,1220.0,155
GoAir,Delhi,Cochin,DEL ? BOM ? COK,19:35,No info,7870,6,6,3,0,0,865.0,310
Air India,Delhi,Cochin,DEL ? BOM ? COK,19:15,No info,7934,21,3,3,0,0,780.0,375
Jet Airways,Delhi,Cochin,DEL ? BDQ ? BOM ? COK,18:50,No info,11360,21,3,3,0,0,645.0,485
IndiGo,Delhi,Cochin,DEL ? HYD ? COK,16:10,No info,6442,27,6,3,0,0,410.0,560
Jet Airways,Delhi,Cochin,DEL ? BOM ? COK,04:25 04 Jun,In-flight meal not included,10262,3,6,0,0,0,1255.0,450
Multiple carriers,Delhi,Cochin,DEL ? BOM ? COK,19:15,No info,6732,27,3,2,0,0,690.0,465
Vistara,Banglore,Delhi,BLR ? DEL,12:35,No info,4668,9,6,6,0,0,585.0,170
IndiGo,Delhi,Cochin,DEL ? BLR ? COK,07:45,No info,6258,21,4,6,0,0,120.0,345
Multiple carriers,Delhi,Cochin,DEL ? BOM ? COK,19:15,No info,16108,15,6,5,0,0,425.0,730
IndiGo,Delhi,Cochin,DEL ? BOM ? COK,13:20,No info,14871,6,3,2,0,0,400.0,400
Air Asia,Banglore,Delhi,BLR ? DEL,02:45 10 Apr,No info,4483,9,4,1,0,0,1435.0,170
Jet Airways,Kolkata,Banglore,CCU ? DEL ? BLR,23:35 13 May,In-flight meal not included,8066,12,5,6,0,0,1225.0,1630
SpiceJet,Kolkata,Banglore,CCU ? IXB ? BLR,18:30,No info,9946,9,6,6,0,0,675.0,435
IndiGo,Delhi,Cochin,DEL ? BLR ? COK,20:50,No info,6027,21,5,1,0,0,910.0,340
Jet Airways,Delhi,Cochin,DEL ? BOM ? COK,12:35 10 Jun,In-flight meal not included,10262,9,6,6,0,0,1370.0,825
Jet Airways,Kolkata,Banglore,CCU ? BOM ? BLR,18:15 10 Jun,In-flight meal not included,10844,9,6,6,0,0,1270.0,1265
Jet Airways,Kolkata,Banglore,CCU ? BOM ? BLR,23:35,In-flight meal not included,8586,15,5,2,0,0,990.0,425
IndiGo,Delhi,Cochin,DEL ? COK,17:40,No info,6015,27,5,0,0,0,865.0,195
IndiGo,Banglore,Delhi,BLR ? DEL,15:50,No info,4990,18,4,3,0,0,780.0,170
Jet Airways,Kolkata,Banglore,CCU ? BOM ? BLR,16:20 13 May,In-flight meal not included,10844,12,5,6,0,0,1270.0,1150
Multiple carriers,Delhi,Cochin,DEL ? BOM ? COK,01:30 07 Jun,No info,13377,6,6,3,0,0,690.0,840
Air India,Delhi,Cochin,DEL ? JAI ? BOM ? COK,19:15 10 Jun,No info,12257,9,6,6,0,0,1125.0,1470
IndiGo,Kolkata,Banglore,CCU ? BLR,19:50,No info,4804,27,5,0,0,0,1035.0,155
Vistara,Banglore,New Delhi,BLR ? AMD ? DEL,21:55,No info,10008,9,3,5,0,0,400.0,915
IndiGo,Chennai,Kolkata,MAA ? CCU,21:55,No info,3597,1,5,2,0,0,1175.0,140
IndiGo,Banglore,Delhi,BLR ? DEL,01:00 07 May,No info,3419,6,5,0,0,0,1330.0,170
Jet Airways,Delhi,Cochin,DEL ? BOM ? COK,19:00,No info,16289,27,5,0,0,0,425.0,715
Jet Airways,Kolkata,Banglore,CCU ? BOM ? BLR,12:00 19 May,In-flight meal not included,10844,18,5,5,0,0,990.0,1170
Multiple carriers,Delhi,Cochin,DEL ? BOM ? COK,19:15,No info,9526,1,6,5,0,0,620.0,535
Jet Airways,Kolkata,Banglore,CCU ? BOM ? BLR,09:20 02 Apr,In-flight meal not included,8849,1,4,0,0,0,1270.0,730
Air India,Banglore,Delhi,BLR ? DEL,08:55,No info,6121,6,5,0,0,0,370.0,165
Jet Airways,Delhi,Cochin,DEL ? BDQ ? BOM ? COK,18:50 22 Mar,No info,12347,21,3,3,0,0,1105.0,1465
Vistara,Banglore,Delhi,BLR ? DEL,23:50,No info,5613,18,4,3,0,0,1260.0,170
Jet Airways,Delhi,Cochin,DEL ? BOM ? COK,18:50 04 Mar,No info,18253,3,3,6,0,0,1385.0,1185
Multiple carriers,Delhi,Cochin,DEL ? BOM ? COK,19:15,No info,14848,21,5,1,0,0,600.0,555
Jet Airways,Mumbai,Hyderabad,BOM ? HYD,11:50,In-flight meal not included,4995,15,5,2,0,0,620.0,90
IndiGo,Banglore,Delhi,BLR ? DEL,02:20 07 Jun,No info,4591,6,6,3,0,0,1410.0,170
IndiGo,Kolkata,Banglore,CCU ? BLR,23:05,No info,4462,18,3,0,0,0,1225.0,160
Jet Airways,Delhi,Cochin,DEL ? BOM ? COK,19:00 22 May,In-flight meal not included,12898,21,5,1,0,0,1370.0,1210
Jet Airways,Delhi,Cochin,DEL ? BOM ? COK,18:50,No info,12032,27,3,2,0,0,540.0,590
Jet Airways,Delhi,Cochin,DEL ? JAI ? BOM ? COK,04:25 10 May,In-flight meal not included,13029,9,5,3,0,0,580.0,1125
SpiceJet,Chennai,Kolkata,MAA ? CCU,20:05,No check-in baggage included,3543,3,6,0,0,0,1065.0,140
Air India,Banglore,New Delhi,BLR ? DEL,08:55,No info,8851,3,3,6,0,0,370.0,165
Jet Airways,Delhi,Cochin,DEL ? BOM ? COK,04:25 07 Jun,No info,14714,6,6,3,0,0,1370.0,335
SpiceJet,Kolkata,Banglore,CCU ? BLR,09:30,No check-in baggage included,3841,24,4,2,0,0,415.0,155
Multiple carriers,Delhi,Cochin,DEL ? BOM ? COK,19:15,No info,7531,21,3,3,0,0,700.0,455
Multiple carriers,Delhi,Cochin,DEL ? BOM ? COK,13:20,No info,7845,27,3,2,0,0,360.0,440
Jet Airways,Kolkata,Banglore,CCU ? BOM ? BLR,12:00,In-flight meal not included,9663,9,5,3,0,0,390.0,330
Jet Airways,Mumbai,Hyderabad,BOM ? HYD,04:20,No info,5678,6,5,0,0,0,175.0,85
IndiGo,Banglore,Delhi,BLR ? DEL,04:15,No info,5780,18,5,5,0,0,90.0,165
SpiceJet,Kolkata,Banglore,CCU ? BLR,11:25,No check-in baggage included,3841,9,4,1,0,0,540.0,145
Air India,Delhi,Cochin,DEL ? BLR ? COK,23:00,No info,7174,24,6,0,0,0,1060.0,320
Air India,Kolkata,Banglore,CCU ? BOM ? HBX ? BLR,17:20 19 May,No info,13616,18,5,5,0,0,565.0,1915
Multiple carriers,Delhi,Cochin,DEL ? IXU ? BOM ? COK,01:30 28 May,No info,18275,27,5,0,0,0,1070.0,460
Air India,Kolkata,Banglore,CCU ? BOM ? COK ? BLR,13:45 16 May,No info,14482,15,5,2,0,0,565.0,1700
Air India,Kolkata,Banglore,CCU ? IXR ? BBI ? BLR,13:15,No info,7662,6,5,0,0,0,350.0,445
Air India,Delhi,Cochin,DEL ? GOI ? BOM ? COK,19:15 16 May,No info,11281,15,5,2,0,0,1320.0,1275
Air India,Kolkata,Banglore,CCU ? HYD ? BLR,11:05 22 May,No info,6117,21,5,1,0,0,1140.0,965
SpiceJet,Banglore,Delhi,BLR ? DEL,08:35,No info,4423,6,4,5,0,0,355.0,160
Air India,Kolkata,Banglore,CCU ? BBI ? BOM ? BLR,21:50,No info,9416,6,6,3,0,0,720.0,590
Air India,Banglore,Delhi,BLR ? DEL,12:45,No info,6961,21,6,4,0,0,600.0,165
Jet Airways,Delhi,Cochin,DEL ? NAG ? BOM ? COK,04:25 02 Jun,No info,13376,1,6,5,0,0,405.0,1300
GoAir,Banglore,New Delhi,BLR ? DEL,10:40,No info,4239,24,3,6,0,0,465.0,175
Multiple carriers,Delhi,Cochin,DEL ? BOM ? COK,21:00,No info,13727,15,5,2,0,0,600.0,660
Jet Airways,Kolkata,Banglore,CCU ? DEL ? BLR,14:25 19 May,No info,13067,18,5,5,0,0,1020.0,1285
Air India,Banglore,Delhi,BLR ? DEL,16:10,No info,6961,21,6,4,0,0,800.0,170
Jet Airways,Kolkata,Banglore,CCU ? BOM ? BLR,23:35 02 Apr,In-flight meal not included,7064,1,4,0,0,0,1135.0,1720
IndiGo,Delhi,Cochin,DEL ? BOM ? COK,21:00,No info,8784,21,3,3,0,0,400.0,860
Jet Airways,Kolkata,Banglore,CCU ? BOM ? BLR,04:40 02 May,No info,13941,1,5,2,0,0,505.0,1215
Multiple carriers,Delhi,Cochin,DEL ? BOM ? COK,19:15,No info,15058,24,6,0,0,0,425.0,730
Air Asia,Delhi,Cochin,DEL ? BLR ? COK,07:10 28 Jun,No info,6451,27,6,3,0,0,1245.0,625
Jet Airways,Delhi,Cochin,DEL ? JAI ? BOM ? COK,19:00,No info,13014,6,6,3,0,0,330.0,810
GoAir,Delhi,Cochin,DEL ? BOM ? COK,19:20,No info,22794,3,3,6,0,0,850.0,310
GoAir,Delhi,Cochin,DEL ? BOM ? COK,19:35,No info,6922,27,4,5,0,0,635.0,540
Jet Airways,Banglore,Delhi,BLR ? DEL,14:05,No info,7229,12,4,4,0,0,670.0,175
Multiple carriers,Delhi,Cochin,DEL ? BOM ? COK,21:00,No info,13587,12,6,2,0,0,600.0,660
Air India,Delhi,Cochin,DEL ? JDH ? BOM ? COK,19:15 22 Mar,No info,11228,21,3,3,0,0,775.0,1820
Air Asia,Banglore,Delhi,BLR ? DEL,07:45,No info,4282,1,5,2,0,0,295.0,170
Jet Airways,Banglore,New Delhi,BLR ? BOM ? DEL,10:25,No info,12284,18,3,0,0,0,345.0,280
Jet Airways,Delhi,Cochin,DEL ? BOM ? COK,12:35 10 Jun,In-flight meal not included,10262,9,6,6,0,0,540.0,1655
Vistara,Delhi,Cochin,DEL ? COK,09:10,No info,6741,21,5,1,0,0,360.0,190
IndiGo,Banglore,Delhi,BLR ? DEL,13:20,No info,3943,15,6,5,0,0,630.0,170
Air India,Kolkata,Banglore,CCU ? GAU ? BLR,21:05 13 May,No info,7662,12,5,6,0,0,1005.0,1700
Jet Airways,Kolkata,Banglore,CCU ? BOM ? BLR,08:15 13 May,In-flight meal not included,8586,12,5,6,0,0,505.0,1430
Air India,Delhi,Cochin,DEL ? MAA ? COK,09:25 28 Mar,No info,5117,27,3,2,0,0,1240.0,765
Jet Airways,Delhi,Cochin,DEL ? NAG ? BOM ? COK,12:35 25 Jun,No info,13376,24,6,0,0,0,875.0,1320
IndiGo,Delhi,Cochin,DEL ? HYD ? COK,12:10,No info,5298,15,5,2,0,0,410.0,320
GoAir,Banglore,Delhi,BLR ? DEL,10:40,No info,4632,9,4,1,0,0,465.0,175
Jet Airways,Delhi,Cochin,DEL ? JAI ? BOM ? COK,04:25 02 Jun,No info,13014,1,6,5,0,0,1170.0,535
IndiGo,Banglore,New Delhi,BLR ? DEL,00:15 02 Mar,No info,12649,1,3,4,0,0,1280.0,175
IndiGo,Kolkata,Banglore,CCU ? MAA ? BLR,13:00,No info,6303,24,3,6,0,0,495.0,285
Multiple carriers,Delhi,Cochin,DEL ? HYD ? MAA ? COK,21:20,No info,11560,9,3,5,0,0,795.0,485
IndiGo,Banglore,Delhi,BLR ? DEL,11:20,No info,4823,21,5,1,0,0,510.0,170
GoAir,Delhi,Cochin,DEL ? BOM ? COK,19:35,No info,7031,21,4,6,0,0,635.0,540
SpiceJet,Banglore,Delhi,BLR ? DEL,12:20,No info,4423,15,5,2,0,0,570.0,170
Air India,Delhi,Cochin,DEL ? HYD ? MAA ? COK,09:25 13 Jun,No info,10975,12,6,2,0,0,585.0,1420
SpiceJet,Kolkata,Banglore,CCU ? BLR,00:40 10 Apr,No info,3873,9,4,1,0,0,1340.0,140
Air Asia,Kolkata,Banglore,CCU ? BLR,22:25,No info,4107,24,4,2,0,0,1195.0,150
Jet Airways,Banglore,New Delhi,BLR ? BOM ? DEL,10:25 16 Mar,In-flight meal not included,11087,18,3,0,0,0,1015.0,1050
Multiple carriers,Delhi,Cochin,DEL ? BOM ? COK,19:00,No info,10529,15,5,2,0,0,450.0,690
Vistara,Banglore,New Delhi,BLR ? DEL,09:40,No info,6138,15,3,4,0,0,420.0,160
Jet Airways,Banglore,New Delhi,BLR ? BOM ? DEL,15:15 13 Mar,No info,13817,12,3,1,0,0,1375.0,980
Multiple carriers,Delhi,Cochin,DEL ? HYD ? COK,22:30,In-flight meal not included,6093,27,6,3,0,0,430.0,920
Jet Airways,Mumbai,Hyderabad,BOM ? HYD,08:35,No info,5678,24,3,6,0,0,430.0,85
Air India,Kolkata,Banglore,CCU ? DEL ? BLR,08:55 02 Apr,No info,7893,1,4,0,0,0,1050.0,925
Air India,Banglore,Delhi,BLR ? DEL,16:10,No info,6121,1,5,2,0,0,800.0,170
Jet Airways,Banglore,Delhi,BLR ? DEL,20:45,In-flight meal not included,4544,9,4,1,0,0,1065.0,180
Jet Airways,Delhi,Cochin,DEL ? BOM ? COK,19:00,No info,14714,3,6,0,0,0,135.0,1005
Jet Airways,Kolkata,Banglore,CCU ? BOM ? BLR,08:15 19 May,No info,14388,18,5,5,0,0,845.0,1090
Multiple carriers,Delhi,Cochin,DEL ? BOM ? COK,19:15,No info,16108,1,6,5,0,0,480.0,675
Multiple carriers,Delhi,Cochin,DEL ? BOM ? COK,19:00,No info,12402,3,6,0,0,0,420.0,720
Jet Airways,Kolkata,Banglore,CCU ? DEL ? BLR,21:05,In-flight meal not included,12384,1,5,2,0,0,575.0,690
Air India,Delhi,Cochin,DEL ? COK,17:10,No info,6094,24,4,2,0,0,850.0,180
IndiGo,Kolkata,Banglore,CCU ? BBI ? BLR,23:15,No info,5276,9,6,6,0,0,1175.0,220
IndiGo,Kolkata,Banglore,CCU ? BLR,07:15,No info,4804,24,6,0,0,0,280.0,155
Air India,Delhi,Cochin,DEL ? GOI ? BOM ? COK,19:15 02 May,No info,11281,1,5,2,0,0,1320.0,1275
Jet Airways,Delhi,Cochin,DEL ? BOM ? COK,18:50,In-flight meal not included,6068,27,3,2,0,0,480.0,650
Jet Airways,Banglore,Delhi,BLR ? DEL,10:10,No info,7229,12,5,6,0,0,430.0,180
IndiGo,Delhi,Cochin,DEL ? BOM ? COK,01:30 13 Jun,No info,6628,12,6,2,0,0,555.0,975
Jet Airways,Banglore,New Delhi,BLR ? BOM ? DEL,07:40 07 Mar,In-flight meal not included,13502,6,3,2,0,0,845.0,1055
Multiple carriers,Delhi,Cochin,DEL ? BOM ? COK,01:35 10 Mar,In-flight meal not included,14086,9,3,5,0,0,960.0,575
GoAir,Delhi,Cochin,DEL ? BOM ? COK,19:35,No info,4959,12,6,2,0,0,635.0,540
Jet Airways,Delhi,Cochin,DEL ? BOM ? COK,12:35,No info,16376,27,5,0,0,0,135.0,620
IndiGo,Kolkata,Banglore,CCU ? BLR,00:50 16 Jun,No info,4804,15,6,5,0,0,1335.0,155
Jet Airways,Banglore,New Delhi,BLR ? BOM ? DEL,16:10 13 Mar,No info,13817,12,3,1,0,0,1375.0,1035
Jet Airways,Banglore,Delhi,BLR ? DEL,18:10,No info,7229,1,5,2,0,0,915.0,175
SpiceJet,Chennai,Kolkata,MAA ? CCU,12:00,No check-in baggage included,3859,3,6,0,0,0,585.0,135
Air India,Kolkata,Banglore,CCU ? DEL ? AMD ? BLR,05:25 22 May,No info,13899,21,5,1,0,0,600.0,1165
IndiGo,Delhi,Cochin,DEL ? BOM ? COK,01:30 25 Jun,No info,6628,24,6,0,0,0,555.0,975
IndiGo,Delhi,Cochin,DEL ? PNQ ? COK,04:35 16 May,No info,10123,15,5,2,0,0,1410.0,305
SpiceJet,Kolkata,Banglore,CCU ? BLR,09:30,No info,3873,3,4,2,0,0,415.0,155
Jet Airways,Kolkata,Banglore,CCU ? BOM ? BLR,23:25,No info,13339,24,3,6,0,0,390.0,1015
Jet Airways,Delhi,Cochin,DEL ? BOM ? COK,04:25 07 Jun,No info,14714,6,6,3,0,0,1185.0,520
Jet Airways,Kolkata,Banglore,CCU ? DEL ? BLR,18:00 13 Jun,No info,12692,12,6,2,0,0,1225.0,1295
GoAir,Delhi,Cochin,DEL ? BOM ? COK,12:55,No info,5281,15,6,5,0,0,420.0,355
Jet Airways,Delhi,Cochin,DEL ? JAI ? BOM ? COK,19:00,In-flight meal not included,10368,24,6,0,0,0,330.0,810
Multiple carriers,Delhi,Cochin,DEL ? BOM ? COK,01:30 28 May,No info,13377,27,5,0,0,0,960.0,570
Jet Airways,Delhi,Cochin,DEL ? AMD ? BOM ? COK,19:00 28 May,No info,15129,27,5,0,0,0,1385.0,1195
Air India,Banglore,Delhi,BLR ? DEL,12:45,No info,6961,6,6,3,0,0,600.0,165
Jet Airways,Kolkata,Banglore,CCU ? BOM ? BLR,19:50 25 May,In-flight meal not included,10844,24,5,4,0,0,1200.0,1430
Jet Airways,Kolkata,Banglore,CCU ? BOM ? BLR,16:20 25 Mar,No info,13759,24,3,6,0,0,1185.0,1235
Air India,Mumbai,Hyderabad,BOM ? BHO ? DEL ? HYD,19:25 13 Mar,No info,12119,12,3,1,0,0,360.0,2245
Air Asia,Kolkata,Banglore,CCU ? BLR,01:20 16 Jun,No info,3807,15,6,5,0,0,1370.0,150
IndiGo,Banglore,Delhi,BLR ? DEL,01:00 19 May,No info,3943,18,5,5,0,0,1330.0,170
Jet Airways,Kolkata,Banglore,CCU ? BOM ? BLR,08:15 02 May,No info,13941,1,5,2,0,0,990.0,945
Jet Airways,Kolkata,Banglore,CCU ? BOM ? BLR,10:05 25 May,In-flight meal not included,8586,24,5,4,0,0,1200.0,845
Air India,Kolkata,Banglore,CCU ? BLR,16:45,No info,6245,1,4,0,0,0,855.0,150
Jet Airways,Kolkata,Banglore,CCU ? DEL ? BLR,18:00,No info,13067,6,5,0,0,0,575.0,505
IndiGo,Delhi,Cochin,DEL ? BOM ? COK,15:30,No info,14871,6,3,2,0,0,505.0,425
Multiple carriers,Delhi,Cochin,DEL ? BOM ? COK,01:30 25 Jun,No info,13377,24,6,0,0,0,840.0,690
Jet Airways,Delhi,Cochin,DEL ? BOM ? COK,19:00 10 May,In-flight meal not included,12373,9,5,3,0,0,1185.0,1395
Jet Airways,Kolkata,Banglore,CCU ? BOM ? BLR,19:40,No info,14231,24,3,6,0,0,835.0,345
SpiceJet,Mumbai,Hyderabad,BOM ? HYD,00:15 02 May,No check-in baggage included,1965,1,5,2,0,0,1365.0,90
Jet Airways,Delhi,Cochin,DEL ? BOM ? COK,12:35,No info,14924,3,6,0,0,0,425.0,330
IndiGo,Kolkata,Banglore,CCU ? BLR,18:05,No info,4174,1,4,0,0,0,930.0,155
GoAir,Delhi,Cochin,DEL ? BOM ? COK,12:55,No info,4725,3,4,2,0,0,420.0,355
Multiple carriers,Delhi,Cochin,DEL ? BOM ? COK,13:20,No info,17057,3,3,6,0,0,135.0,665
Air India,Banglore,New Delhi,BLR ? CCU ? DEL,22:45,No info,11444,3,3,6,0,0,665.0,700
Jet Airways,Delhi,Cochin,DEL ? COK,14:15,In-flight meal not included,7202,12,6,2,0,0,660.0,195
Jet Airways,Banglore,Delhi,BLR ? DEL,22:00,In-flight meal not included,4030,15,5,2,0,0,1135.0,185
Air India,Mumbai,Hyderabad,BOM ? BLR ? HYD,09:15 07 Mar,No info,9535,6,3,2,0,0,555.0,1440
Jet Airways,Kolkata,Banglore,CCU ? BOM ? BLR,10:05 02 May,In-flight meal not included,8586,1,5,2,0,0,990.0,1055
Jet Airways,Kolkata,Banglore,CCU ? BOM ? BLR,04:40 19 May,In-flight meal not included,8586,18,5,5,0,0,345.0,1375
SpiceJet,Banglore,Delhi,BLR ? DEL,08:35,No info,3625,18,5,5,0,0,355.0,160
Multiple carriers,Delhi,Cochin,DEL ? BOM ? COK,21:00,No info,8055,27,3,2,0,0,360.0,900
Air India,Mumbai,Hyderabad,BOM ? HYD,07:40,No info,3100,21,3,3,0,0,380.0,80
IndiGo,Kolkata,Banglore,CCU ? MAA ? BLR,22:15,No info,5699,9,6,6,0,0,1055.0,280
Jet Airways,Delhi,Cochin,DEL ? JAI ? BOM ? COK,04:25 28 May,No info,15129,27,5,0,0,0,1170.0,535
Vistara,Kolkata,Banglore,CCU ? DEL ? BLR,09:05 10 May,No info,9187,9,5,3,0,0,1020.0,965
Air India,Delhi,Cochin,DEL ? JAI ? BOM ? COK,19:15 25 Jun,No info,11732,24,6,0,0,0,1125.0,1470
SpiceJet,Kolkata,Banglore,CCU ? BLR,00:40 02 Apr,No check-in baggage included,3841,1,4,0,0,0,1340.0,140
Multiple carriers,Delhi,Cochin,DEL ? BOM ? COK,19:00,No info,9794,6,5,0,0,0,620.0,520
IndiGo,Kolkata,Banglore,CCU ? PAT ? BLR,14:15,No info,12198,18,5,5,0,0,560.0,295
Jet Airways,Kolkata,Banglore,CCU ? BOM ? BLR,10:05 07 Jun,No info,14571,6,6,3,0,0,1270.0,775
IndiGo,Mumbai,Hyderabad,BOM ? HYD,10:40,No info,5755,3,3,6,0,0,550.0,90
Jet Airways,Kolkata,Banglore,CCU ? DEL ? BLR,22:05,No info,14151,6,6,3,0,0,575.0,750
Vistara,Banglore,Delhi,BLR ? DEL,19:35,No info,5613,18,4,3,0,0,1020.0,155
Jet Airways,Kolkata,Banglore,CCU ? DEL ? BLR,10:55 07 May,No info,13067,6,5,0,0,0,1020.0,1075
Jet Airways,Delhi,Cochin,DEL ? BOM ? COK,18:50 22 Mar,No info,12557,21,3,3,0,0,1095.0,1475
Jet Airways,Delhi,Cochin,DEL ? BOM ? COK,04:25 04 Jun,No info,14714,3,6,0,0,0,1255.0,450
Jet Airways,Banglore,Delhi,BLR ? DEL,18:10,In-flight meal not included,4544,3,5,4,0,0,915.0,175
Air India,Delhi,Cochin,DEL ? GOI ? BOM ? COK,19:15 02 Jun,No info,10441,1,6,5,0,0,1320.0,1275
Air Asia,Kolkata,Banglore,CCU ? BLR,01:20 02 Apr,No info,4107,1,4,0,0,0,1370.0,150
IndiGo,Banglore,Delhi,BLR ? DEL,19:55,No info,4990,18,4,3,0,0,1015.0,180
Jet Airways,Delhi,Cochin,DEL ? JAI ? BOM ? COK,18:50 22 Mar,No info,12341,21,3,3,0,0,330.0,2240
Air India,Delhi,Cochin,DEL ? AMD ? BOM ? COK,19:15 04 Mar,No info,12856,3,3,6,0,0,1185.0,1410
Air India,Kolkata,Banglore,CCU ? DEL ? BLR,23:15,No info,7893,1,4,0,0,0,600.0,795
Vistara,Delhi,Cochin,DEL ? COK,17:50,No info,6688,15,3,4,0,0,895.0,175
Jet Airways,Delhi,Cochin,DEL ? BOM ? COK,18:50,In-flight meal not included,5963,27,3,2,0,0,540.0,590
IndiGo,Banglore,Delhi,BLR ? DEL,01:00 25 May,No info,3419,24,5,4,0,0,1330.0,170
Jet Airways,Mumbai,Hyderabad,BOM ? HYD,21:05,In-flight meal not included,2228,21,3,3,0,0,1175.0,90
Air India,Mumbai,Hyderabad,BOM ? HYD,20:45,No info,2575,24,3,6,0,0,1170.0,75
Jet Airways,Delhi,Cochin,DEL ? IDR ? BOM ? COK,19:00 25 Jun,No info,13292,24,6,0,0,0,1285.0,1295
IndiGo,Banglore,Delhi,BLR ? DEL,11:20,No info,4823,9,5,3,0,0,510.0,170
Jet Airways,Kolkata,Banglore,CCU ? BOM ? BLR,20:45,In-flight meal not included,9899,12,6,2,0,0,845.0,400
Air India,Kolkata,Banglore,CCU ? GAU ? DEL ? BLR,23:15,No info,14120,6,5,0,0,0,590.0,805
Air India,Delhi,Cochin,DEL ? BOM ? COK,19:15,No info,15284,6,3,2,0,0,540.0,615
Multiple carriers,Delhi,Cochin,DEL ? BOM ? COK,19:00,No info,12192,9,6,6,0,0,230.0,910
Air India,Kolkata,Banglore,CCU ? DEL ? COK ? BLR,01:20 25 Mar,No info,13428,24,3,6,0,0,420.0,1100
SpiceJet,Chennai,Kolkata,MAA ? CCU,10:35,No check-in baggage included,3543,3,6,0,0,0,500.0,135
Jet Airways,Delhi,Cochin,DEL ? BOM ? COK,12:35 02 Apr,In-flight meal not included,5406,1,4,0,0,0,600.0,1595
Air India,Delhi,Cochin,DEL ? RPR ? NAG ? BOM ? COK,07:40 02 Jun,No info,12383,1,6,5,0,0,315.0,1585
Air India,Delhi,Cochin,DEL ? BOM ? COK,19:15,No info,8372,24,6,0,0,0,780.0,375
IndiGo,Banglore,New Delhi,BLR ? DEL,00:15 04 Mar,No info,6144,3,3,6,0,0,1280.0,175
Jet Airways,Kolkata,Banglore,CCU ? BOM ? BLR,08:15 25 May,In-flight meal not included,8586,24,5,4,0,0,1135.0,800
Air Asia,Banglore,Delhi,BLR ? DEL,07:45,No info,4282,9,5,3,0,0,295.0,170
Jet Airways,Delhi,Cochin,DEL ? BOM ? COK,19:00,No info,16079,21,5,1,0,0,690.0,450
IndiGo,Mumbai,Hyderabad,BOM ? HYD,18:25,No info,3175,15,3,4,0,0,1015.0,90
Jet Airways,Delhi,Cochin,DEL ? BOM ? COK,04:25 07 Mar,No info,15764,6,3,2,0,0,780.0,925
IndiGo,Mumbai,Hyderabad,BOM ? HYD,07:45,No info,4784,6,3,2,0,0,380.0,85
Multiple carriers,Delhi,Cochin,DEL ? BOM ? COK,15:30,No info,17057,3,3,6,0,0,480.0,450
Jet Airways,Delhi,Cochin,DEL ? JAI ? BOM ? COK,04:25 16 Jun,No info,13014,15,6,5,0,0,330.0,1375
Jet Airways,Delhi,Cochin,DEL ? BOM ? COK,19:00 13 Jun,No info,14714,12,6,2,0,0,1370.0,1210
Jet Airways,Delhi,Cochin,DEL ? COK,13:05,No info,9564,21,5,1,0,0,590.0,195
Air India,Delhi,Cochin,DEL ? BLR ? COK,08:15 13 Jun,No info,8991,12,6,2,0,0,1230.0,705
IndiGo,Kolkata,Banglore,CCU ? BLR,17:45,No info,4804,15,6,5,0,0,915.0,150
Jet Airways,Delhi,Cochin,DEL ? BOM ? COK,04:25 28 Mar,No info,12242,27,3,2,0,0,1155.0,550
IndiGo,Kolkata,Banglore,CCU ? BLR,00:55 22 Mar,No info,4148,21,3,3,0,0,1330.0,165
Jet Airways,Kolkata,Banglore,CCU ? BOM ? BLR,08:15 19 May,In-flight meal not included,8586,18,5,5,0,0,990.0,945
Jet Airways,Delhi,Cochin,DEL ? BOM ? COK,04:25 04 Jun,In-flight meal not included,11627,3,6,0,0,0,600.0,1105
Jet Airways,Kolkata,Banglore,CCU ? BOM ? BLR,19:50,In-flight meal not included,7064,1,4,0,0,0,505.0,685
Vistara,Banglore,New Delhi,BLR ? AMD ? DEL,10:25 07 Mar,No info,12476,3,3,6,0,0,400.0,1665
Jet Airways,Delhi,Cochin,DEL ? BOM ? COK,04:25 02 Jun,In-flight meal not included,10262,1,6,5,0,0,780.0,925
Jet Airways,Mumbai,Hyderabad,BOM ? HYD,11:50,No info,5678,1,6,5,0,0,620.0,90
Air Asia,Delhi,Cochin,DEL ? BLR ? COK,13:10,No info,6151,27,3,2,0,0,475.0,315
Multiple carriers,Delhi,Cochin,DEL ? BOM ? COK,01:30 22 May,No info,14067,21,5,1,0,0,1095.0,435
Air India,Kolkata,Banglore,CCU ? DEL ? BLR,16:15,No info,11936,15,5,2,0,0,420.0,555
Air India,Kolkata,Banglore,CCU ? HYD ? BLR,11:05 13 May,No info,6327,12,5,6,0,0,1140.0,965
Jet Airways,Kolkata,Banglore,CCU ? BOM ? BLR,10:05 13 Jun,In-flight meal not included,8529,12,6,2,0,0,505.0,1540
Air India,Delhi,Cochin,DEL ? AMD ? BOM ? COK,19:15 19 May,No info,10651,18,5,5,0,0,1185.0,1410
Vistara,Banglore,Delhi,BLR ? DEL,14:20,No info,4668,1,6,5,0,0,690.0,170
GoAir,Delhi,Cochin,DEL ? BOM ? COK,19:35,No info,5430,24,4,2,0,0,635.0,540
Jet Airways,Banglore,Delhi,BLR ? DEL,20:45,In-flight meal not included,7229,1,6,5,0,0,1065.0,180
IndiGo,Delhi,Cochin,DEL ? BOM ? COK,21:00,No info,6314,21,3,3,0,0,285.0,975
Air Asia,Banglore,Delhi,BLR ? DEL,02:45 04 Jun,No info,7120,3,6,0,0,0,1435.0,170
Jet Airways,Delhi,Cochin,DEL ? AMD ? BOM ? COK,04:25 20 May,No info,15129,18,5,5,0,0,1385.0,1760
SpiceJet,Kolkata,Banglore,CCU ? BLR,11:25,No check-in baggage included,3841,6,5,0,0,0,540.0,145
SpiceJet,Kolkata,Banglore,CCU ? BLR,17:25,No check-in baggage included,3841,27,4,5,0,0,895.0,150
Air India,Delhi,Cochin,DEL ? MAA ? COK,09:25 25 Jun,No info,7480,24,6,0,0,0,1040.0,965
Air India,Kolkata,Banglore,CCU ? BBI ? BOM ? BLR,11:10 07 May,No info,10676,6,5,0,0,0,720.0,1390
IndiGo,Banglore,Delhi,BLR ? DEL,08:50,No info,4423,21,4,6,0,0,365.0,165
IndiGo,Delhi,Cochin,DEL ? BOM ? COK,15:30,No info,9709,21,3,3,0,0,550.0,380
Multiple carriers,Delhi,Cochin,DEL ? BOM ? COK,01:30 28 Jun,No info,7198,27,6,3,0,0,600.0,930
Multiple carriers,Delhi,Cochin,DEL ? BOM ? COK,19:15,No info,14848,6,6,3,0,0,425.0,730
SpiceJet,Mumbai,Hyderabad,BOM ? HYD,07:15,No check-in baggage included,1965,12,5,6,0,0,345.0,90
Jet Airways,Banglore,New Delhi,BLR ? BOM ? DEL,18:25,In-flight meal not included,9134,15,3,4,0,0,480.0,625
Multiple carriers,Delhi,Cochin,DEL ? BOM ? COK,01:30 22 May,No info,7485,21,5,1,0,0,770.0,760
IndiGo,Delhi,Cochin,DEL ? HYD ? COK,16:10,No info,6442,12,6,2,0,0,455.0,515
Jet Airways,Delhi,Cochin,DEL ? JDH ? BOM ? COK,19:00,In-flight meal not included,15812,3,6,0,0,0,700.0,440
Air India,Delhi,Cochin,DEL ? HYD ? MAA ? COK,09:25 10 Jun,No info,11185,9,6,6,0,0,585.0,1420
IndiGo,Mumbai,Hyderabad,BOM ? HYD,13:25,No info,3175,15,3,4,0,0,720.0,85
Vistara,Kolkata,Banglore,CCU ? DEL ? BLR,22:40,No info,8452,21,5,1,0,0,430.0,930
Jet Airways,Delhi,Cochin,DEL ? BOM ? COK,12:35 16 Jun,In-flight meal not included,10262,15,6,5,0,0,1185.0,1010
Air India,Banglore,Delhi,BLR ? DEL,23:55,No info,5228,21,5,1,0,0,1265.0,170
Jet Airways,Kolkata,Banglore,CCU ? DEL ? BLR,14:25 10 May,In-flight meal not included,9314,9,5,3,0,0,1225.0,1080
Jet Airways,Delhi,Cochin,DEL ? JDH ? BOM ? COK,19:00,In-flight meal not included,15812,1,6,5,0,0,700.0,440
Jet Airways,Kolkata,Banglore,CCU ? DEL ? BLR,10:55 13 May,No info,14151,12,5,6,0,0,1020.0,1075
SpiceJet,Banglore,Delhi,BLR ? DEL,12:20,No info,3625,24,5,4,0,0,570.0,170
Air India,Delhi,Cochin,DEL ? AMD ? BOM ? COK,19:15 04 Mar,No info,10283,3,3,6,0,0,300.0,2295
Jet Airways,Delhi,Cochin,DEL ? BOM ? COK,19:00,In-flight meal not included,10262,1,6,5,0,0,135.0,1005
Jet Airways,Kolkata,Banglore,CCU ? BOM ? BLR,18:15,In-flight meal not included,10844,21,5,1,0,0,505.0,590
Jet Airways,Kolkata,Banglore,CCU ? DEL ? BLR,23:35,In-flight meal not included,12384,1,5,2,0,0,1020.0,395
Jet Airways,Delhi,Cochin,DEL ? BOM ? COK,12:35 10 Apr,No info,11822,9,4,1,0,0,1370.0,825
Vistara,Banglore,New Delhi,BLR ? AMD ? DEL,10:25 13 Mar,No info,10008,9,3,5,0,0,400.0,1665
IndiGo,Delhi,Cochin,DEL ? HYD ? COK,22:30,No info,7640,18,5,5,0,0,970.0,380
Jet Airways,Kolkata,Banglore,CCU ? BOM ? BLR,19:50,No info,14781,1,5,2,0,0,845.0,345
SpiceJet,Banglore,New Delhi,BLR ? DEL,12:30,No info,4377,24,3,6,0,0,575.0,175
IndiGo,Delhi,Cochin,DEL ? HYD ? COK,12:10,No info,5298,15,6,5,0,0,410.0,320
IndiGo,Mumbai,Hyderabad,BOM ? HYD,21:35,No info,2227,24,3,6,0,0,1205.0,90
Multiple carriers,Delhi,Cochin,DEL ? BOM ? COK,19:00,No info,10407,27,5,0,0,0,420.0,720
Jet Airways,Delhi,Cochin,DEL ? IDR ? BOM ? COK,12:35 28 Jun,In-flight meal not included,11507,27,6,3,0,0,1285.0,910
IndiGo,Delhi,Cochin,DEL ? BOM ? COK,01:30 10 Jun,No info,5458,9,6,6,0,0,1225.0,305
IndiGo,Banglore,Delhi,BLR ? DEL,02:20 13 Jun,No info,3943,12,6,2,0,0,1410.0,170
Jet Airways,Delhi,Cochin,DEL ? BOM ? COK,18:50,No info,18550,3,3,6,0,0,690.0,440
Vistara,Kolkata,Banglore,CCU ? DEL ? BLR,10:45 10 Jun,No info,9397,9,6,6,0,0,1220.0,865
SpiceJet,Kolkata,Banglore,CCU ? BLR,09:30,No check-in baggage included,3841,21,5,1,0,0,415.0,155
Jet Airways,Banglore,Delhi,BLR ? DEL,10:10,No info,7229,27,4,5,0,0,430.0,180
IndiGo,Banglore,Delhi,BLR ? DEL,21:50,No info,4823,18,6,1,0,0,1135.0,175
Jet Airways,Kolkata,Banglore,CCU ? BOM ? BLR,20:45 10 Jun,In-flight meal not included,10844,9,6,6,0,0,1135.0,1550
Air India,Delhi,Cochin,DEL ? BLR ? COK,23:00,No info,7174,9,5,3,0,0,370.0,1010
IndiGo,Kolkata,Banglore,CCU ? BLR,17:45,No info,6985,3,3,6,0,0,910.0,155
Jet Airways,Delhi,Cochin,DEL ? IDR ? BOM ? COK,19:45 28 Mar,No info,11664,27,3,2,0,0,325.0,2300
Multiple carriers,Delhi,Cochin,DEL ? BOM ? COK,21:00,No info,8073,15,5,2,0,0,420.0,840
Air India,Delhi,Cochin,DEL ? HYD ? MAA ? COK,09:25 13 Jun,No info,9417,12,6,2,0,0,1035.0,970
Air India,Delhi,Cochin,DEL ? BOM ? COK,19:15,No info,8372,27,6,3,0,0,480.0,675
Multiple carriers,Delhi,Cochin,DEL ? BOM ? COK,19:15,No info,14408,9,3,5,0,0,360.0,795
Jet Airways,Mumbai,Hyderabad,BOM ? HYD,21:05,No info,5678,24,5,4,0,0,1175.0,90
IndiGo,Banglore,New Delhi,BLR ? DEL,15:50,No info,5694,21,3,3,0,0,780.0,170
Jet Airways,Kolkata,Banglore,CCU ? BOM ? BLR,04:40 13 May,In-flight meal not included,8586,12,5,6,0,0,1270.0,450
Jet Airways,Banglore,New Delhi,BLR ? BOM ? DEL,08:15 16 Mar,In-flight meal not included,11087,18,3,0,0,0,1370.0,565
IndiGo,Banglore,Delhi,BLR ? DEL,19:55,No info,4823,27,4,5,0,0,1015.0,180
SpiceJet,Delhi,Cochin,DEL ? MAA ? COK,11:20,No info,5583,3,6,0,0,0,365.0,315
Jet Airways,Delhi,Cochin,DEL ? BDQ ? BOM ? COK,18:50 22 Mar,No info,11869,21,3,3,0,0,1105.0,1465
IndiGo,Banglore,Delhi,BLR ? DEL,19:55,No info,4823,24,6,0,0,0,1015.0,180
Jet Airways,Delhi,Cochin,DEL ? BOM ? COK,12:35,In-flight meal not included,12373,9,5,3,0,0,425.0,330
Multiple carriers,Delhi,Cochin,DEL ? BOM ? COK,19:15,In-flight meal not included,7268,24,6,0,0,0,620.0,535
Jet Airways,Banglore,New Delhi,BLR ? BOM ? DEL,11:25 07 Mar,No info,17261,6,3,2,0,0,1015.0,1110
Jet Airways,Delhi,Cochin,DEL ? JAI ? BOM ? COK,04:25 16 Jun,In-flight meal not included,10368,15,6,5,0,0,330.0,1375
IndiGo,Chennai,Kolkata,MAA ? CCU,15:35,No info,3384,27,3,2,0,0,800.0,135
SpiceJet,Kolkata,Banglore,CCU ? BLR,11:30,No info,3847,27,3,2,0,0,540.0,150
IndiGo,Delhi,Cochin,DEL ? BOM ? COK,21:00,No info,6093,3,6,0,0,0,635.0,625
Air India,Delhi,Cochin,DEL ? HYD ? BOM ? COK,07:40 28 Jun,No info,13547,27,6,3,0,0,795.0,1105
Air Asia,Banglore,Delhi,BLR ? DEL,02:45 07 Jun,No info,7120,6,6,3,0,0,1435.0,170
Jet Airways Business,Delhi,Cochin,DEL ? ATQ ? BOM ? COK,04:25 04 Mar,No info,46490,3,3,6,0,0,1205.0,500
Jet Airways,Delhi,Cochin,DEL ? IDR ? BOM ? COK,12:35 28 May,In-flight meal not included,12872,27,5,0,0,0,575.0,1620
IndiGo,Kolkata,Banglore,CCU ? BBI ? BLR,23:15,No info,4226,15,5,2,0,0,1175.0,220
Jet Airways,Kolkata,Banglore,CCU ? BOM ? BLR,09:20 25 May,In-flight meal not included,10844,24,5,4,0,0,1135.0,865
Vistara,Banglore,Delhi,BLR ? DEL,14:20,No info,4668,9,6,6,0,0,690.0,170
Multiple carriers,Delhi,Cochin,DEL ? BOM ? COK,13:20,No info,29528,1,3,4,0,0,20.0,780
SpiceJet,Chennai,Kolkata,MAA ? CCU,20:05,No info,6300,12,3,1,0,0,1065.0,140
Jet Airways,Delhi,Cochin,DEL ? LKO ? BOM ? COK,04:25 10 Jun,No info,13882,9,6,6,0,0,705.0,1000
Vistara,Banglore,Delhi,BLR ? DEL,09:40,No info,4668,24,5,4,0,0,420.0,160
IndiGo,Kolkata,Banglore,CCU ? BLR,19:50,No info,4174,1,4,0,0,0,1035.0,155
IndiGo,Mumbai,Hyderabad,BOM ? HYD,13:30,No info,2754,15,5,2,0,0,720.0,90
IndiGo,Mumbai,Hyderabad,BOM ? HYD,13:30,No info,2754,21,5,1,0,0,720.0,90
Vistara,Banglore,Delhi,BLR ? DEL,12:35,No info,4668,12,5,6,0,0,585.0,170
IndiGo,Kolkata,Banglore,CCU ? BLR,18:05,No info,4804,12,6,2,0,0,930.0,155
Air India,Delhi,Cochin,DEL ? AMD ? BOM ? COK,07:40 10 Jun,No info,10756,9,6,6,0,0,300.0,1600
Multiple carriers,Delhi,Cochin,DEL ? BOM ? COK,01:30 02 Jun,No info,7933,1,6,5,0,0,1080.0,450
SpiceJet,Chennai,Kolkata,MAA ? CCU,12:00,No check-in baggage included,3543,9,5,3,0,0,585.0,135
Jet Airways,Delhi,Cochin,DEL ? JAI ? BOM ? COK,04:25 22 May,In-flight meal not included,13029,21,5,1,0,0,580.0,1125
Jet Airways,Kolkata,Banglore,CCU ? BOM ? BLR,04:40 10 Jun,No info,13731,9,6,6,0,0,505.0,1215
IndiGo,Kolkata,Banglore,CCU ? BLR,00:05 28 Jun,No info,4804,27,6,3,0,0,1285.0,160
IndiGo,Kolkata,Banglore,CCU ? BLR,12:20,No info,4148,9,3,5,0,0,575.0,165
IndiGo,Delhi,Cochin,DEL ? MAA ? COK,07:25,No info,5164,1,4,0,0,0,120.0,325
Multiple carriers,Delhi,Cochin,DEL ? BOM ? COK,19:00,No info,12192,27,6,3,0,0,420.0,720
Multiple carriers,Delhi,Cochin,DEL ? BOM ? COK,21:00,No info,15078,6,3,2,0,0,540.0,720
IndiGo,Kolkata,Banglore,CCU ? HYD ? BLR,20:30,No info,4268,6,4,5,0,0,915.0,315
Jet Airways,Banglore,Delhi,BLR ? DEL,14:05,In-flight meal not included,5769,24,6,0,0,0,670.0,175
Jet Airways,Banglore,New Delhi,BLR ? BOM ? DEL,18:25,No info,26890,1,3,4,0,0,535.0,570
SpiceJet,Kolkata,Banglore,CCU ? BLR,19:45,No check-in baggage included,3815,15,3,4,0,0,1035.0,150
Jet Airways,Kolkata,Banglore,CCU ? BOM ? BLR,09:20 25 May,In-flight meal not included,9663,24,5,4,0,0,845.0,1155
IndiGo,Banglore,Delhi,BLR ? DEL,21:20,No info,4823,3,4,2,0,0,1105.0,175
IndiGo,Delhi,Cochin,DEL ? BOM ? COK,13:20,No info,13628,6,3,2,0,0,450.0,350
GoAir,Kolkata,Banglore,CCU ? BOM ? BLR,07:45 07 May,No info,7451,6,5,0,0,0,1410.0,495
Jet Airways,Banglore,Delhi,BLR ? DEL,10:10,No info,7229,1,4,0,0,0,430.0,180
Jet Airways,Delhi,Cochin,DEL ? JAI ? BOM ? COK,12:35 04 Jun,In-flight meal not included,10368,3,6,0,0,0,580.0,1615
IndiGo,Chennai,Kolkata,MAA ? CCU,14:00,No info,3858,1,6,5,0,0,695.0,145
Jet Airways,Kolkata,Banglore,CCU ? BOM ? BLR,10:05 22 May,In-flight meal not included,8586,21,5,1,0,0,1270.0,775
Jet Airways,Kolkata,Banglore,CCU ? BOM ? BLR,19:50,No info,14781,18,5,5,0,0,345.0,845
Air India,Delhi,Cochin,DEL ? HYD ? BOM ? COK,07:40 16 May,No info,13039,15,5,2,0,0,1035.0,865
Vistara,Banglore,Delhi,BLR ? DEL,23:50,No info,5613,21,6,4,0,0,1260.0,170
GoAir,Banglore,New Delhi,BLR ? DEL,14:35,No info,7305,9,3,5,0,0,700.0,175
Jet Airways,Delhi,Cochin,DEL ? BOM ? COK,04:25 25 Jun,In-flight meal not included,10262,24,6,0,0,0,1095.0,610
Air India,Mumbai,Hyderabad,BOM ? HYD,20:45,No info,15385,1,3,4,0,0,1170.0,75
Jet Airways,Kolkata,Banglore,CCU ? BOM ? BLR,16:20 25 Mar,In-flight meal not included,11134,24,3,6,0,0,1015.0,1405
Jet Airways,Banglore,Delhi,BLR ? DEL,22:00,No info,7229,12,4,4,0,0,1135.0,185
SpiceJet,Banglore,New Delhi,BLR ? DEL,23:20,No info,6860,3,3,6,0,0,1230.0,170
Jet Airways,Delhi,Cochin,DEL ? BOM ? COK,04:25 10 Mar,No info,15554,9,3,5,0,0,1185.0,520
Jet Airways,Kolkata,Banglore,CCU ? DEL ? BLR,21:05,In-flight meal not included,8066,1,4,0,0,0,575.0,690
IndiGo,Delhi,Cochin,DEL ? BLR ? COK,20:00,No info,6493,3,6,0,0,0,910.0,290
Air India,Banglore,New Delhi,BLR ? HYD ? VGA ? DEL,22:55 16 Mar,No info,8534,15,3,4,0,0,1020.0,1795
Jet Airways,Delhi,Cochin,DEL ? BHO ? BOM ? COK,12:35,In-flight meal not included,13344,6,6,3,0,0,330.0,425
Vistara,Mumbai,Hyderabad,BOM ? DEL ? HYD,09:25 07 Mar,No info,12395,6,3,2,0,0,880.0,1125
Air India,Delhi,Cochin,DEL ? JDH ? BOM ? COK,19:15 04 Jun,No info,12436,3,6,0,0,0,775.0,1820
IndiGo,Delhi,Cochin,DEL ? HYD ? COK,22:30,No info,6938,9,6,6,0,0,860.0,490
Air India,Kolkata,Banglore,CCU ? BLR,23:20,No info,4460,3,4,2,0,0,1245.0,155
SpiceJet,Kolkata,Banglore,CCU ? BLR,19:45,No info,6461,24,3,6,0,0,1035.0,150
GoAir,Delhi,Cochin,DEL ? BOM ? COK,19:35,No info,7870,12,6,2,0,0,865.0,310
Vistara,Mumbai,Hyderabad,BOM ? DEL ? HYD,22:55,No info,12395,6,3,2,0,0,715.0,660
Air India,Delhi,Cochin,DEL ? BOM ? COK,19:15,No info,8372,27,6,3,0,0,540.0,615
Jet Airways,Kolkata,Banglore,CCU ? BOM ? BLR,18:15 13 Jun,In-flight meal not included,8529,12,6,2,0,0,845.0,1690
Air Asia,Kolkata,Banglore,CCU ? BBI ? BLR,10:30,No info,6857,9,6,6,0,0,410.0,220
Vistara,Banglore,Delhi,BLR ? DEL,14:20,No info,4668,1,5,2,0,0,690.0,170
Air India,Mumbai,Hyderabad,BOM ? HYD,22:25,No info,3100,3,5,4,0,0,1265.0,80
SpiceJet,Banglore,Delhi,BLR ? DEL,12:20,No info,4991,27,4,5,0,0,570.0,170
IndiGo,Kolkata,Banglore,CCU ? BLR,17:45,No info,4804,6,5,0,0,0,915.0,150
Jet Airways,Kolkata,Banglore,CCU ? BOM ? BLR,20:40,In-flight meal not included,11134,24,3,6,0,0,505.0,735
Multiple carriers,Delhi,Cochin,DEL ? BOM ? COK,01:35 22 Mar,No info,7363,21,3,3,0,0,1020.0,515
IndiGo,Mumbai,Hyderabad,BOM ? HYD,21:40,No info,2227,1,4,0,0,0,1205.0,95
Jet Airways,Delhi,Cochin,DEL ? IDR ? BOM ? COK,12:35 22 May,No info,13559,21,5,1,0,0,575.0,1620
Multiple carriers,Delhi,Cochin,DEL ? HYD ? COK,22:30,No info,9646,9,6,6,0,0,585.0,765
IndiGo,Delhi,Cochin,DEL ? BOM ? COK,21:00,No info,6526,27,5,0,0,0,450.0,810
Jet Airways,Mumbai,Hyderabad,BOM ? HYD,10:15,No info,8040,24,6,0,0,0,525.0,90
Jet Airways,Delhi,Cochin,DEL ? JAI ? BOM ? COK,12:35 02 May,No info,15129,1,5,2,0,0,580.0,1615
IndiGo,Delhi,Cochin,DEL ? MAA ? COK,07:25,No info,5636,21,4,6,0,0,120.0,325
Jet Airways,Mumbai,Hyderabad,BOM ? HYD,04:20,No info,5678,15,6,5,0,0,175.0,85
Air India,Banglore,New Delhi,BLR ? GAU ? DEL,18:40 02 Mar,No info,17198,1,3,4,0,0,830.0,1730
Multiple carriers,Delhi,Cochin,DEL ? BOM ? COK,19:45,No info,16287,9,3,5,0,0,480.0,705
IndiGo,Delhi,Cochin,DEL ? LKO ? COK,10:10,No info,9476,9,3,5,0,0,335.0,275
Air India,Kolkata,Banglore,CCU ? BOM ? AMD ? BLR,05:25 10 Jun,No info,13007,9,6,6,0,0,565.0,1200
IndiGo,Delhi,Cochin,DEL ? HYD ? COK,22:30,No info,7514,27,5,0,0,0,455.0,895
IndiGo,Kolkata,Banglore,CCU ? BLR,17:45,No info,5618,6,3,2,0,0,910.0,155
SpiceJet,Chennai,Kolkata,MAA ? CCU,10:35,No info,3911,6,5,0,0,0,500.0,135
IndiGo,Banglore,Delhi,BLR ? DEL,22:50,No info,4823,18,5,5,0,0,1200.0,170
Air India,Kolkata,Banglore,CCU ? BOM ? COK ? BLR,13:45 10 Jun,No info,11752,9,6,6,0,0,565.0,1700
Jet Airways,Kolkata,Banglore,CCU ? BOM ? BLR,12:00 10 Jun,No info,14571,9,6,6,0,0,1200.0,960
Air India,Delhi,Cochin,DEL ? BOM ? COK,19:15 10 Jun,No info,8372,9,6,6,0,0,1200.0,1395
SpiceJet,Banglore,Delhi,BLR ? DEL,08:35,No info,3971,24,4,2,0,0,355.0,160
Jet Airways,Delhi,Cochin,DEL ? BOM ? COK,04:25 13 Jun,In-flight meal not included,10262,12,6,2,0,0,1370.0,335
IndiGo,Chennai,Kolkata,MAA ? CCU,15:35,No info,3597,6,5,0,0,0,795.0,140
Air India,Delhi,Cochin,DEL ? JDH ? BOM ? COK,19:15 10 Jun,No info,12436,9,6,6,0,0,775.0,1820
Jet Airways,Delhi,Cochin,DEL ? BOM ? COK,19:00,No info,14714,6,6,3,0,0,780.0,360
Jet Airways,Delhi,Cochin,DEL ? BOM ? COK,12:35 22 May,In-flight meal not included,12898,21,5,1,0,0,1185.0,1010
SpiceJet,Kolkata,Banglore,CCU ? IXB ? BLR,18:15,No info,12287,24,3,6,0,0,675.0,420
IndiGo,Delhi,Cochin,DEL ? LKO ? COK,03:35 22 May,No info,7189,21,5,1,0,0,1310.0,345
Air India,Banglore,Delhi,BLR ? DEL,19:50,No info,6961,21,5,1,0,0,1020.0,170
Air India,Kolkata,Banglore,CCU ? IXB ? DEL ? BLR,23:15 25 Mar,No info,15292,24,3,6,0,0,835.0,2000
Jet Airways,Delhi,Cochin,DEL ? JAI ? BOM ? COK,19:00,In-flight meal not included,10368,1,6,5,0,0,330.0,810
Jet Airways,Delhi,Cochin,DEL ? IDR ? BOM ? COK,19:00 07 Jun,No info,13292,6,6,3,0,0,1285.0,1295
Air India,Delhi,Cochin,DEL ? BLR ? COK,23:00,No info,9064,9,3,5,0,0,370.0,1010
Jet Airways,Kolkata,Banglore,CCU ? BOM ? BLR,09:20 19 May,No info,14388,18,5,5,0,0,1270.0,730
SpiceJet,Banglore,Delhi,BLR ? DEL,08:35,No info,4423,12,6,2,0,0,355.0,160
Air India,Delhi,Cochin,DEL ? HYD ? MAA ? COK,09:25 02 May,No info,8839,1,5,2,0,0,1035.0,970
Vistara,Kolkata,Banglore,CCU ? DEL ? BLR,23:25,No info,9870,24,5,4,0,0,1020.0,385
Jet Airways,Delhi,Cochin,DEL ? AMD ? BOM ? COK,19:00 28 Jun,No info,12819,27,6,3,0,0,1385.0,1195
Multiple carriers,Delhi,Cochin,DEL ? BOM ? COK,01:30 16 May,No info,7670,15,5,2,0,0,1140.0,390
Jet Airways,Kolkata,Banglore,CCU ? DEL ? BLR,10:55 10 May,In-flight meal not included,8066,9,5,3,0,0,1225.0,870
Air India,Mumbai,Hyderabad,BOM ? GOI ? PNQ ? HYD,16:55,No info,16697,6,3,2,0,0,305.0,710
IndiGo,Delhi,Cochin,DEL ? BOM ? COK,01:30 13 Jun,No info,5684,12,6,2,0,0,900.0,630
Multiple carriers,Delhi,Cochin,DEL ? BOM ? COK,19:00,No info,11200,1,6,5,0,0,685.0,455
Jet Airways,Kolkata,Banglore,CCU ? BOM ? BLR,20:40 25 Mar,No info,13759,24,3,6,0,0,1270.0,1410
IndiGo,Banglore,New Delhi,BLR ? DEL,15:50,No info,5694,24,3,6,0,0,780.0,170
Vistara,Banglore,New Delhi,BLR ? AMD ? DEL,10:25 02 Mar,No info,12371,1,3,4,0,0,400.0,1665
IndiGo,Delhi,Cochin,DEL ? BOM ? COK,01:30 10 Apr,No info,6573,9,4,1,0,0,960.0,570
GoAir,Delhi,Cochin,DEL ? AMD ? COK,13:20,No info,6393,6,3,2,0,0,360.0,440
IndiGo,Kolkata,Banglore,CCU ? BLR,14:05,No info,5224,6,6,3,0,0,690.0,155
Jet Airways,Banglore,Delhi,BLR ? DEL,20:45,In-flight meal not included,5198,9,5,3,0,0,1065.0,180
Jet Airways,Kolkata,Banglore,CCU ? BOM ? BLR,04:40 22 May,No info,13941,21,5,1,0,0,1270.0,450
SpiceJet,Chennai,Kolkata,MAA ? CCU,12:05,No info,6300,15,3,4,0,0,570.0,155
Jet Airways,Delhi,Cochin,DEL ? IDR ? BOM ? COK,12:35 25 Jun,No info,12609,24,6,0,0,0,575.0,1620
Multiple carriers,Delhi,Cochin,DEL ? BOM ? COK,21:00,No info,13587,3,6,0,0,0,540.0,720
Multiple carriers,Delhi,Cochin,DEL ? BOM ? COK,21:00,No info,13587,24,6,0,0,0,780.0,480
Jet Airways,Delhi,Cochin,DEL ? BOM ? COK,12:35 28 Jun,In-flight meal not included,10262,27,6,3,0,0,600.0,1595
Air India,Delhi,Cochin,DEL ? BOM ? COK,19:15,No info,16439,6,3,2,0,0,600.0,555
Jet Airways,Kolkata,Banglore,CCU ? BOM ? BLR,22:35,No info,14781,21,5,1,0,0,845.0,510
Jet Airways,Delhi,Cochin,DEL ? BOM ? COK,12:35 04 Jun,In-flight meal not included,10262,3,6,0,0,0,1185.0,1010
Jet Airways,Kolkata,Banglore,CCU ? BOM ? BLR,18:15 25 May,In-flight meal not included,10844,24,5,4,0,0,845.0,1690
IndiGo,Banglore,Delhi,BLR ? DEL,21:20,No info,4823,15,6,5,0,0,1105.0,175
Air India,Banglore,Delhi,BLR ? DEL,19:50,No info,5911,9,4,1,0,0,1020.0,170
Multiple carriers,Delhi,Cochin,DEL ? BOM ? COK,01:30 25 Jun,No info,13377,24,6,0,0,0,780.0,750
Multiple carriers,Delhi,Cochin,DEL ? HYD ? COK,22:20,No info,6145,27,3,2,0,0,430.0,910
SpiceJet,Mumbai,Hyderabad,BOM ? HYD,00:15 28 Jun,No check-in baggage included,1965,27,6,3,0,0,1365.0,90
IndiGo,Delhi,Cochin,DEL ? HYD ? COK,16:10,No info,6442,27,3,2,0,0,455.0,515
Jet Airways,Kolkata,Banglore,CCU ? BOM ? BLR,16:20 07 May,No info,13941,6,5,0,0,0,990.0,1430
Air India,Delhi,Cochin,DEL ? BLR ? COK,23:00,No info,13002,3,3,6,0,0,370.0,1010
Air India,Delhi,Cochin,DEL ? BLR ? COK,23:00,No info,8907,24,6,0,0,0,810.0,570
Jet Airways,Delhi,Cochin,DEL ? IDR ? BOM ? COK,12:35 28 May,No info,14657,27,5,0,0,0,575.0,1620
SpiceJet,Kolkata,Banglore,CCU ? BLR,00:40 07 May,No info,3873,6,5,0,0,0,1340.0,140
Jet Airways,Kolkata,Banglore,CCU ? BOM ? BLR,23:35,No info,14781,21,5,1,0,0,845.0,570
Air India,Banglore,Delhi,BLR ? DEL,23:55,No info,5228,18,6,1,0,0,1265.0,170
Air Asia,Banglore,New Delhi,BLR ? DEL,08:40,No info,7652,9,3,5,0,0,350.0,170
Jet Airways,Banglore,New Delhi,BLR ? DEL,11:15,No info,7229,24,3,6,0,0,500.0,175
IndiGo,Kolkata,Banglore,CCU ? MAA ? BLR,10:20,No info,4226,1,5,2,0,0,380.0,240
Jet Airways,Delhi,Cochin,DEL ? BOM ? COK,19:00 10 May,In-flight meal not included,12373,9,5,3,0,0,1255.0,1325
IndiGo,Banglore,New Delhi,BLR ? DEL,11:30,No info,6860,15,3,4,0,0,510.0,180
Jet Airways,Kolkata,Banglore,CCU ? BOM ? BLR,12:00 25 May,In-flight meal not included,10844,24,5,4,0,0,990.0,1170
Jet Airways,Delhi,Cochin,DEL ? BOM ? COK,12:35 19 May,In-flight meal not included,12373,18,5,5,0,0,900.0,1295
IndiGo,Banglore,New Delhi,BLR ? DEL,04:15,No info,4238,24,3,6,0,0,90.0,165
Jet Airways,Banglore,New Delhi,BLR ? BOM ? DEL,05:05 07 Mar,In-flight meal not included,13502,3,3,6,0,0,480.0,1265
Jet Airways,Kolkata,Banglore,CCU ? DEL ? BLR,23:35 07 May,No info,10953,6,5,0,0,0,1225.0,1630
Air Asia,Kolkata,Banglore,CCU ? BLR,01:20 22 Mar,No info,3782,21,3,3,0,0,1370.0,150
Jet Airways,Kolkata,Banglore,CCU ? BOM ? BLR,19:50,No info,14781,12,5,6,0,0,845.0,345
IndiGo,Kolkata,Banglore,CCU ? BLR,23:10,No info,4804,6,6,3,0,0,1225.0,165
SpiceJet,Banglore,New Delhi,BLR ? DEL,23:20,No info,6860,3,3,6,0,0,1230.0,170
Air India,Kolkata,Banglore,CCU ? BBI ? HYD ? BLR,04:40 25 May,No info,6117,24,5,4,0,0,550.0,1170
Jet Airways,Banglore,Delhi,BLR ? DEL,18:10,No info,8016,15,6,5,0,0,915.0,175
Vistara,Delhi,Cochin,DEL ? COK,09:10,No info,6216,21,6,4,0,0,360.0,190
Jet Airways,Banglore,Delhi,BLR ? DEL,08:45,No info,8016,12,6,2,0,0,360.0,165
Jet Airways,Banglore,New Delhi,BLR ? BOM ? DEL,10:25 16 Mar,In-flight meal not included,11087,18,3,0,0,0,1370.0,695
Jet Airways,Mumbai,Hyderabad,BOM ? HYD,08:30,No info,5678,18,5,5,0,0,425.0,85
Jet Airways,Banglore,Delhi,BLR ? DEL,14:05,No info,7229,9,5,3,0,0,670.0,175
IndiGo,Banglore,New Delhi,BLR ? DEL,10:05,No info,6860,3,3,6,0,0,430.0,175
Multiple carriers,Delhi,Cochin,DEL ? BOM ? COK,19:00,No info,10407,27,5,0,0,0,480.0,660
Multiple carriers,Delhi,Cochin,DEL ? BOM ? COK,21:00,No info,13797,24,6,0,0,0,425.0,835
Air India,Banglore,Delhi,BLR ? DEL,08:55,No info,6961,24,6,0,0,0,370.0,165
Jet Airways,Kolkata,Banglore,CCU ? DEL ? BLR,23:35,No info,10624,9,5,3,0,0,1020.0,395
Jet Airways,Delhi,Cochin,DEL ? ATQ ? BOM ? COK,04:25 16 Jun,No info,14300,15,6,5,0,0,735.0,970
SpiceJet,Chennai,Kolkata,MAA ? CCU,20:05,No info,5418,24,3,6,0,0,1065.0,140
Jet Airways,Delhi,Cochin,DEL ? JAI ? BOM ? COK,04:25 19 May,No info,15129,18,5,5,0,0,330.0,1375
SpiceJet,Chennai,Kolkata,MAA ? CCU,10:35,No check-in baggage included,3543,18,6,1,0,0,500.0,135
SpiceJet,Mumbai,Hyderabad,BOM ? HYD,14:45,No check-in baggage included,1965,21,6,4,0,0,795.0,90
Air Asia,Banglore,Delhi,BLR ? DEL,07:45,No info,4282,6,5,0,0,0,295.0,170
Air India,Kolkata,Banglore,CCU ? DEL ? VGA ? BLR,10:00 07 May,No info,14508,6,5,0,0,0,420.0,1620
Air Asia,Kolkata,Banglore,CCU ? BBI ? BLR,10:30,No info,5162,12,5,6,0,0,410.0,220
Jet Airways,Delhi,Cochin,DEL ? BOM ? COK,19:00 13 Jun,In-flight meal not included,10262,12,6,2,0,0,1155.0,1425
Multiple carriers,Delhi,Cochin,DEL ? BOM ? COK,19:45,No info,15237,9,3,5,0,0,420.0,765
Multiple carriers,Delhi,Cochin,DEL ? BOM ? COK,19:00,No info,12524,1,6,5,0,0,700.0,440
Jet Airways,Kolkata,Banglore,CCU ? BOM ? BLR,19:50 19 May,In-flight meal not included,10844,18,5,5,0,0,1135.0,1495
Air India,Banglore,New Delhi,BLR ? MAA ? DEL,13:00 19 Mar,No info,5092,21,3,3,0,0,710.0,1510
Multiple carriers,Delhi,Cochin,DEL ? BOM ? COK,19:15,No info,8309,18,5,5,0,0,555.0,600
GoAir,Delhi,Cochin,DEL ? AMD ? COK,13:20,No info,4106,9,4,1,0,0,445.0,355
Jet Airways,Kolkata,Banglore,CCU ? DEL ? BLR,10:55 10 Jun,No info,14151,9,6,6,0,0,575.0,1520
Jet Airways,Delhi,Cochin,DEL ? BOM ? COK,12:35,In-flight meal not included,5177,6,4,5,0,0,135.0,620
Jet Airways,Kolkata,Banglore,CCU ? BOM ? BLR,20:45,In-flight meal not included,10844,21,5,1,0,0,845.0,400
IndiGo,Banglore,Delhi,BLR ? DEL,19:55,No info,4823,18,5,5,0,0,1015.0,180
Jet Airways,Delhi,Cochin,DEL ? BOM ? COK,19:00 10 Jun,In-flight meal not included,10262,9,6,6,0,0,1050.0,1530
Air India,Delhi,Cochin,DEL ? CCU ? BOM ? COK,19:15 22 May,No info,13381,21,5,1,0,0,1215.0,1380
IndiGo,Chennai,Kolkata,MAA ? CCU,14:00,No info,4332,1,5,2,0,0,695.0,145
Jet Airways,Banglore,New Delhi,BLR ? BOM ? DEL,18:25,No info,26890,1,3,4,0,0,345.0,760
Air India,Delhi,Cochin,DEL ? GOI ? BOM ? COK,07:40 16 May,No info,12803,15,5,2,0,0,655.0,1245
Jet Airways,Kolkata,Banglore,CCU ? BOM ? BLR,16:20 13 Jun,In-flight meal not included,8529,12,6,2,0,0,845.0,1575
SpiceJet,Kolkata,Banglore,CCU ? BLR,11:25,No info,3873,3,4,2,0,0,540.0,145
Jet Airways,Kolkata,Banglore,CCU ? BOM ? BLR,16:20,In-flight meal not included,10844,6,6,3,0,0,505.0,475
Jet Airways,Banglore,Delhi,BLR ? DEL,22:50,In-flight meal not included,6144,3,5,4,0,0,1190.0,180
Jet Airways,Banglore,Delhi,BLR ? DEL,14:05,No info,7229,1,5,2,0,0,670.0,175
Jet Airways,Delhi,Cochin,DEL ? BOM ? COK,18:50,No info,12767,21,3,3,0,0,425.0,705
Jet Airways,Banglore,Delhi,BLR ? DEL,18:10,No info,7229,6,5,0,0,0,915.0,175
Multiple carriers,Delhi,Cochin,DEL ? BOM ? COK,19:15,No info,7354,12,6,2,0,0,685.0,470
IndiGo,Mumbai,Hyderabad,BOM ? HYD,10:40,No info,4049,21,5,1,0,0,550.0,90
Multiple carriers,Delhi,Cochin,DEL ? BOM ? COK,01:30 28 May,No info,13377,27,5,0,0,0,690.0,840
IndiGo,Banglore,New Delhi,BLR ? DEL,13:00,No info,6144,15,3,4,0,0,610.0,170
Multiple carriers,Delhi,Cochin,DEL ? BOM ? COK,19:15,No info,8266,15,5,2,0,0,360.0,795
Air India,Delhi,Cochin,DEL ? HYD ? MAA ? COK,09:25 16 May,No info,10975,15,5,2,0,0,425.0,1580
Multiple carriers,Delhi,Cochin,DEL ? BOM ? COK,19:00,No info,12192,15,6,5,0,0,420.0,720
Jet Airways,Delhi,Cochin,DEL ? IXC ? BOM ? COK,19:45 28 Mar,No info,12273,27,3,2,0,0,380.0,2245
Jet Airways,Banglore,New Delhi,BLR ? BOM ? DEL,00:45 02 Mar,No info,26890,1,3,4,0,0,845.0,640
Multiple carriers,Delhi,Cochin,DEL ? BOM ? COK,01:35 07 Mar,In-flight meal not included,15136,6,3,2,0,0,960.0,575
Jet Airways,Delhi,Cochin,DEL ? BOM ? COK,12:35,In-flight meal not included,10262,9,6,6,0,0,425.0,330
Jet Airways,Delhi,Cochin,DEL ? BOM ? COK,19:00 04 Jun,In-flight meal not included,10262,3,6,0,0,0,1050.0,1530
Jet Airways,Mumbai,Hyderabad,BOM ? HYD,17:20,In-flight meal not included,2228,24,3,6,0,0,950.0,90
IndiGo,Chennai,Kolkata,MAA ? CCU,21:55,No info,3597,27,6,3,0,0,1175.0,140
SpiceJet,Kolkata,Banglore,CCU ? BLR,09:30,No check-in baggage included,3841,15,5,2,0,0,415.0,155
Jet Airways,Kolkata,Banglore,CCU ? BOM ? BLR,23:35,In-flight meal not included,9899,12,6,2,0,0,990.0,425
Multiple carriers,Delhi,Cochin,DEL ? BOM ? COK,11:30,No info,13587,9,6,6,0,0,135.0,555
Air Asia,Kolkata,Banglore,CCU ? BLR,22:25,No info,4409,9,6,6,0,0,1195.0,150
IndiGo,Mumbai,Hyderabad,BOM ? HYD,22:50,No info,2227,6,5,0,0,0,1280.0,90
Air India,Mumbai,Hyderabad,BOM ? HYD,07:40,No info,4937,3,3,6,0,0,380.0,80
IndiGo,Kolkata,Banglore,CCU ? BOM ? BLR,11:20,No info,9319,24,3,6,0,0,335.0,345
Jet Airways,Kolkata,Banglore,CCU ? DEL ? BLR,18:00,No info,14151,12,5,6,0,0,575.0,505
Jet Airways,Delhi,Cochin,DEL ? BOM ? COK,19:00,No info,14714,9,6,6,0,0,780.0,360
Jet Airways,Banglore,Delhi,BLR ? DEL,20:45,No info,7229,3,5,4,0,0,1065.0,180
Vistara,Chennai,Kolkata,MAA ? CCU,20:05,No info,11982,3,5,4,0,0,1065.0,140
IndiGo,Banglore,Delhi,BLR ? DEL,21:20,No info,4990,12,4,4,0,0,1105.0,175
Multiple carriers,Delhi,Cochin,DEL ? BOM ? COK,19:00,No info,9103,21,5,1,0,0,635.0,505
SpiceJet,Chennai,Kolkata,MAA ? CCU,12:05,No info,6300,12,3,1,0,0,570.0,155
Jet Airways,Delhi,Cochin,DEL ? BHO ? BOM ? COK,12:35,No info,14441,24,6,0,0,0,330.0,425
Air India,Kolkata,Banglore,CCU ? BOM ? BLR,18:30,No info,8366,12,6,2,0,0,565.0,545
SpiceJet,Delhi,Cochin,DEL ? MAA ? COK,22:05,No info,7317,18,5,5,0,0,945.0,380
GoAir,Banglore,New Delhi,BLR ? DEL,10:40,No info,3898,24,3,6,0,0,465.0,175
Jet Airways,Delhi,Cochin,DEL ? BOM ? COK,19:00 02 Jun,No info,14714,1,6,5,0,0,1370.0,1210
SpiceJet,Kolkata,Banglore,CCU ? BLR,11:25,No check-in baggage included,3841,18,6,1,0,0,540.0,145
Multiple carriers,Delhi,Cochin,DEL ? BOM ? COK,19:15,No info,15373,1,5,2,0,0,540.0,615
Air India,Kolkata,Banglore,CCU ? JAI ? BOM ? BLR,11:10 10 May,No info,11222,9,5,3,0,0,500.0,1610
Multiple carriers,Delhi,Cochin,DEL ? BOM ? COK,19:15,No info,7155,24,6,0,0,0,295.0,860
Multiple carriers,Delhi,Cochin,DEL ? BOM ? COK,01:35 10 Mar,No info,15200,9,3,5,0,0,915.0,620
Jet Airways,Banglore,New Delhi,BLR ? BOM ? DEL,07:40 19 Mar,In-flight meal not included,7832,21,3,3,0,0,1120.0,780
IndiGo,Delhi,Cochin,DEL ? BOM ? COK,21:00,No info,6593,3,6,0,0,0,960.0,300
Air India,Kolkata,Banglore,CCU ? DEL ? COK ? TRV ? BLR,10:30 07 May,No info,13007,6,5,0,0,0,420.0,1650
Jet Airways,Delhi,Cochin,DEL ? BOM ? COK,18:50,In-flight meal not included,15400,6,3,2,0,0,595.0,535
Air India,Kolkata,Banglore,CCU ? MAA ? BLR,14:35 10 Jun,No info,6528,9,6,6,0,0,875.0,1440
Jet Airways,Delhi,Cochin,DEL ? JAI ? BOM ? COK,12:35 25 Jun,In-flight meal not included,10368,24,6,0,0,0,580.0,1615
IndiGo,Delhi,Cochin,DEL ? BOM ? COK,21:00,No info,6162,24,4,2,0,0,295.0,965
Jet Airways,Banglore,New Delhi,BLR ? BOM ? DEL,09:00 07 Mar,No info,17261,6,3,2,0,0,845.0,1135
Jet Airways,Kolkata,Banglore,CCU ? BOM ? BLR,20:45 02 Apr,In-flight meal not included,7064,1,4,0,0,0,990.0,1695
Jet Airways,Delhi,Cochin,DEL ? LKO ? BOM ? COK,12:35 10 Jun,No info,13882,9,6,6,0,0,705.0,1490
Vistara,Delhi,Cochin,DEL ? COK,17:50,No info,6216,3,6,0,0,0,880.0,190
Jet Airways,Delhi,Cochin,DEL ? JDH ? BOM ? COK,19:00,In-flight meal not included,19644,18,5,5,0,0,700.0,440
Jet Airways,Banglore,Delhi,BLR ? DEL,18:10,In-flight meal not included,4544,9,5,3,0,0,915.0,175
IndiGo,Chennai,Kolkata,MAA ? CCU,17:05,No info,3384,27,3,2,0,0,880.0,145
IndiGo,Kolkata,Banglore,CCU ? BLR,17:45,No info,4804,6,6,3,0,0,915.0,150
Jet Airways,Kolkata,Banglore,CCU ? BOM ? BLR,19:40 25 Mar,In-flight meal not included,10031,24,3,6,0,0,1185.0,1435
Jet Airways,Kolkata,Banglore,CCU ? BOM ? BLR,08:15 13 May,In-flight meal not included,8586,12,5,6,0,0,1270.0,665
Jet Airways,Banglore,New Delhi,BLR ? BOM ? DEL,13:15,In-flight meal not included,7832,21,3,3,0,0,420.0,375
Vistara,Kolkata,Banglore,CCU ? DEL ? BLR,09:05 25 May,No info,10027,24,5,4,0,0,1020.0,965
IndiGo,Mumbai,Hyderabad,BOM ? HYD,13:25,No info,2754,18,3,0,0,0,720.0,85
Jet Airways,Delhi,Cochin,DEL ? BOM ? COK,04:25 22 Mar,No info,12767,21,3,3,0,0,480.0,1225
GoAir,Kolkata,Banglore,CCU ? AMD ? BLR,00:15 10 May,No info,8777,9,5,3,0,0,1000.0,455
GoAir,Delhi,Cochin,DEL ? BOM ? COK,19:35,No info,7870,24,6,0,0,0,865.0,310
Air India,Kolkata,Banglore,CCU ? BBI ? BOM ? BLR,11:10 13 Jun,No info,9416,12,6,2,0,0,720.0,1390
SpiceJet,Mumbai,Hyderabad,BOM ? HYD,00:15 07 May,No check-in baggage included,2175,6,5,0,0,0,1365.0,90
Multiple carriers,Delhi,Cochin,DEL ? HYD ? COK,22:30,No info,9646,24,6,0,0,0,585.0,765
Jet Airways,Kolkata,Banglore,CCU ? BOM ? BLR,04:40 25 May,No info,13731,24,5,4,0,0,1200.0,520
Air India,Delhi,Cochin,DEL ? HYD ? BOM ? COK,19:15 07 Mar,No info,11552,6,3,2,0,0,425.0,2170
Air India,Banglore,New Delhi,BLR ? BOM ? BHO ? DEL,23:25 16 Mar,No info,10783,18,3,0,0,0,530.0,2315
Jet Airways,Kolkata,Banglore,CCU ? DEL ? BLR,14:25 02 May,No info,11467,1,5,2,0,0,1020.0,1285
Air India,Delhi,Cochin,DEL ? BOM ? COK,19:15,No info,8879,3,6,0,0,0,420.0,735
Multiple carriers,Delhi,Cochin,DEL ? BOM ? COK,01:30 07 Jun,No info,6795,6,6,3,0,0,770.0,760
IndiGo,Delhi,Cochin,DEL ? BOM ? COK,15:30,No info,14871,3,3,6,0,0,450.0,480
Multiple carriers,Delhi,Cochin,DEL ? IDR ? BOM ? COK,01:35 04 Mar,No info,34503,3,3,6,0,0,905.0,630
Air India,Delhi,Cochin,DEL ? HYD ? MAA ? COK,09:25 16 Jun,No info,10975,15,6,5,0,0,425.0,1580
Air India,Kolkata,Banglore,CCU ? GAU ? DEL ? BLR,23:15,No info,15170,24,5,4,0,0,590.0,805
Air India,Kolkata,Banglore,CCU ? MAA ? BLR,14:35 02 May,No info,7001,1,5,2,0,0,875.0,1440
Air India,Kolkata,Banglore,CCU ? BOM ? BLR,18:30,No info,8576,18,5,5,0,0,565.0,545
Jet Airways,Delhi,Cochin,DEL ? JAI ? BOM ? COK,04:25 10 May,No info,15129,9,5,3,0,0,1170.0,535
IndiGo,Banglore,Delhi,BLR ? DEL,11:20,No info,4823,9,4,1,0,0,510.0,170
Jet Airways,Kolkata,Banglore,CCU ? BOM ? BLR,19:50,In-flight meal not included,10844,21,5,1,0,0,390.0,800
Vistara,Kolkata,Banglore,CCU ? DEL ? BLR,20:20 10 Jun,No info,8085,9,6,6,0,0,1220.0,1440
Jet Airways,Delhi,Cochin,DEL ? UDR ? BOM ? COK,04:25 05 Mar,No info,20747,3,3,6,0,0,1100.0,2045
Air India,Kolkata,Banglore,CCU ? DEL ? BLR,08:55 07 May,No info,10203,6,5,0,0,0,1050.0,925
Jet Airways,Delhi,Cochin,DEL ? BOM ? COK,19:00 22 May,In-flight meal not included,12898,21,5,1,0,0,1185.0,1395
Jet Airways,Kolkata,Banglore,CCU ? BOM ? BLR,08:15 13 May,No info,13941,12,5,6,0,0,390.0,1545
IndiGo,Delhi,Cochin,DEL ? BOM ? COK,21:00,No info,7503,18,5,5,0,0,635.0,625
Jet Airways,Delhi,Cochin,DEL ? BOM ? COK,19:00,No info,14714,1,6,5,0,0,540.0,600
IndiGo,Delhi,Cochin,DEL ? HYD ? COK,12:10,No info,5054,24,6,0,0,0,455.0,275
GoAir,Banglore,New Delhi,BLR ? DEL,23:50,No info,8722,15,3,4,0,0,1255.0,175
Jet Airways,Kolkata,Banglore,CCU ? BOM ? BLR,10:05 07 May,In-flight meal not included,8586,6,5,0,0,0,390.0,1655
Air India,Banglore,Delhi,BLR ? DEL,23:55,No info,5228,9,6,6,0,0,1265.0,170
Air India,Mumbai,Hyderabad,BOM ? HYD,15:25,No info,3100,9,5,3,0,0,835.0,90
IndiGo,Delhi,Cochin,DEL ? COK,08:50,No info,6541,1,6,5,0,0,335.0,195
Multiple carriers,Delhi,Cochin,DEL ? BOM ? COK,19:15,No info,8266,21,5,1,0,0,620.0,535
IndiGo,Delhi,Cochin,DEL ? BOM ? COK,01:30 04 Jun,No info,6628,3,6,0,0,0,1115.0,415
Jet Airways,Kolkata,Banglore,CCU ? BOM ? BLR,04:40 22 May,In-flight meal not included,9663,21,5,1,0,0,990.0,730
Jet Airways,Kolkata,Banglore,CCU ? BOM ? BLR,22:35,In-flight meal not included,9899,12,6,2,0,0,990.0,365
IndiGo,Delhi,Cochin,DEL ? HYD ? MAA ? COK,21:20,No info,6223,27,3,2,0,0,295.0,985
IndiGo,Kolkata,Banglore,CCU ? HYD ? BLR,20:30,No info,5380,9,6,6,0,0,915.0,315
Multiple carriers,Delhi,Cochin,DEL ? BOM ? COK,21:00,No info,7740,6,6,3,0,0,450.0,810
Jet Airways,Kolkata,Banglore,CCU ? BOM ? BLR,19:50,In-flight meal not included,9899,12,6,2,0,0,390.0,800
Jet Airways,Banglore,Delhi,BLR ? DEL,14:05,In-flight meal not included,5198,18,5,5,0,0,670.0,175
Jet Airways,Delhi,Cochin,DEL ? IDR ? BOM ? COK,04:25 28 Mar,In-flight meal not included,9254,27,3,2,0,0,325.0,1380
Jet Airways,Kolkata,Banglore,CCU ? BOM ? BLR,10:05 19 May,No info,14388,18,5,5,0,0,845.0,1200
Vistara,Kolkata,Banglore,CCU ? DEL ? BLR,09:05 07 May,No info,8137,6,5,0,0,0,430.0,1555
Air India,Delhi,Cochin,DEL ? CCU ? BOM ? COK,19:15 10 May,No info,13591,9,5,3,0,0,1215.0,1380
SpiceJet,Kolkata,Banglore,CCU ? KNU ? BLR,18:50,No info,8479,12,5,6,0,0,695.0,435
Jet Airways,Kolkata,Banglore,CCU ? BOM ? BLR,18:15 16 May,In-flight meal not included,10844,15,5,2,0,0,1135.0,1400
Air India,Kolkata,Banglore,CCU ? DEL ? BLR,20:25 13 Jun,No info,10203,12,6,2,0,0,1050.0,1615
IndiGo,Delhi,Cochin,DEL ? HYD ? COK,22:30,No info,6938,12,6,2,0,0,860.0,490
Multiple carriers,Delhi,Cochin,DEL ? HYD ? COK,22:30,No info,9646,15,6,5,0,0,585.0,765
IndiGo,Delhi,Cochin,DEL ? BOM ? COK,21:00,No info,6593,1,6,5,0,0,960.0,300
Vistara Premium economy,Chennai,Kolkata,MAA ? CCU,09:20,No info,9125,1,3,4,0,0,425.0,135
Multiple carriers,Delhi,Cochin,DEL ? BOM ? COK,01:30 16 May,No info,7670,15,5,2,0,0,915.0,615
Air India,Kolkata,Banglore,CCU ? VNS ? DEL ? BLR,23:15,No info,15894,6,6,3,0,0,870.0,525
Jet Airways,Kolkata,Banglore,CCU ? GAU ? BLR,17:35,In-flight meal not included,5608,15,5,2,0,0,620.0,435
GoAir,Delhi,Cochin,DEL ? AMD ? COK,13:20,No info,5842,21,5,1,0,0,445.0,355
SpiceJet,Delhi,Cochin,DEL ? PNQ ? COK,13:15,No info,4466,27,3,2,0,0,525.0,270
IndiGo,Chennai,Kolkata,MAA ? CCU,15:35,No info,3597,24,6,0,0,0,795.0,140
Jet Airways,Banglore,New Delhi,BLR ? BOM ? DEL,23:00,No info,13555,18,3,0,0,0,700.0,680
Air India,Delhi,Cochin,DEL ? BOM ? COK,19:15,No info,10979,3,6,0,0,0,600.0,555
Jet Airways,Delhi,Cochin,DEL ? JAI ? BOM ? COK,19:00,No info,15129,18,5,5,0,0,330.0,810
Air India,Delhi,Cochin,DEL ? COK,17:10,No info,5674,21,3,3,0,0,850.0,180
Vistara,Banglore,Delhi,BLR ? DEL,12:35,No info,5613,27,4,5,0,0,585.0,170
SpiceJet,Kolkata,Banglore,CCU ? BLR,00:40 25 Mar,No check-in baggage included,5725,24,3,6,0,0,1340.0,140
IndiGo,Banglore,New Delhi,BLR ? DEL,19:45,No info,10067,9,3,5,0,0,1015.0,170
SpiceJet,Banglore,Delhi,BLR ? DEL,12:20,No check-in baggage included,4885,12,4,4,0,0,570.0,170
Air India,Delhi,Cochin,DEL ? MAA ? COK,09:25 10 Jun,No info,7690,9,6,6,0,0,365.0,1640
IndiGo,Delhi,Cochin,DEL ? BOM ? COK,01:35 04 Mar,No info,8258,3,3,6,0,0,1230.0,305
Multiple carriers,Delhi,Cochin,DEL ? BOM ? COK,21:00,No info,7408,12,6,2,0,0,420.0,840
Jet Airways,Kolkata,Banglore,CCU ? BOM ? BLR,20:45,In-flight meal not included,10844,24,5,4,0,0,505.0,740
Jet Airways,Delhi,Cochin,DEL ? MAA ? BOM ? COK,18:50 22 Mar,In-flight meal not included,8728,21,3,3,0,0,970.0,1600
IndiGo,Delhi,Cochin,DEL ? BOM ? COK,21:00,No info,5894,24,6,0,0,0,685.0,575
Air India,Kolkata,Banglore,CCU ? BLR,23:20,No info,4435,12,3,1,0,0,1245.0,155
Jet Airways,Mumbai,Hyderabad,BOM ? HYD,04:20,In-flight meal not included,4050,21,5,1,0,0,175.0,85
IndiGo,Kolkata,Banglore,CCU ? BLR,00:50 16 Apr,No info,4174,15,4,0,0,0,1335.0,155
Air India,Delhi,Cochin,DEL ? MAA ? COK,09:25 28 Mar,No info,5957,27,3,2,0,0,585.0,1420
Jet Airways,Kolkata,Banglore,CCU ? DEL ? BLR,21:05 10 Jun,No info,12692,9,6,6,0,0,1020.0,1685
IndiGo,Banglore,New Delhi,BLR ? DEL,19:45,No info,7303,24,3,6,0,0,1015.0,170
Air India,Kolkata,Banglore,CCU ? HYD ? BLR,11:05 02 May,No info,6117,1,5,2,0,0,1140.0,965
IndiGo,Delhi,Cochin,DEL ? COK,08:50,No info,6015,12,5,6,0,0,335.0,195
Air India,Kolkata,Banglore,CCU ? BOM ? GOI ? BLR,05:35 10 Jun,No info,11642,9,6,6,0,0,565.0,1210
Multiple carriers,Delhi,Cochin,DEL ? BOM ? COK,19:15,No info,7564,18,5,5,0,0,400.0,755
IndiGo,Banglore,Delhi,BLR ? DEL,19:55,No info,4823,24,4,2,0,0,1015.0,180
IndiGo,Delhi,Cochin,DEL ? HYD ? COK,16:10,No info,6442,27,6,3,0,0,305.0,665
Air India,Kolkata,Banglore,CCU ? HYD ? BLR,11:05 10 Jun,No info,6327,9,6,6,0,0,1140.0,965
Air India,Delhi,Cochin,DEL ? BLR ? COK,08:15 28 Mar,No info,7416,27,3,2,0,0,585.0,1350
Air India,Delhi,Cochin,DEL ? LKO ? BOM ? COK,07:40 28 May,No info,14588,27,5,0,0,0,430.0,1470
Multiple carriers,Delhi,Cochin,DEL ? BOM ? COK,01:30 13 Jun,No info,7198,12,6,2,0,0,600.0,930
Air India,Delhi,Cochin,DEL ? BOM ? COK,19:15,No info,8669,27,6,3,0,0,420.0,735
IndiGo,Delhi,Cochin,DEL ? BOM ? COK,21:00,No info,6093,9,6,6,0,0,400.0,860
Air India,Kolkata,Banglore,CCU ? VNS ? DEL ? BLR,12:30 10 May,No info,15107,9,5,3,0,0,870.0,1320
Air India,Delhi,Cochin,DEL ? BOM ? COK,07:40 19 May,No info,8372,18,5,5,0,0,540.0,1360
Jet Airways,Kolkata,Banglore,CCU ? BOM ? BLR,22:35,In-flight meal not included,7064,1,4,0,0,0,505.0,850
Vistara,Kolkata,Banglore,CCU ? DEL ? BLR,22:55,No info,12732,24,3,6,0,0,430.0,945
SpiceJet,Chennai,Kolkata,MAA ? CCU,20:05,No info,3597,27,6,3,0,0,1065.0,140
IndiGo,Banglore,New Delhi,BLR ? DEL,11:30,No info,7303,24,3,6,0,0,510.0,180
Air India,Kolkata,Banglore,CCU ? IXR ? DEL ? BLR,20:25,No info,10991,6,6,3,0,0,350.0,875
Air India,Banglore,New Delhi,BLR ? VGA ? DEL,11:20 13 Mar,No info,10321,9,3,5,0,0,630.0,1490
IndiGo,Banglore,Delhi,BLR ? DEL,15:50,No info,3943,6,6,3,0,0,780.0,170
IndiGo,Delhi,Cochin,DEL ? MAA ? COK,12:30,No info,5636,21,5,1,0,0,435.0,315
IndiGo,Kolkata,Banglore,CCU ? HYD ? BLR,20:05,No info,4268,9,4,1,0,0,915.0,290
Jet Airways,Delhi,Cochin,DEL ? JAI ? BOM ? COK,19:00,No info,13014,9,6,6,0,0,330.0,810
Multiple carriers,Delhi,Cochin,DEL ? BOM ? COK,21:00,No info,13727,9,5,3,0,0,540.0,720
IndiGo,Kolkata,Banglore,CCU ? BLR,17:45,No info,4174,9,4,1,0,0,915.0,150
Air India,Delhi,Cochin,DEL ? JAI ? BOM ? COK,19:15,No info,10493,27,3,2,0,0,720.0,435
IndiGo,Delhi,Cochin,DEL ? BOM ? COK,21:00,No info,6794,21,5,1,0,0,635.0,625
IndiGo,Kolkata,Banglore,CCU ? PNQ ? BLR,02:15 13 May,No info,7228,12,5,6,0,0,1260.0,315
Jet Airways,Banglore,New Delhi,BLR ? BOM ? DEL,18:25,No info,26890,1,3,4,0,0,420.0,685
Multiple carriers,Delhi,Cochin,DEL ? HYD ? COK,16:10,No info,7038,1,6,5,0,0,430.0,540
Jet Airways,Kolkata,Banglore,CCU ? BOM ? BLR,08:15 02 Apr,In-flight meal not included,7064,1,4,0,0,0,390.0,1545
Jet Airways,Kolkata,Banglore,CCU ? BOM ? BLR,23:25 25 Mar,In-flight meal not included,10031,24,3,6,0,0,1270.0,1575
Jet Airways,Kolkata,Banglore,CCU ? BOM ? BLR,04:40 07 May,In-flight meal not included,9663,6,5,0,0,0,1200.0,520
Air Asia,Banglore,Delhi,BLR ? DEL,02:45 02 May,No info,4483,1,5,2,0,0,1435.0,170
Jet Airways,Banglore,Delhi,BLR ? DEL,11:20,In-flight meal not included,5769,3,6,0,0,0,500.0,180
IndiGo,Kolkata,Banglore,CCU ? BLR,17:45,No info,4804,24,4,2,0,0,915.0,150
Air India,Kolkata,Banglore,CCU ? BLR,23:20,No info,4145,15,5,2,0,0,1245.0,155
Air India,Kolkata,Banglore,CCU ? BLR,23:20,No info,4880,18,5,5,0,0,1245.0,155
SpiceJet,Chennai,Kolkata,MAA ? CCU,12:00,No check-in baggage included,3543,6,6,3,0,0,585.0,135
Jet Airways,Banglore,New Delhi,BLR ? BOM ? DEL,21:20,1 Long layover,27992,1,3,4,0,0,535.0,745
IndiGo,Delhi,Cochin,DEL ? BOM ? COK,21:00,No info,7191,9,5,3,0,0,450.0,810
Vistara,Banglore,Delhi,BLR ? DEL,09:40,No info,5403,1,4,0,0,0,420.0,160
Jet Airways,Delhi,Cochin,DEL ? JDH ? BOM ? COK,19:00,In-flight meal not included,15812,9,6,6,0,0,700.0,440
Jet Airways,Banglore,Delhi,BLR ? DEL,22:50,In-flight meal not included,4544,9,4,1,0,0,1190.0,180
Air Asia,Delhi,Cochin,DEL ? BLR ? COK,22:25,No info,11410,3,6,0,0,0,1005.0,340
IndiGo,Chennai,Kolkata,MAA ? CCU,14:00,No info,4332,3,5,4,0,0,695.0,145
Jet Airways,Banglore,Delhi,BLR ? DEL,20:45,In-flight meal not included,4544,15,4,0,0,0,1065.0,180
IndiGo,Kolkata,Banglore,CCU ? MAA ? BLR,10:20,No info,4226,24,5,4,0,0,380.0,240
Air India,Kolkata,Banglore,CCU ? BLR,23:20,No info,4145,3,6,0,0,0,1245.0,155
Multiple carriers,Delhi,Cochin,DEL ? BOM ? COK,19:15,No info,14848,27,6,3,0,0,600.0,555
IndiGo,Banglore,Delhi,BLR ? DEL,03:25,No info,3419,3,4,2,0,0,30.0,175
Jet Airways,Banglore,New Delhi,BLR ? DEL,21:55,No info,7229,24,3,6,0,0,1135.0,180
SpiceJet,Delhi,Cochin,DEL ? PNQ ? COK,13:15,No info,5830,3,6,0,0,0,525.0,270
Jet Airways,Banglore,New Delhi,BLR ? BOM ? DEL,07:40 16 Mar,In-flight meal not included,10972,18,3,0,0,0,845.0,1055
Jet Airways,Kolkata,Banglore,CCU ? BOM ? BLR,08:10 25 Mar,No info,14231,24,3,6,0,0,1135.0,795
Jet Airways,Kolkata,Banglore,CCU ? BOM ? BLR,19:50 10 Jun,In-flight meal not included,10844,9,6,6,0,0,1135.0,1495
SpiceJet,Kolkata,Banglore,CCU ? IXB ? BLR,18:30,No info,11468,12,5,6,0,0,675.0,435
Air Asia,Kolkata,Banglore,CCU ? BLR,01:20 19 May,No info,4409,18,5,5,0,0,1370.0,150
Jet Airways,Delhi,Cochin,DEL ? NAG ? BOM ? COK,12:35 28 Jun,No info,13376,27,6,3,0,0,875.0,1320
IndiGo,Banglore,Delhi,BLR ? DEL,02:20 22 Jun,No info,4077,21,6,4,0,0,1410.0,170
Jet Airways,Kolkata,Banglore,CCU ? DEL ? BLR,21:05,No info,13067,9,5,3,0,0,575.0,690
IndiGo,Banglore,Delhi,BLR ? DEL,10:05,No info,4823,6,6,3,0,0,430.0,175
Multiple carriers,Delhi,Cochin,DEL ? BOM ? COK,19:15,In-flight meal not included,14817,9,3,5,0,0,410.0,745
IndiGo,Chennai,Kolkata,MAA ? CCU,10:15,No info,4326,24,3,6,0,0,475.0,140
Multiple carriers,Delhi,Cochin,DEL ? BOM ? COK,21:00,No info,15603,3,3,6,0,0,420.0,840
Air India,Kolkata,Banglore,CCU ? GAU ? DEL ? BLR,23:15 25 Mar,No info,13885,24,3,6,0,0,1005.0,1830
Jet Airways,Banglore,New Delhi,BLR ? BOM ? DEL,09:00 07 Mar,No info,17261,6,3,2,0,0,700.0,1280
Multiple carriers,Delhi,Cochin,DEL ? GWL ? IDR ? BOM ? COK,21:00,No info,15629,9,6,6,0,0,695.0,565
Air India,Kolkata,Banglore,CCU ? BBI ? HYD ? BLR,04:40 07 May,No info,6117,6,5,0,0,0,550.0,1170
Jet Airways,Delhi,Cochin,DEL ? AMD ? BOM ? COK,04:25 26 Jun,No info,12819,24,6,0,0,0,1385.0,1760
Multiple carriers,Delhi,Cochin,DEL ? BOM ? COK,01:30 28 May,No info,13377,27,5,0,0,0,1095.0,435
Jet Airways,Banglore,New Delhi,BLR ? BOM ? DEL,15:15,No info,26890,1,3,4,0,0,420.0,495
IndiGo,Banglore,Delhi,BLR ? DEL,03:25,No info,3419,15,5,2,0,0,30.0,175
Air India,Kolkata,Banglore,CCU ? GAU ? DEL ? BLR,23:15,No info,14960,15,5,2,0,0,590.0,805
Air India,Mumbai,Hyderabad,BOM ? HYD,20:45,No info,11185,3,3,6,0,0,1170.0,75
Air India,Delhi,Cochin,DEL ? BOM ? COK,19:15 28 May,No info,8372,27,5,0,0,0,1140.0,1455
Jet Airways,Delhi,Cochin,DEL ? BOM ? COK,12:35,In-flight meal not included,10262,6,6,3,0,0,135.0,620
Air India,Kolkata,Banglore,CCU ? BOM ? COK ? BLR,13:45 13 Jun,No info,11542,12,6,2,0,0,1010.0,1255
SpiceJet,Kolkata,Banglore,CCU ? MAA ? BLR,20:20,No info,4649,3,4,2,0,0,905.0,315
Jet Airways,Mumbai,Hyderabad,BOM ? HYD,21:10,No info,5678,9,3,5,0,0,1180.0,90
SpiceJet,Banglore,Delhi,BLR ? DEL,12:20,No info,3971,1,6,5,0,0,570.0,170
Multiple carriers,Delhi,Cochin,DEL ? HYD ? COK,16:10,No info,7878,3,6,0,0,0,430.0,540
Jet Airways,Delhi,Cochin,DEL ? JAI ? BOM ? COK,19:00,No info,13014,27,6,3,0,0,330.0,810
IndiGo,Banglore,Delhi,BLR ? DEL,08:50,No info,4423,1,5,2,0,0,365.0,165
Jet Airways,Delhi,Cochin,DEL ? BOM ? COK,04:25 02 Jun,In-flight meal not included,10262,1,6,5,0,0,840.0,865
Vistara,Banglore,Delhi,BLR ? DEL,12:35,No info,4668,27,5,0,0,0,585.0,170
Jet Airways,Kolkata,Banglore,CCU ? BOM ? BLR,18:15 22 May,In-flight meal not included,10844,21,5,1,0,0,1270.0,1265
Jet Airways,Delhi,Cochin,DEL ? JAI ? BOM ? COK,04:25 25 Jun,In-flight meal not included,10368,24,6,0,0,0,580.0,1125
IndiGo,Banglore,Delhi,BLR ? DEL,13:00,No info,4591,21,4,6,0,0,610.0,170
IndiGo,Delhi,Cochin,DEL ? BOM ? COK,01:30 07 May,No info,7191,6,5,0,0,0,1115.0,415
Multiple carriers,Delhi,Cochin,DEL ? BOM ? COK,12:35,No info,9794,18,5,5,0,0,360.0,395
IndiGo,Banglore,Delhi,BLR ? DEL,06:50,No info,3943,1,6,5,0,0,240.0,170
Jet Airways,Kolkata,Banglore,CCU ? BOM ? BLR,12:00,No info,13626,12,6,2,0,0,390.0,330
Jet Airways,Kolkata,Banglore,CCU ? BOM ? BLR,09:20 13 May,In-flight meal not included,9663,12,5,6,0,0,1200.0,800
Multiple carriers,Delhi,Cochin,DEL ? HYD ? COK,16:10,In-flight meal not included,6093,15,6,5,0,0,430.0,540
Jet Airways,Banglore,New Delhi,BLR ? BOM ? DEL,07:40 13 Mar,No info,11717,12,3,1,0,0,1285.0,615
Jet Airways,Kolkata,Banglore,CCU ? BOM ? BLR,09:20 19 May,No info,14781,18,5,5,0,0,1200.0,800
Jet Airways,Banglore,Delhi,BLR ? DEL,08:45,No info,7229,3,5,4,0,0,360.0,165
GoAir,Banglore,Delhi,BLR ? DEL,23:40,No info,3898,1,6,5,0,0,1255.0,165
Jet Airways,Delhi,Cochin,DEL ? BOM ? COK,12:35 04 Jun,No info,14714,3,6,0,0,0,1370.0,825
Multiple carriers,Delhi,Cochin,DEL ? BOM ? COK,21:00,No info,7005,27,5,0,0,0,700.0,560
IndiGo,Chennai,Kolkata,MAA ? CCU,17:05,No info,3597,15,6,5,0,0,885.0,140
SpiceJet,Kolkata,Banglore,CCU ? BLR,09:35,No check-in baggage included,4413,18,3,0,0,0,415.0,160
Multiple carriers,Delhi,Cochin,DEL ? BOM ? COK,19:15,No info,15353,6,3,2,0,0,620.0,535
IndiGo,Banglore,Delhi,BLR ? DEL,13:00,No info,3943,1,5,2,0,0,610.0,170
IndiGo,Chennai,Kolkata,MAA ? CCU,15:35,No info,6297,15,3,4,0,0,800.0,135
IndiGo,Banglore,New Delhi,BLR ? DEL,22:55,No info,6144,9,3,5,0,0,1200.0,175
Air India,Delhi,Cochin,DEL ? JAI ? BOM ? COK,19:15 22 May,No info,12257,21,5,1,0,0,1125.0,1470
Jet Airways,Delhi,Cochin,DEL ? AMD ? BOM ? COK,12:35 22 May,No info,15129,21,5,1,0,0,805.0,1390
Jet Airways,Delhi,Cochin,DEL ? JAI ? BOM ? COK,04:25 25 Jun,In-flight meal not included,10368,24,6,0,0,0,330.0,1375
Jet Airways,Delhi,Cochin,DEL ? JAI ? BOM ? COK,19:00,In-flight meal not included,13029,9,5,3,0,0,580.0,560
Air India,Kolkata,Banglore,CCU ? BBI ? BOM ? BLR,11:10 07 Jun,No info,9416,6,6,3,0,0,720.0,1390
Air India,Delhi,Cochin,DEL ? COK,21:10,No info,6934,3,6,0,0,0,1085.0,185
Jet Airways,Kolkata,Banglore,CCU ? DEL ? BLR,14:25 22 May,No info,11467,21,5,1,0,0,1225.0,1080
Multiple carriers,Delhi,Cochin,DEL ? BOM ? COK,01:30 04 Jun,No info,6795,3,6,0,0,0,915.0,615
IndiGo,Kolkata,Banglore,CCU ? BLR,17:55,No info,5198,27,3,2,0,0,920.0,155
Jet Airways,Delhi,Cochin,DEL ? BOM ? COK,18:50 10 Mar,In-flight meal not included,14053,9,3,5,0,0,1045.0,1525
Vistara,Kolkata,Banglore,CCU ? DEL ? BLR,23:25,No info,7927,1,4,0,0,0,430.0,975
IndiGo,Kolkata,Banglore,CCU ? BLR,12:55,No info,4462,18,3,0,0,0,610.0,165
GoAir,Banglore,Delhi,BLR ? DEL,10:40,No info,5048,27,4,5,0,0,465.0,175
Jet Airways,Kolkata,Banglore,CCU ? BOM ? BLR,23:35 25 May,In-flight meal not included,10844,24,5,4,0,0,1200.0,1655
Multiple carriers,Delhi,Cochin,DEL ? BOM ? COK,18:50,No info,15411,3,3,6,0,0,535.0,595
IndiGo,Kolkata,Banglore,CCU ? BLR,19:55,No info,4462,18,3,0,0,0,1035.0,160
Jet Airways,Mumbai,Hyderabad,BOM ? HYD,17:20,No info,5678,27,3,2,0,0,950.0,90
Jet Airways,Delhi,Cochin,DEL ? BOM ? COK,04:25 07 Mar,No info,15764,6,3,2,0,0,595.0,1110
Jet Airways,Delhi,Cochin,DEL ? BOM ? COK,19:45 07 Mar,No info,17024,6,3,2,0,0,1340.0,1285
Air India,Mumbai,Hyderabad,BOM ? HYD,07:40,No info,3100,18,6,1,0,0,380.0,80
Jet Airways,Banglore,Delhi,BLR ? DEL,22:00,No info,7229,1,5,2,0,0,1135.0,185
IndiGo,Kolkata,Banglore,CCU ? BLR,16:55,No info,4804,24,4,2,0,0,865.0,150
Jet Airways,Banglore,Delhi,BLR ? DEL,11:20,In-flight meal not included,5769,24,6,0,0,0,500.0,180
Air Asia,Kolkata,Banglore,CCU ? BLR,22:05,No info,4384,18,3,0,0,0,1175.0,150
Air India,Delhi,Cochin,DEL ? TRV ? COK,06:50 28 Jun,No info,6587,27,6,3,0,0,315.0,1535
Jet Airways,Banglore,New Delhi,BLR ? BOM ? DEL,19:10,In-flight meal not included,7832,21,3,3,0,0,345.0,805
Air India,Chennai,Kolkata,MAA ? CCU,13:55,No info,7082,15,3,4,0,0,700.0,135
SpiceJet,Chennai,Kolkata,MAA ? CCU,10:35,No info,6300,15,3,4,0,0,500.0,135
Jet Airways,Kolkata,Banglore,CCU ? BOM ? BLR,16:20,No info,14571,6,6,3,0,0,505.0,475
IndiGo,Banglore,Delhi,BLR ? DEL,15:50,No info,3943,27,6,3,0,0,780.0,170
Multiple carriers,Delhi,Cochin,DEL ? HYD ? COK,00:55 22 May,No info,6878,21,5,1,0,0,895.0,600
SpiceJet,Mumbai,Hyderabad,BOM ? HYD,07:15,No check-in baggage included,1965,1,4,0,0,0,345.0,90
Vistara,Kolkata,Banglore,CCU ? DEL ? BLR,10:45 22 May,No info,9187,21,5,1,0,0,1020.0,1065
Air India,Banglore,New Delhi,BLR ? DEL,23:55,No info,4441,24,3,6,0,0,1270.0,165
IndiGo,Banglore,New Delhi,BLR ? DEL,11:30,No info,10067,1,3,4,0,0,510.0,180
IndiGo,Delhi,Cochin,DEL ? BOM ? COK,01:30 28 Jun,No info,5054,27,6,3,0,0,1225.0,305
Multiple carriers,Delhi,Cochin,DEL ? BOM ? COK,21:00,No info,7005,6,6,3,0,0,360.0,900
Jet Airways,Kolkata,Banglore,CCU ? DEL ? BLR,21:05,No info,12121,15,5,2,0,0,575.0,690
IndiGo,Delhi,Cochin,DEL ? BLR ? COK,20:00,No info,5912,27,5,0,0,0,910.0,290
Air Asia,Kolkata,Banglore,CCU ? DEL ? BLR,19:25,No info,5192,1,4,0,0,0,455.0,710
IndiGo,Chennai,Kolkata,MAA ? CCU,15:35,No info,3597,9,6,6,0,0,795.0,140
Jet Airways,Banglore,New Delhi,BLR ? DEL,21:00,No info,8016,9,3,5,0,0,1100.0,160
Air India,Mumbai,Hyderabad,BOM ? HYD,16:25,No info,2050,15,3,4,0,0,900.0,85
SpiceJet,Banglore,New Delhi,BLR ? DEL,12:30,No check-in baggage included,4839,21,3,3,0,0,575.0,175
IndiGo,Mumbai,Hyderabad,BOM ? HYD,07:55,No info,4049,27,5,0,0,0,385.0,90
Vistara,Delhi,Cochin,DEL ? COK,09:10,No info,6216,18,6,1,0,0,360.0,190
SpiceJet,Kolkata,Banglore,CCU ? BLR,00:40 22 Jun,No check-in baggage included,3841,21,6,4,0,0,1340.0,140
SpiceJet,Kolkata,Banglore,CCU ? BLR,09:35,No check-in baggage included,3815,15,3,4,0,0,415.0,160
Air India,Banglore,Delhi,BLR ? DEL,19:45,No info,5176,3,4,2,0,0,1020.0,165
SpiceJet,Mumbai,Hyderabad,BOM ? HYD,00:15 10 May,No info,2017,9,5,3,0,0,1365.0,90
Vistara,Kolkata,Banglore,CCU ? DEL ? BLR,09:05 10 May,No info,9187,9,5,3,0,0,430.0,1555
Vistara,Banglore,New Delhi,BLR ? DEL,12:35,No info,11598,9,3,5,0,0,590.0,165
Jet Airways,Delhi,Cochin,DEL ? JAI ? BOM ? COK,12:35 02 Jun,No info,13014,1,6,5,0,0,1170.0,1025
Jet Airways,Delhi,Cochin,DEL ? BOM ? COK,12:35 02 Jun,In-flight meal not included,10262,1,6,5,0,0,1155.0,1040
Air India,Delhi,Cochin,DEL ? CCU ? BOM ? COK,19:15 10 Apr,No info,9916,9,4,1,0,0,1215.0,1380
Jet Airways,Kolkata,Banglore,CCU ? BOM ? BLR,12:00 25 Mar,No info,14231,24,3,6,0,0,1015.0,1145
Jet Airways,Banglore,Delhi,BLR ? DEL,14:05,In-flight meal not included,7229,15,6,5,0,0,670.0,175
IndiGo,Delhi,Cochin,DEL ? BOM ? COK,01:35 28 Mar,No info,6316,27,3,2,0,0,1030.0,505
Air Asia,Kolkata,Banglore,CCU ? BLR,12:55,No info,4384,9,3,5,0,0,620.0,155
Air India,Delhi,Cochin,DEL ? CCU ? BOM ? COK,19:15 13 Jun,No info,13381,12,6,2,0,0,1015.0,1580
IndiGo,Chennai,Kolkata,MAA ? CCU,14:00,No info,4332,12,5,6,0,0,695.0,145
Air India,Delhi,Cochin,DEL ? BLR ? COK,23:00,No info,8907,15,6,5,0,0,810.0,570
IndiGo,Kolkata,Banglore,CCU ? BLR,07:15,No info,4804,12,6,2,0,0,280.0,155
Air India,Delhi,Cochin,DEL ? BOM ? COK,07:40 07 Mar,No info,15407,6,3,2,0,0,420.0,1480
Jet Airways,Delhi,Cochin,DEL ? BOM ? COK,04:25 28 May,In-flight meal not included,12898,27,5,0,0,0,600.0,1105
Multiple carriers,Delhi,Cochin,DEL ? BOM ? COK,21:00,No info,6883,27,3,2,0,0,780.0,480
SpiceJet,Chennai,Kolkata,MAA ? CCU,20:05,No check-in baggage included,3543,3,5,4,0,0,1065.0,140
IndiGo,Banglore,Delhi,BLR ? DEL,04:15,No info,4284,6,5,0,0,0,90.0,165
IndiGo,Mumbai,Hyderabad,BOM ? HYD,22:50,No info,2437,3,5,4,0,0,1280.0,90
SpiceJet,Kolkata,Banglore,CCU ? BLR,00:40 19 Apr,No info,4174,18,4,3,0,0,1340.0,140
Jet Airways,Kolkata,Banglore,CCU ? BOM ? BLR,12:00 22 May,No info,14781,21,5,1,0,0,1200.0,960
Air India,Kolkata,Banglore,CCU ? GAU ? DEL ? BLR,08:55 22 May,No info,14960,21,5,1,0,0,1005.0,970
Jet Airways,Banglore,Delhi,BLR ? DEL,14:05,In-flight meal not included,5769,27,6,3,0,0,670.0,175
SpiceJet,Delhi,Cochin,DEL ? PNQ ? COK,13:15,No info,4812,24,4,2,0,0,525.0,270
Vistara,Kolkata,Banglore,CCU ? DEL ? BLR,23:25,No info,9345,18,5,5,0,0,430.0,975
IndiGo,Kolkata,Banglore,CCU ? BBI ? BLR,12:40,No info,4864,15,5,2,0,0,430.0,330
IndiGo,Chennai,Kolkata,MAA ? CCU,21:55,No info,7295,6,3,2,0,0,1175.0,140
Air India,Delhi,Cochin,DEL ? GOI ? BOM ? COK,19:15 13 Jun,No info,10231,12,6,2,0,0,1320.0,1275
Jet Airways,Delhi,Cochin,DEL ? BOM ? COK,19:00,No info,14714,1,6,5,0,0,840.0,300
Jet Airways,Delhi,Cochin,DEL ? BOM ? COK,19:45 28 Mar,No info,12032,27,3,2,0,0,1155.0,1470
Jet Airways,Banglore,Delhi,BLR ? DEL,18:10,In-flight meal not included,4544,15,4,0,0,0,915.0,175
Jet Airways,Kolkata,Banglore,CCU ? BOM ? BLR,18:15,In-flight meal not included,10844,15,5,2,0,0,390.0,705
Vistara,Banglore,New Delhi,BLR ? AMD ? DEL,12:35,No info,12476,3,3,6,0,0,400.0,355
Jet Airways,Banglore,New Delhi,BLR ? BOM ? DEL,23:00 13 Mar,In-flight meal not included,11087,12,3,1,0,0,1235.0,1585
Air India,Delhi,Cochin,DEL ? RPR ? NAG ? BOM ? COK,19:15 07 Jun,No info,10703,6,6,3,0,0,315.0,2280
IndiGo,Delhi,Cochin,DEL ? HYD ? COK,22:30,No info,6734,9,5,3,0,0,515.0,835
Jet Airways,Banglore,New Delhi,BLR ? BOM ? DEL,20:20,In-flight meal not included,7832,21,3,3,0,0,845.0,375
Air India,Kolkata,Banglore,CCU ? IXR ? DEL ? BLR,23:15,No info,11516,1,4,0,0,0,350.0,1045
IndiGo,Chennai,Kolkata,MAA ? CCU,10:15,No info,3850,18,3,0,0,0,475.0,140
Jet Airways,Delhi,Cochin,DEL ? JDH ? BOM ? COK,04:25 10 Mar,No info,17229,9,3,5,0,0,835.0,870
SpiceJet,Kolkata,Banglore,CCU ? BLR,00:40 28 Jun,No info,3873,27,6,3,0,0,1340.0,140
Jet Airways,Mumbai,Hyderabad,BOM ? HYD,08:30,In-flight meal not included,4160,3,4,2,0,0,425.0,85
Multiple carriers,Delhi,Cochin,DEL ? BOM ? COK,21:00,No info,7670,18,5,5,0,0,770.0,490
Jet Airways,Kolkata,Banglore,CCU ? BOM ? BLR,16:20,In-flight meal not included,10031,24,3,6,0,0,505.0,475
Jet Airways,Delhi,Cochin,DEL ? AMD ? BOM ? COK,12:35 28 Jun,In-flight meal not included,11150,27,6,3,0,0,805.0,1390
Jet Airways,Banglore,New Delhi,BLR ? BOM ? DEL,18:25,In-flight meal not included,9134,15,3,4,0,0,700.0,405
SpiceJet,Banglore,Delhi,BLR ? DEL,12:20,No info,4423,18,5,5,0,0,570.0,170
Air Asia,Kolkata,Banglore,CCU ? BLR,01:20 22 Jun,No info,3807,21,6,4,0,0,1370.0,150
Air India,Delhi,Cochin,DEL ? MAA ? COK,09:25 22 May,No info,7480,21,5,1,0,0,365.0,1640
IndiGo,Banglore,Delhi,BLR ? DEL,08:50,No info,4423,6,5,0,0,0,365.0,165
IndiGo,Banglore,Delhi,BLR ? DEL,19:55,No info,4823,18,6,1,0,0,1015.0,180
Vistara,Kolkata,Banglore,CCU ? DEL ? BLR,20:25 25 Mar,No info,12102,24,3,6,0,0,1020.0,1645
Multiple carriers,Delhi,Cochin,DEL ? BOM ? COK,19:15,In-flight meal not included,15342,6,3,2,0,0,540.0,615
Jet Airways,Kolkata,Banglore,CCU ? BOM ? BLR,22:35,In-flight meal not included,10844,6,5,0,0,0,990.0,365
Air India,Delhi,Cochin,DEL ? MAA ? COK,09:25 13 Jun,No info,7480,12,6,2,0,0,585.0,1420
Air India,Kolkata,Banglore,CCU ? HYD ? BLR,04:40 02 Apr,No info,4227,1,4,0,0,0,1140.0,580
Air India,Delhi,Cochin,DEL ? MAA ? COK,09:25 10 Jun,No info,7690,9,6,6,0,0,585.0,1420
SpiceJet,Kolkata,Banglore,CCU ? IXB ? BLR,21:25,No info,8224,18,5,5,0,0,955.0,330
Vistara,Banglore,Delhi,BLR ? DEL,22:15,No info,5823,18,4,3,0,0,1170.0,165
Jet Airways,Banglore,New Delhi,BLR ? BOM ? DEL,18:25,In-flight meal not included,9134,15,3,4,0,0,535.0,570
Jet Airways,Banglore,New Delhi,BLR ? BOM ? DEL,00:45 02 Mar,No info,26890,1,3,4,0,0,1015.0,470
Air India,Kolkata,Banglore,CCU ? BOM ? BLR,07:55 10 Jun,No info,8366,9,6,6,0,0,565.0,1350
Air India,Delhi,Cochin,DEL ? TRV ? COK,06:50 02 Jun,No info,7480,1,6,5,0,0,315.0,1535
Jet Airways,Kolkata,Banglore,CCU ? BOM ? BLR,22:35,No info,14781,12,5,6,0,0,990.0,365
Air India,Kolkata,Banglore,CCU ? GAU ? DEL ? BLR,23:15 25 Mar,No info,13990,24,3,6,0,0,355.0,2480
Air India,Delhi,Cochin,DEL ? HYD ? BOM ? COK,19:15 22 Mar,No info,8245,21,3,3,0,0,1035.0,1560
Jet Airways,Delhi,Cochin,DEL ? BOM ? COK,19:00,In-flight meal not included,10262,24,6,0,0,0,600.0,540
Jet Airways,Kolkata,Banglore,CCU ? BOM ? BLR,04:40 13 Jun,No info,12739,12,6,2,0,0,390.0,1330
Multiple carriers,Delhi,Cochin,DEL ? BOM ? COK,19:15,No info,7575,21,5,1,0,0,685.0,470
Air India,Banglore,New Delhi,BLR ? DEL,19:45,No info,11633,18,3,0,0,0,1020.0,165
Jet Airways,Delhi,Cochin,DEL ? JAI ? BOM ? COK,19:00,In-flight meal not included,10368,15,6,5,0,0,330.0,810
Jet Airways,Banglore,New Delhi,BLR ? BOM ? DEL,23:00,No info,13817,12,3,1,0,0,1015.0,365
Jet Airways,Kolkata,Banglore,CCU ? BOM ? BLR,22:35,No info,14231,24,3,6,0,0,835.0,520
Jet Airways,Banglore,New Delhi,BLR ? BOM ? DEL,23:00,In-flight meal not included,6992,21,3,3,0,0,700.0,680
Air India,Banglore,Delhi,BLR ? DEL,08:55,No info,6961,21,6,4,0,0,370.0,165
Jet Airways,Delhi,Cochin,DEL ? ATQ ? BOM ? COK,04:25 02 Jun,No info,16263,1,6,5,0,0,1200.0,505
Jet Airways,Delhi,Cochin,DEL ? BOM ? COK,12:35,No info,14714,27,6,3,0,0,425.0,330
Multiple carriers,Delhi,Cochin,DEL ? BOM ? COK,21:00,No info,7740,24,6,0,0,0,450.0,810
Jet Airways,Banglore,New Delhi,BLR ? BOM ? DEL,20:20,In-flight meal not included,11087,18,3,0,0,0,700.0,520
Multiple carriers,Delhi,Cochin,DEL ? BOM ? COK,15:30,No info,14486,21,3,3,0,0,480.0,450
IndiGo,Delhi,Cochin,DEL ? HYD ? COK,18:10,No info,6442,21,5,1,0,0,715.0,375
Air India,Kolkata,Banglore,CCU ? BBI ? BOM ? BLR,18:30 19 May,No info,10361,18,5,5,0,0,720.0,1830
Air Asia,Kolkata,Banglore,CCU ? DEL ? BLR,23:30,No info,5320,12,5,6,0,0,455.0,955
Jet Airways,Delhi,Cochin,DEL ? JAI ? BOM ? COK,12:35 16 Jun,In-flight meal not included,10368,15,6,5,0,0,580.0,1615
SpiceJet,Kolkata,Banglore,CCU ? BLR,19:40,No info,4174,15,5,2,0,0,1030.0,150
Air India,Delhi,Cochin,DEL ? BLR ? COK,08:15 22 May,No info,8151,21,5,1,0,0,1060.0,875
Jet Airways,Delhi,Cochin,DEL ? BOM ? COK,18:50 22 Mar,No info,12557,21,3,3,0,0,960.0,1610
Air India,Banglore,Delhi,BLR ? DEL,12:45,No info,6961,15,6,5,0,0,600.0,165
Air India,Banglore,Delhi,BLR ? DEL,23:55,No info,4441,9,4,1,0,0,1265.0,170
SpiceJet,Mumbai,Hyderabad,BOM ? HYD,00:10 16 Mar,No info,2753,15,3,4,0,0,1365.0,85
SpiceJet,Kolkata,Banglore,CCU ? BLR,00:40 07 Apr,No check-in baggage included,3841,6,4,5,0,0,1340.0,140
Air India,Delhi,Cochin,DEL ? BLR ? COK,23:00,No info,5022,6,4,5,0,0,370.0,1010
Air India,Delhi,Cochin,DEL ? COK,08:00,No info,5201,6,6,3,0,0,310.0,170
Air India,Delhi,Cochin,DEL ? COK,17:10,No info,6934,3,6,0,0,0,850.0,180
IndiGo,Kolkata,Banglore,CCU ? MAA ? BLR,22:15,No info,5699,1,4,0,0,0,1055.0,280
Vistara,Banglore,Delhi,BLR ? DEL,22:15,No info,5088,27,6,3,0,0,1170.0,165
Multiple carriers,Delhi,Cochin,DEL ? BOM ? COK,19:15,No info,8601,21,3,3,0,0,505.0,650
IndiGo,Kolkata,Banglore,CCU ? PAT ? BLR,14:15,No info,11319,15,5,2,0,0,560.0,295
IndiGo,Mumbai,Hyderabad,BOM ? HYD,22:45,No info,3838,9,3,5,0,0,1280.0,85
Jet Airways,Kolkata,Banglore,CCU ? BOM ? BLR,09:20 13 May,No info,14388,12,5,6,0,0,990.0,1010
Jet Airways,Delhi,Cochin,DEL ? IDR ? BOM ? COK,12:35 16 Jun,In-flight meal not included,10824,15,6,5,0,0,575.0,1620
Jet Airways,Delhi,Cochin,DEL ? BOM ? COK,19:00,In-flight meal not included,5177,6,4,5,0,0,780.0,360
Jet Airways,Delhi,Cochin,DEL ? BOM ? COK,19:00,No info,14714,27,6,3,0,0,690.0,450
Jet Airways,Kolkata,Banglore,CCU ? BOM ? BLR,19:50,No info,13626,12,6,2,0,0,505.0,685
Air India,Delhi,Cochin,DEL ? CCU ? BOM ? COK,07:40 25 Jun,No info,13381,24,6,0,0,0,410.0,1490
Air India,Delhi,Cochin,DEL ? LKO ? BOM ? COK,19:15 10 Mar,No info,18211,9,3,5,0,0,1110.0,1485
Multiple carriers,Delhi,Cochin,DEL ? HYD ? MAA ? COK,21:20,No info,6653,21,3,3,0,0,795.0,485
Jet Airways,Kolkata,Banglore,CCU ? BOM ? BLR,23:35,No info,14781,12,5,6,0,0,845.0,570
Air India,Kolkata,Banglore,CCU ? BOM ? COK ? BLR,01:20 07 May,No info,11458,6,5,0,0,0,565.0,955
Jet Airways,Kolkata,Banglore,CCU ? BOM ? BLR,19:50,In-flight meal not included,10844,9,6,6,0,0,390.0,800
IndiGo,Mumbai,Hyderabad,BOM ? HYD,04:05,No info,3342,24,5,4,0,0,155.0,90
Jet Airways,Delhi,Cochin,DEL ? BOM ? COK,12:35 25 Jun,In-flight meal not included,10262,24,6,0,0,0,1095.0,1100
IndiGo,Chennai,Kolkata,MAA ? CCU,00:25 25 Jun,No info,5277,24,6,0,0,0,1325.0,140
Air India,Banglore,New Delhi,BLR ? DEL,08:55,No info,4441,24,3,6,0,0,370.0,165
SpiceJet,Chennai,Kolkata,MAA ? CCU,10:35,No check-in baggage included,3543,3,5,4,0,0,500.0,135
Air India,Banglore,New Delhi,BLR ? BOM ? DEL,12:15,No info,13912,6,3,2,0,0,405.0,330
Multiple carriers,Delhi,Cochin,DEL ? BOM ? COK,19:00,No info,9315,27,5,0,0,0,400.0,740
Jet Airways,Delhi,Cochin,DEL ? BOM ? COK,04:25 02 Jun,In-flight meal not included,10262,1,6,5,0,0,1370.0,335
Air India,Delhi,Cochin,DEL ? HYD ? BOM ? COK,19:15 28 Jun,No info,12199,27,6,3,0,0,1035.0,1560
IndiGo,Chennai,Kolkata,MAA ? CCU,00:25 28 May,No info,5277,27,5,0,0,0,1325.0,140
Air India,Kolkata,Banglore,CCU ? BBI ? HYD ? BLR,04:40 13 Jun,No info,6117,12,6,2,0,0,550.0,1170
IndiGo,Banglore,New Delhi,BLR ? DEL,13:00,No info,5734,24,3,6,0,0,610.0,170
Air Asia,Delhi,Cochin,DEL ? BLR ? COK,07:10 07 Mar,No info,8627,6,3,2,0,0,1210.0,660
Multiple carriers,Delhi,Cochin,DEL ? BOM ? COK,01:30 16 Jun,No info,6795,15,6,5,0,0,700.0,830
IndiGo,Delhi,Cochin,DEL ? COK,17:40,No info,5601,21,5,1,0,0,865.0,195
Jet Airways,Banglore,Delhi,BLR ? DEL,20:45,No info,7229,21,4,6,0,0,1065.0,180
IndiGo,Delhi,Cochin,DEL ? BOM ? COK,01:30 10 May,No info,8330,9,5,3,0,0,900.0,630
IndiGo,Banglore,Delhi,BLR ? DEL,11:20,No info,4823,3,5,4,0,0,510.0,170
Jet Airways,Kolkata,Banglore,CCU ? BOM ? BLR,22:35 25 Mar,No info,13759,24,3,6,0,0,1185.0,1610
Air India,Delhi,Cochin,DEL ? AMD ? BOM ? COK,07:40 13 Jun,No info,10231,12,6,2,0,0,300.0,1600
Jet Airways,Delhi,Cochin,DEL ? BOM ? COK,19:00 28 May,In-flight meal not included,12898,27,5,0,0,0,1155.0,1425
Jet Airways,Banglore,New Delhi,BLR ? BOM ? DEL,10:25,No info,19225,6,3,2,0,0,345.0,280
Jet Airways,Mumbai,Hyderabad,BOM ? HYD,08:30,In-flight meal not included,4995,27,5,0,0,0,425.0,85
IndiGo,Delhi,Cochin,DEL ? HYD ? COK,12:10,No info,5298,12,6,2,0,0,410.0,320
Jet Airways,Delhi,Cochin,DEL ? IDR ? BOM ? COK,18:50 22 Mar,In-flight meal not included,9254,21,3,3,0,0,620.0,1950
Jet Airways,Delhi,Cochin,DEL ? BOM ? COK,19:00,In-flight meal not included,5177,6,4,5,0,0,840.0,300
Vistara,Kolkata,Banglore,CCU ? DEL ? BLR,23:25 22 May,No info,9345,21,5,1,0,0,1220.0,1625
Jet Airways,Kolkata,Banglore,CCU ? BOM ? BLR,16:20,In-flight meal not included,10844,6,5,0,0,0,505.0,475
Air India,Delhi,Cochin,DEL ? NAG ? BOM ? COK,07:40 04 Mar,No info,15428,3,3,6,0,0,355.0,1545
IndiGo,Delhi,Cochin,DEL ? BOM ? COK,21:00,No info,7255,21,5,1,0,0,960.0,300
Jet Airways,Delhi,Cochin,DEL ? BOM ? COK,12:35 22 May,In-flight meal not included,12898,21,5,1,0,0,540.0,1655
IndiGo,Banglore,New Delhi,BLR ? IDR ? DEL,18:35,No info,8707,1,3,4,0,0,820.0,295
Jet Airways,Delhi,Cochin,DEL ? BOM ? COK,12:35 04 Jun,In-flight meal not included,10262,3,6,0,0,0,1095.0,1100
Jet Airways,Kolkata,Banglore,CCU ? DEL ? BLR,10:55 07 May,No info,13067,6,5,0,0,0,1225.0,870
Jet Airways,Delhi,Cochin,DEL ? BOM ? COK,19:00 07 Jun,In-flight meal not included,10262,6,6,3,0,0,1185.0,1395
Air India,Kolkata,Banglore,CCU ? BLR,23:20,No info,4460,9,4,1,0,0,1245.0,155
Jet Airways,Kolkata,Banglore,CCU ? BOM ? BLR,23:35,No info,14571,24,5,4,0,0,845.0,570
Air India,Delhi,Cochin,DEL ? AMD ? BOM ? COK,19:15 10 Jun,No info,10178,9,6,6,0,0,1185.0,1410
SpiceJet,Chennai,Kolkata,MAA ? CCU,20:05,No info,7718,1,3,4,0,0,1065.0,140
Jet Airways,Delhi,Cochin,DEL ? BOM ? COK,12:35,No info,16376,21,5,1,0,0,135.0,620
Jet Airways,Mumbai,Hyderabad,BOM ? HYD,21:05,No info,5678,6,6,3,0,0,1175.0,90
Multiple carriers,Delhi,Cochin,DEL ? BOM ? COK,19:00,No info,9103,9,5,3,0,0,635.0,505
Jet Airways,Delhi,Cochin,DEL ? BOM ? COK,04:25 07 Jun,No info,14714,6,6,3,0,0,780.0,925
SpiceJet,Delhi,Cochin,DEL ? MAA ? COK,22:05,No info,5583,24,6,0,0,0,945.0,380
IndiGo,Banglore,Delhi,BLR ? DEL,21:50,No info,4823,24,4,2,0,0,1135.0,175
Jet Airways,Banglore,Delhi,BLR ? DEL,22:00,In-flight meal not included,4544,15,4,0,0,0,1135.0,185
Air Asia,Delhi,Cochin,DEL ? BLR ? COK,13:25,No info,8759,18,5,5,0,0,475.0,330
Air Asia,Delhi,Cochin,DEL ? BLR ? COK,13:25,No info,6152,24,6,0,0,0,475.0,330
Jet Airways,Banglore,New Delhi,BLR ? BOM ? DEL,10:25 16 Mar,In-flight meal not included,11087,18,3,0,0,0,700.0,1365
Air India,Kolkata,Banglore,CCU ? JAI ? DEL ? BLR,20:25,No info,11432,6,6,3,0,0,500.0,725
SpiceJet,Kolkata,Banglore,CCU ? BLR,19:45,No check-in baggage included,3815,27,3,2,0,0,1035.0,150
Vistara,Kolkata,Banglore,CCU ? DEL ? BLR,09:05 02 Apr,No info,8662,1,4,0,0,0,1020.0,965
Jet Airways,Banglore,New Delhi,BLR ? BOM ? DEL,11:25 07 Mar,No info,17261,6,3,2,0,0,700.0,1425
IndiGo,Kolkata,Banglore,CCU ? MAA ? BLR,00:10 10 Apr,No info,4860,9,4,1,0,0,1175.0,275
Air India,Delhi,Cochin,DEL ? HYD ? BOM ? COK,19:15 04 Mar,No info,13442,3,3,6,0,0,1035.0,1560
Vistara,Mumbai,Hyderabad,BOM ? DEL ? HYD,22:55,No info,12395,6,3,2,0,0,940.0,435
Air India,Kolkata,Banglore,CCU ? MAA ? BLR,14:35 16 May,No info,6528,15,5,2,0,0,875.0,1440
IndiGo,Delhi,Cochin,DEL ? BOM ? COK,21:00,No info,6314,1,6,5,0,0,295.0,965
IndiGo,Delhi,Cochin,DEL ? BOM ? COK,01:30 10 Apr,No info,6270,9,4,1,0,0,685.0,845
Jet Airways,Delhi,Cochin,DEL ? BOM ? COK,19:00 07 Jun,No info,14714,6,6,3,0,0,1185.0,1395
Multiple carriers,Delhi,Cochin,DEL ? BOM ? COK,19:15,No info,9359,15,6,5,0,0,555.0,600
Air India,Delhi,Cochin,DEL ? COK,17:55,No info,6724,9,4,1,0,0,845.0,230
Jet Airways,Delhi,Cochin,DEL ? BOM ? COK,19:00 25 Jun,In-flight meal not included,10262,24,6,0,0,0,1370.0,1210
Vistara,Banglore,Delhi,BLR ? DEL,09:40,No info,4668,21,5,1,0,0,420.0,160
IndiGo,Delhi,Cochin,DEL ? HYD ? MAA ? COK,21:20,No info,6610,6,3,2,0,0,715.0,565
SpiceJet,Chennai,Kolkata,MAA ? CCU,10:35,No info,3597,15,5,2,0,0,500.0,135
IndiGo,Kolkata,Banglore,CCU ? BLR,12:55,No info,4462,9,3,5,0,0,610.0,165
Air India,Delhi,Cochin,DEL ? MAA ? COK,09:25 07 Mar,No info,12677,6,3,2,0,0,365.0,1640
Multiple carriers,Delhi,Cochin,DEL ? BOM ? COK,15:30,No info,23170,1,3,4,0,0,20.0,910
IndiGo,Kolkata,Banglore,CCU ? BLR,07:15,No info,4804,6,6,3,0,0,280.0,155
Multiple carriers,Delhi,Cochin,DEL ? BOM ? COK,01:30 28 May,No info,6795,27,5,0,0,0,770.0,760
Air India,Kolkata,Banglore,CCU ? BBI ? BLR,13:15 19 May,No info,7662,18,5,5,0,0,720.0,1515
Air India,Delhi,Cochin,DEL ? UDR ? BOM ? COK,07:40 07 Jun,No info,12751,6,6,3,0,0,800.0,1100
Jet Airways,Mumbai,Hyderabad,BOM ? DEL ? HYD,16:50 07 Mar,No info,19595,6,3,2,0,0,1245.0,1205
Vistara,Banglore,New Delhi,BLR ? DEL,09:40,No info,7975,9,3,5,0,0,420.0,160
Jet Airways,Kolkata,Banglore,CCU ? BOM ? BLR,19:50,No info,14781,18,5,5,0,0,845.0,345
Jet Airways,Kolkata,Banglore,CCU ? BOM ? BLR,20:45,No info,14781,9,5,3,0,0,505.0,740
Jet Airways,Kolkata,Banglore,CCU ? BOM ? BLR,16:20 25 Mar,In-flight meal not included,10031,24,3,6,0,0,835.0,1585
Jet Airways,Kolkata,Banglore,CCU ? BOM ? BLR,19:50,In-flight meal not included,10844,9,6,6,0,0,845.0,345
Jet Airways,Banglore,Delhi,BLR ? DEL,22:50,In-flight meal not included,3502,9,5,3,0,0,1190.0,180
Jet Airways,Delhi,Cochin,DEL ? IDR ? BOM ? COK,04:25 02 Jun,No info,13292,1,6,5,0,0,575.0,1130
Jet Airways,Kolkata,Banglore,CCU ? DEL ? BLR,23:35 07 Jun,No info,14151,6,6,3,0,0,1225.0,1630
SpiceJet,Mumbai,Hyderabad,BOM ? HYD,07:05,No info,12475,1,3,4,0,0,345.0,80
Jet Airways,Delhi,Cochin,DEL ? BOM ? COK,12:35 04 Jun,No info,14714,3,6,0,0,0,1255.0,940
Multiple carriers,Delhi,Cochin,DEL ? BOM ? COK,01:30 25 May,No info,8283,24,5,4,0,0,1140.0,390
Jet Airways,Banglore,New Delhi,BLR ? BOM ? DEL,09:30 13 Mar,In-flight meal not included,11087,12,3,1,0,0,1235.0,775
Jet Airways,Kolkata,Banglore,CCU ? BOM ? BLR,19:50,In-flight meal not included,10844,21,5,1,0,0,845.0,345
IndiGo,Delhi,Cochin,DEL ? BOM ? COK,01:30 25 Jun,No info,5883,24,6,0,0,0,1115.0,415
Air India,Banglore,New Delhi,BLR ? CCU ? BBI ? DEL,16:20,No info,7664,15,3,4,0,0,350.0,630
Jet Airways,Delhi,Cochin,DEL ? BOM ? COK,04:25 28 May,In-flight meal not included,12898,27,5,0,0,0,480.0,1225
Jet Airways,Delhi,Cochin,DEL ? BOM ? COK,19:00 13 Jun,In-flight meal not included,10262,12,6,2,0,0,1370.0,1210
Jet Airways,Kolkata,Banglore,CCU ? DEL ? BLR,19:10,No info,13067,15,5,2,0,0,575.0,575
IndiGo,Kolkata,Banglore,CCU ? BLR,17:45,No info,4462,18,3,0,0,0,910.0,155
Jet Airways,Mumbai,Hyderabad,BOM ? HYD,04:20,No info,5678,27,6,3,0,0,175.0,85
Jet Airways,Kolkata,Banglore,CCU ? BOM ? BLR,12:00,No info,14388,21,5,1,0,0,390.0,330
Jet Airways,Delhi,Cochin,DEL ? BOM ? COK,12:35 04 Jun,No info,14714,3,6,0,0,0,1185.0,1010
IndiGo,Kolkata,Banglore,CCU ? BLR,12:20,No info,4804,27,5,0,0,0,575.0,165
Air India,Delhi,Cochin,DEL ? AMD ? BOM ? COK,07:40 10 May,No info,11281,9,5,3,0,0,300.0,1600
Jet Airways,Kolkata,Banglore,CCU ? BOM ? BLR,08:10 25 Mar,In-flight meal not included,11134,24,3,6,0,0,1270.0,660
Air India,Mumbai,Hyderabad,BOM ? BHO ? DEL ? HYD,09:10 13 Mar,No info,11647,12,3,1,0,0,1180.0,810
Jet Airways,Kolkata,Banglore,CCU ? DEL ? BLR,21:05 10 Jun,In-flight meal not included,10539,9,6,6,0,0,1020.0,1685
Multiple carriers,Delhi,Cochin,DEL ? BOM ? COK,19:00,No info,12192,1,6,5,0,0,480.0,660
Air India,Banglore,Delhi,BLR ? DEL,16:10,No info,6121,24,4,2,0,0,800.0,170
Jet Airways,Kolkata,Banglore,CCU ? BOM ? BLR,04:45 25 Mar,No info,13759,24,3,6,0,0,1185.0,540
Multiple carriers,Delhi,Cochin,DEL ? BOM ? COK,01:35 28 Mar,No info,6427,27,3,2,0,0,620.0,915
IndiGo,Banglore,Delhi,BLR ? DEL,01:00 10 Apr,No info,3943,9,4,1,0,0,1330.0,170
IndiGo,Banglore,Delhi,BLR ? DEL,01:00 13 May,No info,4284,12,5,6,0,0,1330.0,170
IndiGo,Delhi,Cochin,DEL ? BLR ? COK,10:05,No info,8147,9,3,5,0,0,305.0,300
Jet Airways,Banglore,Delhi,BLR ? DEL,22:50,In-flight meal not included,3502,12,5,6,0,0,1190.0,180
IndiGo,Mumbai,Hyderabad,BOM ? HYD,04:00,No info,3342,15,3,4,0,0,150.0,90
IndiGo,Banglore,New Delhi,BLR ? DEL,08:45,No info,5734,21,3,3,0,0,360.0,165
SpiceJet,Kolkata,Banglore,CCU ? IXB ? BLR,21:25,No info,8224,6,6,3,0,0,955.0,330
SpiceJet,Delhi,Cochin,DEL ? MAA ? COK,11:20,No info,9748,6,3,2,0,0,370.0,310
Jet Airways,Delhi,Cochin,DEL ? AMD ? BOM ? COK,04:25 23 Mar,In-flight meal not included,8834,21,3,3,0,0,1150.0,1995
GoAir,Kolkata,Banglore,CCU ? AMD ? BLR,00:15 07 May,No info,7102,6,5,0,0,0,1000.0,455
Multiple carriers,Delhi,Cochin,DEL ? BOM ? COK,01:30 16 May,No info,13727,15,5,2,0,0,780.0,750
Jet Airways,Banglore,New Delhi,BLR ? BOM ? DEL,09:30 16 Mar,In-flight meal not included,11087,18,3,0,0,0,700.0,1310
Jet Airways,Delhi,Cochin,DEL ? JAI ? BOM ? COK,04:25 16 Jun,In-flight meal not included,10368,15,6,5,0,0,580.0,1125
Jet Airways,Banglore,Delhi,BLR ? DEL,08:45,In-flight meal not included,7229,1,6,5,0,0,360.0,165
Jet Airways,Delhi,Cochin,DEL ? BOM ? COK,19:00 16 Jun,In-flight meal not included,10262,15,6,5,0,0,1095.0,1485
IndiGo,Banglore,Delhi,BLR ? DEL,22:50,No info,4823,15,4,0,0,0,1200.0,170
IndiGo,Kolkata,Banglore,CCU ? BLR,07:15,No info,4804,24,5,4,0,0,280.0,155
IndiGo,Delhi,Cochin,DEL ? PNQ ? COK,04:35 07 Jun,No info,10112,6,6,3,0,0,1410.0,305
Jet Airways,Banglore,Delhi,BLR ? DEL,08:45,No info,7229,27,5,0,0,0,360.0,165
Jet Airways,Kolkata,Banglore,CCU ? DEL ? BLR,22:05 25 May,No info,13067,24,5,4,0,0,1020.0,1745
Jet Airways,Delhi,Cochin,DEL ? BOM ? COK,04:25 04 Jun,No info,14714,3,6,0,0,0,840.0,865
Air India,Delhi,Cochin,DEL ? BLR ? COK,23:00,No info,8907,3,6,0,0,0,585.0,795
Jet Airways,Banglore,Delhi,BLR ? DEL,14:05,No info,7229,9,4,1,0,0,670.0,175
Multiple carriers,Delhi,Cochin,DEL ? IXU ? BOM ? COK,01:35 04 Mar,No info,24528,3,3,6,0,0,1070.0,465
IndiGo,Delhi,Cochin,DEL ? BOM ? COK,21:00,No info,6838,3,6,0,0,0,295.0,965
Multiple carriers,Delhi,Cochin,DEL ? BOM ? COK,21:00,In-flight meal not included,10406,12,6,2,0,0,425.0,835
Vistara,Mumbai,Hyderabad,BOM ? DEL ? HYD,09:25 07 Mar,No info,12395,6,3,2,0,0,1315.0,690
Air India,Kolkata,Banglore,CCU ? DEL ? BLR,20:25 07 May,No info,10203,6,5,0,0,0,1230.0,1435
IndiGo,Mumbai,Hyderabad,BOM ? HYD,07:55,No info,4049,12,5,6,0,0,385.0,90
Jet Airways,Kolkata,Banglore,CCU ? DEL ? BLR,18:00 10 Jun,No info,13401,9,6,6,0,0,1225.0,1295
Air India,Delhi,Cochin,DEL ? JAI ? BOM ? COK,07:40 10 May,No info,9968,9,5,3,0,0,720.0,1180
Jet Airways,Mumbai,Hyderabad,BOM ? HYD,11:50,No info,8040,6,5,0,0,0,620.0,90
Multiple carriers,Delhi,Cochin,DEL ? BOM ? COK,01:35 28 Mar,No info,6427,27,3,2,0,0,915.0,620
IndiGo,Chennai,Kolkata,MAA ? CCU,00:25 07 May,No info,5277,6,5,0,0,0,1325.0,140
Jet Airways,Mumbai,Hyderabad,BOM ? HYD,04:20,In-flight meal not included,2228,1,4,0,0,0,175.0,85
Vistara,Banglore,Delhi,BLR ? DEL,23:50,No info,5613,24,5,4,0,0,1260.0,170
IndiGo,Kolkata,Banglore,CCU ? MAA ? BLR,22:15,No info,6669,12,5,6,0,0,1055.0,280
Vistara,Chennai,Kolkata,MAA ? CCU,20:05,No info,11982,15,5,2,0,0,1065.0,140
Jet Airways,Kolkata,Banglore,CCU ? BOM ? PNQ ? BLR,07:25 22 May,In-flight meal not included,10118,21,5,1,0,0,390.0,1495
IndiGo,Kolkata,Banglore,CCU ? BLR,00:05 16 Mar,No info,4148,15,3,4,0,0,1285.0,160
Jet Airways,Delhi,Cochin,DEL ? BOM ? COK,12:35,No info,18371,9,6,6,0,0,135.0,620
Multiple carriers,Delhi,Cochin,DEL ? BOM ? COK,21:00,No info,13587,12,6,2,0,0,690.0,570
Air India,Delhi,Cochin,DEL ? HYD ? BOM ? COK,19:15 07 Jun,No info,12760,6,6,3,0,0,1035.0,1560
Jet Airways,Delhi,Cochin,DEL ? JAI ? BOM ? COK,04:25 07 Jun,In-flight meal not included,10368,6,6,3,0,0,580.0,1125
IndiGo,Mumbai,Hyderabad,BOM ? HYD,04:05,No info,3175,1,6,5,0,0,155.0,90
SpiceJet,Chennai,Kolkata,MAA ? CCU,12:00,No info,3597,9,5,3,0,0,585.0,135
Multiple carriers,Delhi,Cochin,DEL ? BOM ? COK,01:30 28 May,In-flight meal not included,6733,27,5,0,0,0,690.0,840
Multiple carriers,Delhi,Cochin,DEL ? BOM ? COK,12:35,No info,12192,1,6,5,0,0,230.0,525
Jet Airways,Delhi,Cochin,DEL ? AMD ? BOM ? COK,19:00 28 May,No info,15129,27,5,0,0,0,1150.0,1430
Vistara,Banglore,Delhi,BLR ? DEL,14:20,No info,4668,12,5,6,0,0,690.0,170
Jet Airways,Delhi,Cochin,DEL ? BOM ? COK,12:35 28 Jun,In-flight meal not included,10262,27,6,3,0,0,1050.0,1145
Jet Airways,Delhi,Cochin,DEL ? JAI ? BOM ? COK,04:25 19 May,No info,15129,18,5,5,0,0,580.0,1125
Multiple carriers,Delhi,Cochin,DEL ? HYD ? COK,22:30,No info,7878,3,6,0,0,0,430.0,920
Jet Airways,Mumbai,Hyderabad,BOM ? HYD,11:50,No info,8040,18,3,0,0,0,620.0,90
Jet Airways,Delhi,Cochin,DEL ? BOM ? COK,12:35,In-flight meal not included,12373,9,5,3,0,0,135.0,620
Air India,Delhi,Cochin,DEL ? HYD ? BOM ? COK,19:15 19 May,No info,12392,18,5,5,0,0,1035.0,1560
IndiGo,Chennai,Kolkata,MAA ? CCU,00:25 19 May,No info,5277,18,5,5,0,0,1325.0,140
Multiple carriers,Delhi,Cochin,DEL ? BOM ? COK,21:00,No info,7888,21,5,1,0,0,780.0,480
Multiple carriers,Delhi,Cochin,DEL ? BOM ? COK,19:15,No info,9001,3,6,0,0,0,525.0,630
IndiGo,Mumbai,Hyderabad,BOM ? HYD,07:45,No info,4049,21,3,3,0,0,380.0,85
IndiGo,Chennai,Kolkata,MAA ? CCU,07:35,No info,4326,24,3,6,0,0,315.0,140
IndiGo,Banglore,New Delhi,BLR ? DEL,02:20 13 Mar,No info,4777,9,3,5,0,0,1410.0,170
IndiGo,Delhi,Cochin,DEL ? BOM ? COK,21:00,No info,6838,21,3,3,0,0,690.0,570
IndiGo,Delhi,Cochin,DEL ? MAA ? COK,12:30,No info,6582,6,6,3,0,0,435.0,315
Jet Airways,Delhi,Cochin,DEL ? BOM ? COK,12:35 02 Jun,In-flight meal not included,10262,1,6,5,0,0,1310.0,885
Air Asia,Banglore,New Delhi,BLR ? DEL,02:10 02 Mar,Red-eye flight,10873,1,3,4,0,0,1405.0,165
Jet Airways,Delhi,Cochin,DEL ? BOM ? COK,12:35,In-flight meal not included,10262,27,6,3,0,0,135.0,620
IndiGo,Kolkata,Banglore,CCU ? BLR,08:20,No info,4148,27,3,2,0,0,330.0,170
IndiGo,Delhi,Cochin,DEL ? HYD ? MAA ? COK,21:20,No info,6494,27,3,2,0,0,715.0,565
Jet Airways,Delhi,Cochin,DEL ? BOM ? COK,12:35 22 May,In-flight meal not included,12898,21,5,1,0,0,600.0,1595
Air India,Delhi,Cochin,DEL ? AMD ? BOM ? COK,19:15 10 Jun,No info,9968,9,6,6,0,0,300.0,2295
Jet Airways,Delhi,Cochin,DEL ? BOM ? COK,04:25 22 May,In-flight meal not included,12898,21,5,1,0,0,900.0,805
Multiple carriers,Delhi,Cochin,DEL ? HYD ? COK,22:30,No info,7740,24,5,4,0,0,895.0,455
Air India,Kolkata,Banglore,CCU ? GAU ? BLR,21:05,No info,7452,9,5,3,0,0,590.0,675
Jet Airways,Mumbai,Hyderabad,BOM ? HYD,08:35,In-flight meal not included,4160,21,3,3,0,0,430.0,85
IndiGo,Banglore,Delhi,BLR ? DEL,11:20,No info,4823,27,5,0,0,0,510.0,170
Air India,Delhi,Cochin,DEL ? GOI ? BOM ? COK,19:15,No info,13486,18,5,5,0,0,655.0,500
Jet Airways,Banglore,Delhi,BLR ? DEL,22:00,In-flight meal not included,4544,27,4,5,0,0,1135.0,185
Air India,Delhi,Cochin,DEL ? HYD ? MAA ? COK,09:25 22 May,No info,10975,21,5,1,0,0,585.0,1420
IndiGo,Chennai,Kolkata,MAA ? CCU,17:05,No info,3858,3,5,4,0,0,885.0,140
Jet Airways,Delhi,Cochin,DEL ? JAI ? BOM ? COK,04:25 07 May,No info,15129,6,5,0,0,0,330.0,1375
Air India,Delhi,Cochin,DEL ? HYD ? MAA ? COK,09:25 16 Jun,No info,10975,15,6,5,0,0,585.0,1420
Air Asia,Delhi,Cochin,DEL ? BLR ? COK,22:25,No info,6752,9,5,3,0,0,1005.0,340
Air Asia,Kolkata,Banglore,CCU ? BLR,12:15,No info,3807,18,6,1,0,0,585.0,150
Air India,Delhi,Cochin,DEL ? MAA ? COK,09:25 07 Mar,No info,13832,6,3,2,0,0,750.0,1255
Jet Airways,Banglore,Delhi,BLR ? DEL,22:00,In-flight meal not included,4544,6,4,5,0,0,1135.0,185
Jet Airways,Kolkata,Banglore,CCU ? BOM ? BLR,08:15 07 Jun,No info,14571,6,6,3,0,0,1135.0,800
Vistara,Chennai,Kolkata,MAA ? CCU,20:05,No info,11982,24,6,0,0,0,1065.0,140
Jet Airways,Mumbai,Hyderabad,BOM ? HYD,08:30,No info,8040,1,5,2,0,0,425.0,85
Vistara,Banglore,New Delhi,BLR ? DEL,18:35,No info,11913,18,3,0,0,0,960.0,155
Air Asia,Kolkata,Banglore,CCU ? BBI ? BLR,10:30,No info,5162,24,5,4,0,0,410.0,220
Jet Airways,Delhi,Cochin,DEL ? JAI ? BOM ? COK,12:35 16 Jun,No info,13014,15,6,5,0,0,580.0,1615
Jet Airways,Kolkata,Banglore,CCU ? BOM ? BLR,04:40 19 May,In-flight meal not included,8586,18,5,5,0,0,1270.0,450
Multiple carriers,Delhi,Cochin,DEL ? BOM ? COK,19:00,No info,10197,21,5,1,0,0,480.0,660
Vistara,Kolkata,Banglore,CCU ? DEL ? BLR,20:20 02 May,No info,8610,1,5,2,0,0,1020.0,1640
Air Asia,Banglore,Delhi,BLR ? DEL,02:45 02 Jun,No info,7120,1,6,5,0,0,1435.0,170
Air India,Delhi,Cochin,DEL ? RPR ? NAG ? BOM ? COK,19:15 10 May,No info,10703,9,5,3,0,0,315.0,2280
Jet Airways,Delhi,Cochin,DEL ? BOM ? COK,04:25 02 Jun,In-flight meal not included,10262,1,6,5,0,0,540.0,1165
Jet Airways,Delhi,Cochin,DEL ? IDR ? BOM ? COK,19:00,In-flight meal not included,11507,27,6,3,0,0,330.0,810
IndiGo,Banglore,Delhi,BLR ? DEL,00:15 07 Jun,No info,3943,6,6,3,0,0,1275.0,180
Jet Airways,Delhi,Cochin,DEL ? IDR ? BOM ? COK,12:35 16 Jun,No info,13292,15,6,5,0,0,575.0,1620
IndiGo,Banglore,New Delhi,BLR ? IDR ? DEL,18:35,No info,7166,21,3,3,0,0,820.0,295
Jet Airways,Delhi,Cochin,DEL ? BOM ? COK,19:00,In-flight meal not included,10262,15,6,5,0,0,780.0,360
Air Asia,Delhi,Cochin,DEL ? BLR ? COK,07:10 13 Jun,No info,6152,12,6,2,0,0,1245.0,625
Jet Airways,Kolkata,Banglore,CCU ? DEL ? BLR,22:05,In-flight meal not included,10703,15,5,2,0,0,575.0,750
Jet Airways,Banglore,Delhi,BLR ? DEL,10:10,In-flight meal not included,4030,21,5,1,0,0,430.0,180
Multiple carriers,Delhi,Cochin,DEL ? BOM ? COK,01:35 07 Mar,No info,17057,6,3,2,0,0,1050.0,485
IndiGo,Chennai,Kolkata,MAA ? CCU,10:15,No info,3850,18,6,1,0,0,475.0,140
Jet Airways,Kolkata,Banglore,CCU ? BOM ? BLR,09:20 07 May,No info,14388,6,5,0,0,0,1200.0,800
IndiGo,Delhi,Cochin,DEL ? MAA ? COK,07:25,No info,4744,3,4,2,0,0,120.0,325
Jet Airways,Delhi,Cochin,DEL ? BOM ? COK,12:35 02 Jun,In-flight meal not included,10262,1,6,5,0,0,1050.0,1145
Air India,Banglore,New Delhi,BLR ? DEL,23:55,No info,7591,3,3,6,0,0,1270.0,165
Air Asia,Delhi,Cochin,DEL ? BLR ? COK,22:25,No info,6152,27,5,0,0,0,475.0,870
Jet Airways,Banglore,New Delhi,BLR ? BOM ? DEL,09:00 07 Mar,No info,15025,6,3,2,0,0,535.0,1445
IndiGo,Mumbai,Hyderabad,BOM ? HYD,18:25,No info,6795,3,3,6,0,0,1015.0,90
Air India,Kolkata,Banglore,CCU ? DEL ? BLR,20:25 25 May,No info,10623,24,5,4,0,0,1050.0,1615
IndiGo,Chennai,Kolkata,MAA ? CCU,10:15,No info,3850,24,5,4,0,0,475.0,140
Jet Airways,Delhi,Cochin,DEL ? AMD ? BOM ? COK,18:50 22 Mar,In-flight meal not included,6643,21,3,3,0,0,1150.0,1420
Jet Airways,Kolkata,Banglore,CCU ? BOM ? BLR,22:35,In-flight meal not included,10844,1,5,2,0,0,845.0,510
Air India,Delhi,Cochin,DEL ? AMD ? BOM ? COK,19:15 28 May,No info,10441,27,5,0,0,0,1185.0,1410
Multiple carriers,Delhi,Cochin,DEL ? BOM ? COK,01:30 28 Jun,No info,13377,27,6,3,0,0,1050.0,480
Air India,Delhi,Cochin,DEL ? JDH ? BOM ? COK,19:15 19 May,No info,13696,18,5,5,0,0,775.0,1820
IndiGo,Banglore,Delhi,BLR ? DEL,03:15,No info,3943,3,6,0,0,0,25.0,170
Air India,Delhi,Cochin,DEL ? AMD ? BOM ? COK,19:15 25 Jun,No info,9443,24,6,0,0,0,1185.0,1410
Jet Airways,Delhi,Cochin,DEL ? JAI ? BOM ? COK,04:25 02 Jun,No info,13014,1,6,5,0,0,330.0,1375
Air India,Banglore,New Delhi,BLR ? HYD ? VGA ? DEL,22:55 19 Mar,No info,8114,24,3,6,0,0,1020.0,1795
SpiceJet,Delhi,Cochin,DEL ? MAA ? COK,11:20,No info,5583,24,6,0,0,0,365.0,315
Jet Airways,Banglore,New Delhi,BLR ? BOM ? DEL,08:15 13 Mar,No info,13817,12,3,1,0,0,1015.0,920
Multiple carriers,Delhi,Cochin,DEL ? BOM ? COK,19:15,No info,6953,27,3,2,0,0,770.0,385
Multiple carriers,Delhi,Cochin,DEL ? BOM ? COK,21:00,No info,6637,27,3,2,0,0,620.0,640
IndiGo,Kolkata,Banglore,CCU ? BLR,12:20,No info,4174,3,4,2,0,0,575.0,165
Air India,Delhi,Cochin,DEL ? HYD ? MAA ? COK,09:25 22 Mar,No info,8140,21,3,3,0,0,585.0,1420
Jet Airways,Banglore,New Delhi,BLR ? BOM ? DEL,23:00,No info,13817,12,3,1,0,0,420.0,960
Jet Airways,Delhi,Cochin,DEL ? BOM ? COK,19:00,In-flight meal not included,10262,6,6,3,0,0,540.0,600
IndiGo,Delhi,Cochin,DEL ? BLR ? COK,20:00,No info,6496,18,5,5,0,0,910.0,290
IndiGo,Delhi,Cochin,DEL ? PNQ ? COK,04:35 16 Jun,No info,10112,15,6,5,0,0,1410.0,305
Air India,Delhi,Cochin,DEL ? HYD ? MAA ? COK,09:25 28 May,No info,10467,27,5,0,0,0,795.0,1210
IndiGo,Delhi,Cochin,DEL ? BOM ? COK,01:30 02 Jun,No info,6206,1,6,5,0,0,635.0,895
Air India,Kolkata,Banglore,CCU ? BBI ? BOM ? BLR,18:30 25 May,No info,10151,24,5,4,0,0,720.0,1830
IndiGo,Kolkata,Banglore,CCU ? BLR,17:45,No info,4804,12,6,2,0,0,915.0,150
GoAir,Banglore,New Delhi,BLR ? DEL,10:40,No info,5048,24,3,6,0,0,465.0,175
Jet Airways,Mumbai,Hyderabad,BOM ? HYD,04:20,In-flight meal not included,4050,6,6,3,0,0,175.0,85
SpiceJet,Banglore,Delhi,BLR ? DEL,12:20,No check-in baggage included,3919,1,6,5,0,0,570.0,170
Jet Airways,Kolkata,Banglore,CCU ? BOM ? BLR,08:15 10 Jun,In-flight meal not included,11841,9,6,6,0,0,1270.0,665
IndiGo,Delhi,Cochin,DEL ? BOM ? COK,01:30 25 Apr,No info,5065,24,4,2,0,0,1225.0,305
Air India,Kolkata,Banglore,CCU ? BBI ? BOM ? BLR,18:30 10 May,No info,9626,9,5,3,0,0,720.0,1830
IndiGo,Banglore,Delhi,BLR ? DEL,01:00 28 Jun,No info,3419,27,6,3,0,0,1330.0,170
Air India,Kolkata,Banglore,CCU ? GAU ? IMF ? DEL ? BLR,23:15,No info,14960,9,6,6,0,0,590.0,805
IndiGo,Banglore,Delhi,BLR ? DEL,00:15 10 Jun,No info,3943,9,6,6,0,0,1275.0,180
Multiple carriers,Delhi,Cochin,DEL ? BOM ? COK,19:15,No info,14323,9,5,3,0,0,540.0,615
Air India,Kolkata,Banglore,CCU ? BOM ? COK ? BLR,13:45 10 Jun,No info,11752,9,6,6,0,0,1010.0,1255
Multiple carriers,Delhi,Cochin,DEL ? BOM ? COK,19:15,No info,7677,6,6,3,0,0,510.0,645
Multiple carriers,Delhi,Cochin,DEL ? BOM ? COK,21:00,No info,14067,24,5,4,0,0,780.0,480
Jet Airways,Kolkata,Banglore,CCU ? BOM ? BLR,09:20 02 May,No info,14781,1,5,2,0,0,1270.0,730
Jet Airways,Kolkata,Banglore,CCU ? DEL ? BLR,14:25 16 May,No info,11467,15,5,2,0,0,1020.0,1285
Jet Airways,Delhi,Cochin,DEL ? ATQ ? BOM ? COK,04:25 22 May,No info,16263,21,5,1,0,0,1200.0,505
Jet Airways,Delhi,Cochin,DEL ? BOM ? COK,04:25 19 May,In-flight meal not included,12373,18,5,5,0,0,1155.0,550
Multiple carriers,Delhi,Cochin,DEL ? BOM ? COK,21:00,No info,7005,15,6,5,0,0,770.0,490
IndiGo,Delhi,Cochin,DEL ? BLR ? COK,10:05,No info,7580,18,5,5,0,0,310.0,295
Air India,Delhi,Cochin,DEL ? GOI ? BOM ? COK,19:15 19 May,No info,10441,18,5,5,0,0,1320.0,1275
Jet Airways,Banglore,Delhi,BLR ? DEL,20:45,No info,7229,18,5,5,0,0,1065.0,180
IndiGo,Delhi,Cochin,DEL ? BOM ? COK,21:00,No info,6093,9,4,1,0,0,400.0,860
SpiceJet,Kolkata,Banglore,CCU ? BLR,09:30,No info,3873,15,6,5,0,0,415.0,155
Jet Airways,Delhi,Cochin,DEL ? BOM ? COK,04:25 25 Jun,In-flight meal not included,10262,24,6,0,0,0,1310.0,395
Jet Airways,Kolkata,Banglore,CCU ? BOM ? BLR,23:35,No info,13364,1,4,0,0,0,845.0,570
Jet Airways,Delhi,Cochin,DEL ? BOM ? COK,12:35,In-flight meal not included,12373,15,5,2,0,0,135.0,620
SpiceJet,Mumbai,Hyderabad,BOM ? HYD,00:15 13 May,No check-in baggage included,1965,12,5,6,0,0,1365.0,90
Multiple carriers,Delhi,Cochin,DEL ? BOM ? COK,21:00,No info,7005,6,6,3,0,0,770.0,490
Air India,Banglore,New Delhi,BLR ? DEL,12:45,No info,4441,18,3,0,0,0,600.0,165
Multiple carriers,Delhi,Cochin,DEL ? BOM ? COK,18:50,No info,11098,21,3,3,0,0,285.0,845
IndiGo,Delhi,Cochin,DEL ? BOM ? COK,01:30 22 May,No info,7318,21,5,1,0,0,555.0,975
Jet Airways,Delhi,Cochin,DEL ? BOM ? COK,04:25 22 Mar,No info,12767,21,3,3,0,0,425.0,1280
SpiceJet,Kolkata,Banglore,CCU ? IXB ? BLR,21:15,No info,10654,24,3,6,0,0,955.0,320
SpiceJet,Delhi,Cochin,DEL ? MAA ? COK,22:05,No info,6297,9,6,6,0,0,945.0,380
Multiple carriers,Delhi,Cochin,DEL ? HYD ? COK,16:10,No info,11265,3,3,6,0,0,585.0,385
Air India,Mumbai,Hyderabad,BOM ? AMD ? ISK ? HYD,14:50,No info,11972,6,3,2,0,0,1040.0,150
Multiple carriers,Delhi,Cochin,DEL ? BOM ? COK,21:00,No info,13587,9,6,6,0,0,425.0,835
IndiGo,Kolkata,Banglore,CCU ? BLR,19:50,No info,4804,3,6,0,0,0,1035.0,155
Air India,Kolkata,Banglore,CCU ? BOM ? HBX ? BLR,18:20,No info,8366,1,5,2,0,0,565.0,535
Air India,Kolkata,Banglore,CCU ? BOM ? BLR,07:55 19 May,No info,8366,18,5,5,0,0,565.0,1350
Air India,Kolkata,Banglore,CCU ? JAI ? BOM ? BLR,21:50,No info,10697,18,5,5,0,0,500.0,810
Jet Airways,Delhi,Cochin,DEL ? JAI ? BOM ? COK,19:00,No info,15129,21,5,1,0,0,330.0,810
IndiGo,Chennai,Kolkata,MAA ? CCU,17:05,No info,3858,18,5,5,0,0,885.0,140
Jet Airways,Banglore,Delhi,BLR ? DEL,22:00,No info,7229,6,4,5,0,0,1135.0,185
IndiGo,Delhi,Cochin,DEL ? BOM ? COK,21:00,No info,6937,27,4,5,0,0,960.0,300
Jet Airways,Delhi,Cochin,DEL ? BOM ? COK,19:00,No info,14714,24,6,0,0,0,840.0,300
Jet Airways,Banglore,New Delhi,BLR ? BOM ? DEL,16:10,In-flight meal not included,9134,15,3,4,0,0,345.0,625
Jet Airways,Delhi,Cochin,DEL ? BOM ? COK,19:00,In-flight meal not included,10577,3,6,0,0,0,425.0,715
Jet Airways,Kolkata,Banglore,CCU ? BOM ? BLR,10:05 07 May,No info,14388,6,5,0,0,0,1200.0,845
Air India,Delhi,Cochin,DEL ? BLR ? COK,08:15 13 Jun,No info,8991,12,6,2,0,0,810.0,1125
Air India,Delhi,Cochin,DEL ? JDH ? BOM ? COK,19:15 28 May,No info,12436,27,5,0,0,0,775.0,1820
Air India,Banglore,New Delhi,BLR ? BOM ? BHO ? DEL,09:25 13 Mar,No info,12515,12,3,1,0,0,405.0,1600
SpiceJet,Delhi,Cochin,DEL ? MAA ? COK,22:05,No info,5583,15,6,5,0,0,945.0,380
Air India,Delhi,Cochin,DEL ? BOM ? COK,07:40 10 Mar,No info,10840,9,3,5,0,0,1380.0,520
Jet Airways,Delhi,Cochin,DEL ? ATQ ? BOM ? COK,12:35 28 Jun,No info,14300,27,6,3,0,0,735.0,1460
SpiceJet,Banglore,Delhi,BLR ? DEL,00:05 19 Apr,No check-in baggage included,5515,18,4,3,0,0,1270.0,175
Jet Airways,Kolkata,Banglore,CCU ? BOM ? BLR,20:45,In-flight meal not included,10844,15,5,2,0,0,845.0,400
Jet Airways,Kolkata,Banglore,CCU ? BOM ? BLR,09:15 25 Mar,In-flight meal not included,11134,24,3,6,0,0,1015.0,980
Air India,Banglore,Delhi,BLR ? DEL,12:45,No info,6121,24,4,2,0,0,600.0,165
Air India,Kolkata,Banglore,CCU ? BBI ? BOM ? BLR,07:55 22 May,No info,10676,21,5,1,0,0,720.0,1195
Jet Airways,Kolkata,Banglore,CCU ? BOM ? BLR,22:35,No info,14781,1,5,2,0,0,990.0,365
Jet Airways,Banglore,Delhi,BLR ? DEL,22:50,In-flight meal not included,4544,6,4,5,0,0,1190.0,180
GoAir,Banglore,Delhi,BLR ? DEL,10:40,No info,4632,6,4,5,0,0,465.0,175
Jet Airways,Delhi,Cochin,DEL ? AMD ? BOM ? COK,04:25 23 Mar,No info,10929,21,3,3,0,0,1150.0,1995
Air Asia,Kolkata,Banglore,CCU ? BLR,12:55,No info,4409,21,4,6,0,0,620.0,155
SpiceJet,Kolkata,Banglore,CCU ? BLR,09:30,No info,3873,1,5,2,0,0,415.0,155
Jet Airways,Banglore,Delhi,BLR ? DEL,10:10,In-flight meal not included,4030,27,5,0,0,0,430.0,180
Air Asia,Kolkata,Banglore,CCU ? BLR,01:20 10 May,No info,3807,9,5,3,0,0,1370.0,150
Air India,Kolkata,Banglore,CCU ? DEL ? COK ? BLR,01:20 13 May,No info,12140,12,5,6,0,0,600.0,920
SpiceJet,Kolkata,Banglore,CCU ? BLR,11:30,No info,4096,6,3,2,0,0,540.0,150
Jet Airways,Delhi,Cochin,DEL ? ATQ ? BOM ? COK,12:35 16 Jun,No info,14300,15,6,5,0,0,1100.0,1095
Multiple carriers,Delhi,Cochin,DEL ? BOM ? COK,21:00,In-flight meal not included,6007,27,6,3,0,0,700.0,560
IndiGo,Kolkata,Banglore,CCU ? BLR,16:55,No info,4174,1,4,0,0,0,865.0,150
SpiceJet,Chennai,Kolkata,MAA ? CCU,20:05,No info,3597,21,6,4,0,0,1065.0,140
Air India,Delhi,Cochin,DEL ? JAI ? BOM ? COK,19:15,No info,9548,24,6,0,0,0,720.0,435
Air India,Banglore,New Delhi,BLR ? BOM ? DEL,15:15,No info,8714,15,3,4,0,0,530.0,385
Vistara,Kolkata,Banglore,CCU ? DEL ? BLR,20:20 13 Jun,No info,8085,12,6,2,0,0,1020.0,1640
Jet Airways,Delhi,Cochin,DEL ? JAI ? BOM ? COK,04:25 04 Jun,In-flight meal not included,10368,3,6,0,0,0,1170.0,535
Air India,Delhi,Cochin,DEL ? HYD ? MAA ? COK,09:25 28 Jun,No info,10975,27,6,3,0,0,425.0,1580
Multiple carriers,Delhi,Cochin,DEL ? BOM ? COK,21:00,No info,7670,9,5,3,0,0,450.0,810
Multiple carriers,Delhi,Cochin,DEL ? BOM ? COK,01:30 16 May,No info,8073,15,5,2,0,0,1080.0,450
Jet Airways,Banglore,New Delhi,BLR ? BOM ? DEL,10:45 13 Mar,No info,13817,12,3,1,0,0,1375.0,710
IndiGo,Kolkata,Banglore,CCU ? HYD ? BLR,23:45,No info,3574,9,4,1,0,0,1160.0,265
Jet Airways,Delhi,Cochin,DEL ? BOM ? COK,04:25 10 May,No info,15554,9,5,3,0,0,1310.0,395
Air India,Delhi,Cochin,DEL ? BOM ? COK,19:15 28 Mar,No info,6692,27,3,2,0,0,1260.0,1335
SpiceJet,Mumbai,Hyderabad,BOM ? HYD,00:15 16 Jun,No check-in baggage included,1965,15,6,5,0,0,1365.0,90
IndiGo,Mumbai,Hyderabad,BOM ? HYD,21:40,No info,2227,24,6,0,0,0,1205.0,95
IndiGo,Chennai,Kolkata,MAA ? CCU,17:05,No info,3597,9,6,6,0,0,885.0,140
Jet Airways,Delhi,Cochin,DEL ? BOM ? COK,04:25 07 Jun,No info,14714,6,6,3,0,0,840.0,865
SpiceJet,Kolkata,Banglore,CCU ? BLR,19:45,No info,4622,9,3,5,0,0,1035.0,150
Jet Airways,Delhi,Cochin,DEL ? JAI ? BOM ? COK,04:25 02 May,No info,15129,1,5,2,0,0,330.0,1375
IndiGo,Chennai,Kolkata,MAA ? CCU,00:25 16 Jun,No info,5277,15,6,5,0,0,1325.0,140
Multiple carriers,Delhi,Cochin,DEL ? BOM ? COK,18:50,No info,11667,27,3,2,0,0,540.0,590
Jet Airways,Kolkata,Banglore,CCU ? DEL ? BLR,19:10 10 Jun,In-flight meal not included,10539,9,6,6,0,0,1020.0,1570
Jet Airways,Kolkata,Banglore,CCU ? DEL ? BLR,14:25 10 May,No info,11467,9,5,3,0,0,1225.0,1080
Air India,Delhi,Cochin,DEL ? MAA ? COK,09:25 13 Jun,No info,7480,12,6,2,0,0,1040.0,965
GoAir,Banglore,Delhi,BLR ? DEL,23:40,No info,3419,24,4,2,0,0,1255.0,165
IndiGo,Delhi,Cochin,DEL ? BOM ? COK,01:30 28 Jun,No info,5684,27,6,3,0,0,635.0,895
IndiGo,Kolkata,Banglore,CCU ? NAG ? BLR,23:30,No info,6218,12,6,2,0,0,1085.0,325
Jet Airways,Kolkata,Banglore,CCU ? BOM ? BLR,04:40 13 Jun,In-flight meal not included,6959,12,6,2,0,0,1200.0,520
Vistara,Banglore,Delhi,BLR ? DEL,22:15,No info,4878,12,6,2,0,0,1170.0,165
Air India,Kolkata,Banglore,CCU ? DEL ? AMD ? BLR,05:25 02 Apr,No info,12219,1,4,0,0,0,420.0,1345
Jet Airways,Kolkata,Banglore,CCU ? DEL ? BLR,09:45 22 May,In-flight meal not included,12384,21,5,1,0,0,1225.0,800
Jet Airways,Delhi,Cochin,DEL ? COK,14:15,In-flight meal not included,7202,15,6,5,0,0,660.0,195
SpiceJet,Kolkata,Banglore,CCU ? BLR,19:40,No info,4174,1,6,5,0,0,1030.0,150
Air India,Mumbai,Hyderabad,BOM ? HYD,16:25,No info,3100,12,5,6,0,0,900.0,85
Jet Airways,Banglore,New Delhi,BLR ? BOM ? DEL,15:15,In-flight meal not included,7832,21,3,3,0,0,535.0,380
Multiple carriers,Delhi,Cochin,DEL ? HYD ? COK,22:30,No info,6723,9,6,6,0,0,895.0,455
Air India,Kolkata,Banglore,CCU ? JAI ? BOM ? BLR,07:55 07 Jun,No info,10697,6,6,3,0,0,500.0,1415
SpiceJet,Kolkata,Banglore,CCU ? BLR,00:40 02 Jun,No check-in baggage included,3841,1,6,5,0,0,1340.0,140
Air India,Kolkata,Banglore,CCU ? GAU ? DEL ? BLR,12:00 02 Apr,No info,9920,1,4,0,0,0,1005.0,1155
IndiGo,Banglore,New Delhi,BLR ? DEL,21:20,No info,12649,1,3,4,0,0,1105.0,175
IndiGo,Delhi,Cochin,DEL ? BOM ? COK,21:00,No info,6093,6,6,3,0,0,685.0,575
Jet Airways,Delhi,Cochin,DEL ? JAI ? BOM ? COK,04:25 28 May,No info,15129,27,5,0,0,0,330.0,1375
Jet Airways,Banglore,Delhi,BLR ? DEL,20:45,In-flight meal not included,4544,27,4,5,0,0,1065.0,180
Air India,Kolkata,Banglore,CCU ? BLR,16:45,No info,5170,27,3,2,0,0,855.0,150
IndiGo,Mumbai,Hyderabad,BOM ? HYD,04:05,No info,2754,9,6,6,0,0,155.0,90
Air India,Mumbai,Hyderabad,BOM ? HYD,15:25,No info,3100,12,6,2,0,0,835.0,90
Air India,Kolkata,Banglore,CCU ? GAU ? DEL ? BLR,23:15 02 Apr,No info,9237,1,4,0,0,0,1005.0,1830
Multiple carriers,Delhi,Cochin,DEL ? BOM ? COK,01:30 16 Jun,No info,7198,15,6,5,0,0,780.0,750
Jet Airways,Delhi,Cochin,DEL ? BOM ? COK,12:35 02 Jun,In-flight meal not included,10262,1,6,5,0,0,690.0,1505
SpiceJet,Delhi,Cochin,DEL ? MAA ? COK,21:55,No info,5111,27,3,2,0,0,955.0,360
Air India,Delhi,Cochin,DEL ? GOI ? BOM ? COK,19:15 28 Jun,No info,10441,27,6,3,0,0,1320.0,1275
Multiple carriers,Delhi,Cochin,DEL ? BOM ? COK,19:15,No info,10261,1,6,5,0,0,525.0,630
IndiGo,Chennai,Kolkata,MAA ? CCU,21:55,No info,6297,9,3,5,0,0,1175.0,140
Multiple carriers,Delhi,Cochin,DEL ? BOM ? COK,19:00,No info,12192,15,6,5,0,0,230.0,910
IndiGo,Banglore,Delhi,BLR ? DEL,13:00,No info,3943,15,6,5,0,0,610.0,170
Jet Airways,Delhi,Cochin,DEL ? BHO ? BOM ? COK,12:35,No info,16274,27,5,0,0,0,330.0,425
Jet Airways,Delhi,Cochin,DEL ? BOM ? COK,12:35,In-flight meal not included,12898,21,5,1,0,0,425.0,330
SpiceJet,Banglore,Delhi,BLR ? DEL,08:35,No info,3311,15,5,2,0,0,355.0,160
Multiple carriers,Delhi,Cochin,DEL ? BOM ? COK,12:35,No info,9103,21,5,1,0,0,295.0,460
IndiGo,Kolkata,Banglore,CCU ? BLR,00:55 16 Mar,No info,4148,15,3,4,0,0,1330.0,165
IndiGo,Kolkata,Banglore,CCU ? BLR,18:05,No info,5224,9,6,6,0,0,930.0,155
IndiGo,Kolkata,Banglore,CCU ? BLR,07:15,No info,4804,9,5,3,0,0,280.0,155
IndiGo,Chennai,Kolkata,MAA ? CCU,21:55,No info,3597,6,6,3,0,0,1175.0,140
IndiGo,Kolkata,Banglore,CCU ? BLR,14:05,No info,4804,27,6,3,0,0,690.0,155
Jet Airways,Mumbai,Hyderabad,BOM ? HYD,11:50,In-flight meal not included,4995,6,5,0,0,0,620.0,90
SpiceJet,Kolkata,Banglore,CCU ? BLR,11:25,No info,3873,9,4,1,0,0,540.0,145
Jet Airways,Delhi,Cochin,DEL ? BOM ? COK,04:25 02 Jun,In-flight meal not included,10262,1,6,5,0,0,900.0,805
Jet Airways,Mumbai,Hyderabad,BOM ? HYD,21:05,In-flight meal not included,3210,18,6,1,0,0,1175.0,90
GoAir,Delhi,Cochin,DEL ? HYD ? COK,13:35,No info,6276,9,6,6,0,0,450.0,365
Jet Airways,Banglore,New Delhi,BLR ? BOM ? DEL,08:15 13 Mar,In-flight meal not included,9134,9,3,5,0,0,1285.0,650
Jet Airways,Banglore,New Delhi,BLR ? BOM ? DEL,13:15 13 Mar,In-flight meal not included,11087,12,3,1,0,0,1135.0,1100
Jet Airways,Kolkata,Banglore,CCU ? BOM ? BLR,04:40 02 May,No info,13941,1,5,2,0,0,845.0,875
Air India,Delhi,Cochin,DEL ? COK,08:00,No info,5201,3,6,0,0,0,310.0,170
IndiGo,Delhi,Cochin,DEL ? HYD ? COK,16:10,No info,6171,24,4,2,0,0,305.0,665
Air Asia,Kolkata,Banglore,CCU ? BLR,22:05,No info,5964,1,3,4,0,0,1175.0,150
Jet Airways,Delhi,Cochin,DEL ? AMD ? BOM ? COK,19:00 28 May,No info,15129,27,5,0,0,0,1150.0,1430
Jet Airways,Delhi,Cochin,DEL ? JAI ? BOM ? COK,12:35 19 May,In-flight meal not included,13029,18,5,5,0,0,580.0,1615
Jet Airways,Banglore,Delhi,BLR ? DEL,11:20,In-flight meal not included,4030,27,5,0,0,0,500.0,180
GoAir,Kolkata,Banglore,CCU ? AMD ? BLR,00:15 19 May,No info,10586,18,5,5,0,0,1000.0,455
Air India,Mumbai,Hyderabad,BOM ? JAI ? DEL ? HYD,19:25 07 Mar,No info,17926,6,3,2,0,0,695.0,1910
Jet Airways,Delhi,Cochin,DEL ? COK,14:15,No info,9564,6,6,3,0,0,660.0,195
Jet Airways,Kolkata,Banglore,CCU ? GAU ? BLR,17:35,No info,8355,15,5,2,0,0,620.0,435
Multiple carriers,Delhi,Cochin,DEL ? BOM ? COK,01:30 07 Jun,No info,6795,6,6,3,0,0,620.0,910
Air India,Delhi,Cochin,DEL ? BLR ? COK,08:15 16 May,No info,10671,15,5,2,0,0,810.0,1125
Air India,Delhi,Cochin,DEL ? UDR ? BOM ? COK,07:40 28 Mar,No info,10178,27,3,2,0,0,800.0,1100
Vistara,Kolkata,Banglore,CCU ? DEL ? BLR,09:05 13 Jun,No info,7927,12,6,2,0,0,430.0,1555
Air India,Mumbai,Hyderabad,BOM ? HYD,15:25,No info,3100,18,5,5,0,0,835.0,90
Air India,Delhi,Cochin,DEL ? AMD ? BOM ? COK,19:15 07 Mar,No info,12646,6,3,2,0,0,1185.0,1410
IndiGo,Delhi,Cochin,DEL ? BLR ? COK,10:05,No info,7894,6,3,2,0,0,305.0,300
IndiGo,Banglore,Delhi,BLR ? DEL,04:15,No info,3943,24,6,0,0,0,90.0,165
Multiple carriers,Delhi,Cochin,DEL ? BOM ? COK,19:15,No info,7575,9,5,3,0,0,685.0,470
Jet Airways,Delhi,Cochin,DEL ? IDR ? BOM ? COK,19:45 07 Mar,No info,16914,6,3,2,0,0,325.0,2300
Vistara,Delhi,Cochin,DEL ? COK,17:50,No info,6216,24,6,0,0,0,880.0,190
IndiGo,Delhi,Cochin,DEL ? BLR ? COK,22:15,No info,6147,21,5,1,0,0,1025.0,310
IndiGo,Delhi,Cochin,DEL ? BOM ? COK,01:30 16 May,No info,6979,15,5,2,0,0,1050.0,480
Air India,Delhi,Cochin,DEL ? COK,21:10,No info,6094,27,5,0,0,0,1085.0,185
Jet Airways,Delhi,Cochin,DEL ? BOM ? COK,04:25 28 Mar,No info,12242,27,3,2,0,0,1250.0,455
Air India,Kolkata,Banglore,CCU ? BBI ? BOM ? BLR,21:50,No info,9416,12,6,2,0,0,720.0,590
Air India,Delhi,Cochin,DEL ? HYD ? MAA ? COK,09:25 22 Mar,No info,7107,21,3,3,0,0,795.0,1210
Jet Airways,Delhi,Cochin,DEL ? IDR ? BOM ? COK,19:00 10 Jun,No info,13292,9,6,6,0,0,1285.0,1295
IndiGo,Chennai,Kolkata,MAA ? CCU,10:15,No info,7295,3,3,6,0,0,475.0,140
IndiGo,Banglore,Delhi,BLR ? DEL,03:25,No info,4423,18,4,3,0,0,30.0,175
IndiGo,Banglore,New Delhi,BLR ? DEL,02:20 28 Mar,No info,5694,24,3,6,0,0,1410.0,170
Jet Airways,Banglore,New Delhi,BLR ? BOM ? DEL,10:25,In-flight meal not included,8147,24,3,6,0,0,345.0,280
Multiple carriers,Delhi,Cochin,DEL ? BOM ? COK,01:30 28 May,No info,13377,27,5,0,0,0,780.0,750
Jet Airways,Banglore,New Delhi,BLR ? BOM ? DEL,00:45 07 Mar,In-flight meal not included,13502,6,3,2,0,0,845.0,640
Jet Airways,Delhi,Cochin,DEL ? BHO ? BOM ? COK,04:25 10 Mar,In-flight meal not included,13764,9,3,5,0,0,340.0,1365
Jet Airways,Kolkata,Banglore,CCU ? DEL ? BLR,09:45 07 Jun,No info,12692,6,6,3,0,0,1020.0,1005
IndiGo,Kolkata,Banglore,CCU ? BLR,19:50,No info,4804,18,5,5,0,0,1035.0,155
Jet Airways,Kolkata,Banglore,CCU ? BOM ? BLR,09:20 02 Apr,In-flight meal not included,7064,1,4,0,0,0,505.0,1495
Jet Airways,Delhi,Cochin,DEL ? BOM ? COK,12:35,No info,14924,24,6,0,0,0,425.0,330
IndiGo,Kolkata,Banglore,CCU ? BLR,17:55,No info,6565,1,3,4,0,0,920.0,155
Air India,Delhi,Cochin,DEL ? AMD ? BOM ? COK,19:15 19 May,No info,9863,18,5,5,0,0,1000.0,1595
IndiGo,Delhi,Cochin,DEL ? BOM ? COK,21:00,No info,7725,6,3,2,0,0,960.0,300
Air India,Delhi,Cochin,DEL ? GOI ? BOM ? COK,19:15 16 May,No info,11281,15,5,2,0,0,1320.0,1275
Jet Airways,Mumbai,Hyderabad,BOM ? HYD,21:05,In-flight meal not included,3210,21,5,1,0,0,1175.0,90
Air India,Kolkata,Banglore,CCU ? HYD ? BLR,04:40 02 May,No info,6117,1,5,2,0,0,1140.0,580
Jet Airways,Delhi,Cochin,DEL ? BOM ? COK,04:25 25 Jun,In-flight meal not included,10262,24,6,0,0,0,960.0,745
IndiGo,Banglore,Delhi,BLR ? DEL,06:50,No info,3943,1,4,0,0,0,240.0,170
Jet Airways,Kolkata,Banglore,CCU ? BOM ? BLR,04:40 13 Jun,No info,12576,12,6,2,0,0,1135.0,585
Air Asia,Delhi,Cochin,DEL ? BLR ? COK,13:25,No info,7452,21,4,6,0,0,475.0,330
Jet Airways,Kolkata,Banglore,CCU ? BOM ? BLR,16:20,No info,14781,1,5,2,0,0,390.0,590
Air India,Kolkata,Banglore,CCU ? BBI ? BLR,13:15,No info,8996,12,6,2,0,0,550.0,245
Air India,Delhi,Cochin,DEL ? BLR ? COK,08:15 07 Mar,No info,11563,6,3,2,0,0,810.0,1125
IndiGo,Banglore,New Delhi,BLR ? DEL,06:50,No info,4777,9,3,5,0,0,240.0,170
IndiGo,Kolkata,Banglore,CCU ? BLR,18:05,No info,4174,9,4,1,0,0,930.0,155
SpiceJet,Kolkata,Banglore,CCU ? BLR,19:40,No check-in baggage included,3841,6,6,3,0,0,1030.0,150
Jet Airways,Delhi,Cochin,DEL ? ATQ ? BOM ? COK,04:25 25 Jun,No info,13775,24,6,0,0,0,1100.0,605
Air India,Delhi,Cochin,DEL ? MAA ? COK,09:25 28 Mar,No info,5117,27,3,2,0,0,1040.0,965
Jet Airways,Mumbai,Hyderabad,BOM ? HYD,21:05,No info,5678,15,6,5,0,0,1175.0,90
Jet Airways,Delhi,Cochin,DEL ? BOM ? COK,19:00,In-flight meal not included,5177,1,4,0,0,0,840.0,300
SpiceJet,Delhi,Cochin,DEL ? BLR ? COK,22:50,No info,5975,9,5,3,0,0,1075.0,295
IndiGo,Banglore,New Delhi,BLR ? DEL,03:25,No info,6860,3,3,6,0,0,40.0,165
IndiGo,Kolkata,Banglore,CCU ? BLR,12:20,No info,4804,18,5,5,0,0,575.0,165
Multiple carriers,Delhi,Cochin,DEL ? BOM ? COK,01:30 28 Jun,No info,13377,27,6,3,0,0,690.0,840
Air India,Delhi,Cochin,DEL ? BOM ? COK,19:15,No info,8372,21,5,1,0,0,600.0,555
Multiple carriers,Delhi,Cochin,DEL ? BOM ? COK,21:00,No info,7933,1,6,5,0,0,540.0,720
IndiGo,Mumbai,Hyderabad,BOM ? HYD,07:55,No info,4049,15,5,2,0,0,385.0,90
Air India,Banglore,New Delhi,BLR ? DEL,12:45,No info,11423,3,3,6,0,0,600.0,165
Jet Airways,Kolkata,Banglore,CCU ? BOM ? BLR,16:20 16 May,In-flight meal not included,10844,15,5,2,0,0,1135.0,1285
Jet Airways,Delhi,Cochin,DEL ? JAI ? BOM ? COK,04:25 23 Mar,No info,12819,21,3,3,0,0,580.0,2565
SpiceJet,Banglore,Delhi,BLR ? DEL,00:05 19 Apr,No info,5621,18,4,3,0,0,1270.0,175
Air India,Banglore,Delhi,BLR ? DEL,19:45,No info,5228,9,5,3,0,0,1020.0,165
Jet Airways,Delhi,Cochin,DEL ? IDR ? BOM ? COK,19:45 28 Mar,In-flight meal not included,9254,27,3,2,0,0,325.0,2300
IndiGo,Mumbai,Hyderabad,BOM ? HYD,07:55,No info,4392,1,5,2,0,0,385.0,90
Jet Airways,Mumbai,Hyderabad,BOM ? HYD,11:50,No info,8040,21,3,3,0,0,620.0,90
Air Asia,Banglore,Delhi,BLR ? DEL,13:55,No info,4483,27,4,5,0,0,670.0,165
Air India,Delhi,Cochin,DEL ? HYD ? MAA ? COK,09:25 04 Mar,No info,12760,3,3,6,0,0,585.0,1420
Jet Airways,Banglore,Delhi,BLR ? DEL,18:10,No info,7229,15,5,2,0,0,915.0,175
Vistara,Banglore,Delhi,BLR ? DEL,09:40,No info,5403,24,4,2,0,0,420.0,160
Air India,Delhi,Cochin,DEL ? BOM ? COK,19:15,No info,7934,21,3,3,0,0,420.0,735
GoAir,Kolkata,Banglore,CCU ? BOM ? BLR,07:45 16 May,No info,6945,15,5,2,0,0,1410.0,495
SpiceJet,Banglore,Delhi,BLR ? DEL,12:20,No info,4423,6,4,5,0,0,570.0,170
Jet Airways,Mumbai,Hyderabad,BOM ? HYD,08:35,No info,8040,15,3,4,0,0,430.0,85
Jet Airways,Delhi,Cochin,DEL ? BOM ? COK,19:00,In-flight meal not included,11399,9,5,3,0,0,480.0,660
Jet Airways,Delhi,Cochin,DEL ? COK,14:15,In-flight meal not included,7202,21,4,6,0,0,660.0,195
Multiple carriers,Delhi,Cochin,DEL ? BOM ? COK,21:00,No info,13727,9,5,3,0,0,690.0,570
SpiceJet,Delhi,Cochin,DEL ? BLR ? COK,22:50,No info,4957,24,6,0,0,0,1075.0,295
Jet Airways,Delhi,Cochin,DEL ? BOM ? COK,19:00,In-flight meal not included,10262,3,6,0,0,0,780.0,360
SpiceJet,Mumbai,Hyderabad,BOM ? HYD,07:15,No info,2017,3,4,2,0,0,345.0,90
Jet Airways,Delhi,Cochin,DEL ? BOM ? COK,04:25 28 Mar,No info,12242,27,3,2,0,0,1095.0,610
Jet Airways,Mumbai,Hyderabad,BOM ? HYD,11:50,No info,10875,1,3,4,0,0,620.0,90
Jet Airways,Kolkata,Banglore,CCU ? BOM ? BLR,20:45,In-flight meal not included,10844,9,6,6,0,0,845.0,400
Air Asia,Kolkata,Banglore,CCU ? BLR,12:55,No info,4409,3,6,0,0,0,620.0,155
Air India,Banglore,New Delhi,BLR ? COK ? DEL,23:20,No info,6987,21,3,3,0,0,415.0,985
Jet Airways,Delhi,Cochin,DEL ? BHO ? BOM ? COK,04:25 28 Mar,No info,12074,27,3,2,0,0,340.0,1365
Multiple carriers,Delhi,Cochin,DEL ? BOM ? COK,19:15,No info,7354,6,6,3,0,0,685.0,470
Air India,Delhi,Cochin,DEL ? CCU ? BOM ? COK,19:15 04 Jun,No info,13381,3,6,0,0,0,1015.0,1580
Air India,Delhi,Cochin,DEL ? COK,08:00,No info,5201,15,6,5,0,0,310.0,170
Jet Airways,Kolkata,Banglore,CCU ? BOM ? BLR,12:00 02 May,In-flight meal not included,9663,1,5,2,0,0,990.0,1170
Air India,Delhi,Cochin,DEL ? COK,21:10,No info,6094,9,5,3,0,0,1085.0,185
Jet Airways,Delhi,Cochin,DEL ? COK,14:15,In-flight meal not included,7202,12,5,6,0,0,660.0,195
Vistara,Chennai,Kolkata,MAA ? CCU,20:05,No info,11982,6,6,3,0,0,1065.0,140
Jet Airways,Banglore,New Delhi,BLR ? BOM ? DEL,16:10,In-flight meal not included,7832,21,3,3,0,0,420.0,550
Air India,Chennai,Kolkata,MAA ? CCU,13:55,No info,7817,9,3,5,0,0,700.0,135
Jet Airways,Delhi,Cochin,DEL ? BOM ? COK,19:00,In-flight meal not included,12373,18,5,5,0,0,780.0,360
Jet Airways,Kolkata,Banglore,CCU ? BOM ? BLR,18:15,In-flight meal not included,10844,18,5,5,0,0,505.0,590
Jet Airways,Delhi,Cochin,DEL ? NAG ? BOM ? COK,12:35 10 Jun,No info,13376,9,6,6,0,0,405.0,1790
Multiple carriers,Delhi,Cochin,DEL ? HYD ? COK,16:10,No info,9646,27,6,3,0,0,585.0,385
SpiceJet,Kolkata,Banglore,CCU ? BLR,00:40 07 Jun,No check-in baggage included,3841,6,6,3,0,0,1340.0,140
SpiceJet,Delhi,Cochin,DEL ? BLR ? COK,22:50,No info,4957,21,3,3,0,0,995.0,375
IndiGo,Kolkata,Banglore,CCU ? BLR,00:05 10 Mar,No info,4148,9,3,5,0,0,1285.0,160
Jet Airways,Banglore,New Delhi,BLR ? BOM ? DEL,05:05 02 Mar,No info,26890,1,3,4,0,0,1370.0,375
Jet Airways,Delhi,Cochin,DEL ? AMD ? BOM ? COK,19:45 28 Mar,In-flight meal not included,8834,27,3,2,0,0,1150.0,1475
IndiGo,Delhi,Cochin,DEL ? BLR ? COK,07:45,No info,5241,24,4,2,0,0,120.0,345
Jet Airways,Delhi,Cochin,DEL ? COK,14:15,In-flight meal not included,7989,27,5,0,0,0,660.0,195
IndiGo,Delhi,Cochin,DEL ? BOM ? COK,01:30 13 Jun,No info,5883,12,6,2,0,0,635.0,895
Air Asia,Kolkata,Banglore,CCU ? BBI ? BLR,10:30,No info,6857,18,5,5,0,0,410.0,220
SpiceJet,Banglore,New Delhi,BLR ? HYD ? DEL,23:40,No info,5822,15,3,4,0,0,935.0,485
Jet Airways,Delhi,Cochin,DEL ? BOM ? COK,04:25 10 Jun,In-flight meal not included,10262,9,6,6,0,0,900.0,805
Jet Airways,Mumbai,Hyderabad,BOM ? HYD,08:30,In-flight meal not included,4995,12,6,2,0,0,425.0,85
SpiceJet,Banglore,Delhi,BLR ? DEL,12:20,No info,4991,21,4,6,0,0,570.0,170
Jet Airways,Banglore,New Delhi,BLR ? BOM ? DEL,21:20,No info,16736,6,3,2,0,0,345.0,935
Jet Airways,Delhi,Cochin,DEL ? JDH ? BOM ? COK,19:00,No info,18804,12,6,2,0,0,700.0,440
IndiGo,Delhi,Cochin,DEL ? HYD ? COK,22:30,No info,6442,1,6,5,0,0,515.0,835
Air India,Kolkata,Banglore,CCU ? BLR,16:45,No info,5170,18,3,0,0,0,855.0,150
SpiceJet,Banglore,New Delhi,BLR ? DEL,23:20,No info,4377,18,3,0,0,0,1230.0,170
Jet Airways,Delhi,Cochin,DEL ? COK,14:15,No info,9564,9,6,6,0,0,660.0,195
SpiceJet,Banglore,Delhi,BLR ? DEL,08:35,No check-in baggage included,3573,27,6,3,0,0,355.0,160
Jet Airways,Delhi,Cochin,DEL ? BOM ? COK,19:45 07 Mar,No info,17024,6,3,2,0,0,1050.0,1575
Air Asia,Banglore,Delhi,BLR ? DEL,07:45,No info,3383,21,5,1,0,0,295.0,170
Jet Airways,Banglore,New Delhi,BLR ? BOM ? DEL,20:20,No info,27992,1,3,4,0,0,845.0,375
Jet Airways,Banglore,Delhi,BLR ? DEL,11:20,No info,7229,12,5,6,0,0,500.0,180
Jet Airways,Banglore,New Delhi,BLR ? BOM ? DEL,10:25,In-flight meal not included,9134,15,3,4,0,0,345.0,280
Air India,Mumbai,Hyderabad,BOM ? HYD,16:25,No info,3100,21,6,4,0,0,900.0,85
Multiple carriers,Delhi,Cochin,DEL ? BOM ? COK,21:00,No info,13727,15,5,2,0,0,540.0,720
Vistara,Kolkata,Banglore,CCU ? DEL ? BLR,20:20,No info,8452,1,4,0,0,0,430.0,790
Jet Airways,Delhi,Cochin,DEL ? BOM ? COK,19:00,No info,14714,3,6,0,0,0,600.0,540
Jet Airways,Banglore,New Delhi,BLR ? MAA ? DEL,15:55,In-flight meal not included,7280,15,3,4,0,0,585.0,370
Air India,Mumbai,Hyderabad,BOM ? GOI ? PNQ ? HYD,16:55,No info,18797,6,3,2,0,0,810.0,205
IndiGo,Mumbai,Hyderabad,BOM ? HYD,13:30,No info,2754,3,6,0,0,0,720.0,90
Air Asia,Kolkata,Banglore,CCU ? BLR,01:20 04 Jun,No info,4409,3,6,0,0,0,1370.0,150
IndiGo,Delhi,Cochin,DEL ? COK,17:35,No info,5021,27,4,5,0,0,860.0,195
Jet Airways,Mumbai,Hyderabad,BOM ? HYD,08:00,No info,8040,9,3,5,0,0,390.0,90
Air India,Delhi,Cochin,DEL ? BOM ? COK,19:15,No info,10454,15,6,5,0,0,540.0,615
Multiple carriers,Delhi,Cochin,DEL ? BOM ? COK,12:35,No info,10197,15,5,2,0,0,230.0,525
Air India,Banglore,Delhi,BLR ? DEL,08:55,No info,5228,12,5,6,0,0,370.0,165
Jet Airways,Delhi,Cochin,DEL ? BOM ? COK,19:00,No info,14714,9,6,6,0,0,840.0,300
Air India,Banglore,New Delhi,BLR ? DEL,08:55,No info,7276,15,3,4,0,0,370.0,165
IndiGo,Delhi,Cochin,DEL ? BBI ? COK,08:30,No info,7731,27,3,2,0,0,155.0,355
Air Asia,Kolkata,Banglore,CCU ? BBI ? BLR,23:30,No info,6857,18,5,5,0,0,1195.0,215
Air India,Banglore,Delhi,BLR ? DEL,08:45,No info,6961,18,6,1,0,0,345.0,180
Jet Airways,Delhi,Cochin,DEL ? BDQ ? BOM ? COK,04:25 22 Mar,In-flight meal not included,7791,21,3,3,0,0,645.0,1060
IndiGo,Banglore,New Delhi,BLR ? DEL,13:00,No info,4777,21,3,3,0,0,610.0,170
Jet Airways,Delhi,Cochin,DEL ? BOM ? COK,04:25 10 Mar,No info,16289,9,3,5,0,0,1155.0,550
Jet Airways,Kolkata,Banglore,CCU ? BOM ? BLR,04:40 02 Apr,No info,12681,1,4,0,0,0,1135.0,585
IndiGo,Banglore,Delhi,BLR ? DEL,21:20,No info,4823,27,4,5,0,0,1105.0,175
Jet Airways,Delhi,Cochin,DEL ? JAI ? BOM ? COK,12:35 10 Jun,No info,13014,9,6,6,0,0,580.0,1615
Jet Airways,Delhi,Cochin,DEL ? BOM ? COK,19:00,In-flight meal not included,5406,6,4,5,0,0,425.0,715
Multiple carriers,Delhi,Cochin,DEL ? BOM ? COK,19:00,No info,9315,15,5,2,0,0,450.0,690
Air India,Delhi,Cochin,DEL ? MAA ? COK,09:25 10 May,No info,7480,9,5,3,0,0,750.0,1255
Jet Airways,Banglore,New Delhi,BLR ? BOM ? DEL,19:10,No info,14815,18,3,0,0,0,845.0,305
Air India,Kolkata,Banglore,CCU ? DEL ? BLR,16:15 25 Mar,No info,12173,24,3,6,0,0,1230.0,1185
Air India,Banglore,New Delhi,BLR ? CCU ? BBI ? DEL,23:45,No info,7664,15,3,4,0,0,350.0,1075
Air India,Delhi,Cochin,DEL ? HYD ? BOM ? COK,19:15 07 Jun,No info,12777,6,6,3,0,0,1035.0,1560
Multiple carriers,Delhi,Cochin,DEL ? BOM ? COK,19:15,No info,8837,27,5,0,0,0,450.0,705
Jet Airways,Kolkata,Banglore,CCU ? BOM ? BLR,10:05 02 May,In-flight meal not included,10844,1,5,2,0,0,1270.0,775
Jet Airways,Kolkata,Banglore,CCU ? BOM ? BLR,19:50,No info,14571,24,5,4,0,0,390.0,800
IndiGo,Delhi,Cochin,DEL ? BOM ? COK,21:00,No info,6093,15,6,5,0,0,450.0,810
IndiGo,Delhi,Cochin,DEL ? HYD ? COK,16:10,No info,7514,6,3,2,0,0,515.0,455
IndiGo,Delhi,Cochin,DEL ? COK,17:40,No info,6015,18,5,5,0,0,865.0,195
Jet Airways,Delhi,Cochin,DEL ? BOM ? COK,04:25 22 May,In-flight meal not included,12898,21,5,1,0,0,600.0,1105
Air India,Delhi,Cochin,DEL ? BOM ? COK,19:15 02 Jun,No info,8792,1,6,5,0,0,1140.0,1455
IndiGo,Banglore,Delhi,BLR ? DEL,11:20,No info,4823,15,5,2,0,0,510.0,170
SpiceJet,Banglore,Delhi,BLR ? DEL,08:35,No check-in baggage included,3919,1,4,0,0,0,355.0,160
IndiGo,Chennai,Kolkata,MAA ? CCU,15:35,No info,3597,1,5,2,0,0,795.0,140
SpiceJet,Mumbai,Hyderabad,BOM ? HYD,07:15,No info,2017,21,5,1,0,0,345.0,90
Air Asia,Banglore,Delhi,BLR ? DEL,02:45 28 Jun,No info,3383,27,6,3,0,0,1435.0,170
SpiceJet,Mumbai,Hyderabad,BOM ? HYD,00:15 19 Jun,No check-in baggage included,1965,18,6,1,0,0,1365.0,90
Jet Airways,Delhi,Cochin,DEL ? BOM ? COK,12:35,In-flight meal not included,10262,24,6,0,0,0,135.0,620
Jet Airways,Delhi,Cochin,DEL ? BOM ? COK,04:25 04 Mar,No info,17234,3,3,6,0,0,960.0,745
Jet Airways,Kolkata,Banglore,CCU ? BOM ? BLR,04:40 10 Jun,No info,14178,9,6,6,0,0,1200.0,520
IndiGo,Delhi,Cochin,DEL ? MAA ? COK,07:25,No info,5636,3,6,0,0,0,120.0,325
IndiGo,Banglore,Delhi,BLR ? DEL,21:50,No info,4823,15,4,0,0,0,1135.0,175
Air India,Delhi,Cochin,DEL ? MAA ? COK,09:25 22 May,No info,7480,21,5,1,0,0,750.0,1255
Jet Airways,Kolkata,Banglore,CCU ? BOM ? BLR,16:20 10 Jun,No info,14571,9,6,6,0,0,1135.0,1285
IndiGo,Mumbai,Hyderabad,BOM ? HYD,10:40,No info,13999,1,3,4,0,0,550.0,90
Jet Airways,Kolkata,Banglore,CCU ? DEL ? BLR,21:05 19 May,No info,14151,18,5,5,0,0,1225.0,1480
Air India,Banglore,Delhi,BLR ? DEL,23:55,No info,6121,1,5,2,0,0,1265.0,170
SpiceJet,Chennai,Kolkata,MAA ? CCU,10:35,No check-in baggage included,3543,24,5,4,0,0,500.0,135
Air India,Delhi,Cochin,DEL ? AMD ? BOM ? COK,19:15 19 May,No info,10651,18,5,5,0,0,1185.0,1410
Jet Airways,Delhi,Cochin,DEL ? AMD ? BOM ? COK,04:25 23 May,No info,15129,21,5,1,0,0,1385.0,1760
IndiGo,Delhi,Cochin,DEL ? MAA ? COK,12:30,No info,6582,24,6,0,0,0,435.0,315
Jet Airways,Delhi,Cochin,DEL ? BHO ? BOM ? COK,12:35,In-flight meal not included,15544,27,5,0,0,0,330.0,425
IndiGo,Delhi,Cochin,DEL ? BOM ? COK,01:35 28 Mar,No info,8574,27,3,2,0,0,1115.0,420
IndiGo,Mumbai,Hyderabad,BOM ? HYD,04:00,No info,4784,9,3,5,0,0,150.0,90
IndiGo,Delhi,Cochin,DEL ? HYD ? COK,12:10,No info,6818,3,6,0,0,0,305.0,425
Jet Airways,Banglore,New Delhi,BLR ? BOM ? DEL,09:30 02 Mar,No info,25735,1,3,4,0,0,845.0,1165
Jet Airways,Delhi,Cochin,DEL ? AMD ? BOM ? COK,19:00 10 Apr,No info,9483,9,4,1,0,0,805.0,1775
Jet Airways,Delhi,Cochin,DEL ? JAI ? BOM ? COK,12:35 25 Jun,In-flight meal not included,10368,24,6,0,0,0,1170.0,1025
Multiple carriers,Delhi,Cochin,DEL ? BOM ? COK,21:00,No info,8073,15,5,2,0,0,540.0,720
IndiGo,Kolkata,Banglore,CCU ? BLR,00:55 02 Mar,No info,4778,1,3,4,0,0,1330.0,165
Jet Airways,Kolkata,Banglore,CCU ? BOM ? BLR,04:40 19 May,No info,13941,18,5,5,0,0,1200.0,520
Jet Airways,Kolkata,Banglore,CCU ? BOM ? BLR,22:35,In-flight meal not included,10844,1,5,2,0,0,990.0,365
Jet Airways,Kolkata,Banglore,CCU ? BOM ? BLR,19:50,In-flight meal not included,10844,9,5,3,0,0,390.0,800
SpiceJet,Kolkata,Banglore,CCU ? BLR,11:25,No check-in baggage included,3841,24,5,4,0,0,540.0,145
Jet Airways,Kolkata,Banglore,CCU ? BOM ? BLR,16:20,In-flight meal not included,10844,15,5,2,0,0,390.0,590
Jet Airways,Delhi,Cochin,DEL ? MAA ? BOM ? COK,18:50,In-flight meal not included,8728,27,3,2,0,0,310.0,820
Jet Airways,Kolkata,Banglore,CCU ? DEL ? BLR,14:25 02 May,No info,11467,1,5,2,0,0,1225.0,1080
Multiple carriers,Delhi,Cochin,DEL ? BOM ? COK,15:30,No info,15078,6,3,2,0,0,540.0,390
Multiple carriers,Delhi,Cochin,DEL ? BOM ? COK,01:30 07 Jun,No info,7198,6,6,3,0,0,1020.0,510
Air India,Delhi,Cochin,DEL ? BOM ? COK,07:40 25 Jun,No info,8372,24,6,0,0,0,1260.0,640
Multiple carriers,Delhi,Cochin,DEL ? BOM ? COK,01:30 28 May,In-flight meal not included,7308,27,5,0,0,0,960.0,570
SpiceJet,Delhi,Cochin,DEL ? PNQ ? COK,13:15,No check-in baggage included,4414,27,3,2,0,0,525.0,270
IndiGo,Kolkata,Banglore,CCU ? BLR,16:55,No info,5224,18,4,3,0,0,865.0,150
Jet Airways,Banglore,New Delhi,BLR ? BOM ? DEL,16:10,In-flight meal not included,7832,21,3,3,0,0,345.0,625
IndiGo,Banglore,New Delhi,BLR ? DEL,04:15,No info,6860,9,3,5,0,0,90.0,165
Multiple carriers,Delhi,Cochin,DEL ? BOM ? COK,01:35 07 Mar,In-flight meal not included,15136,6,3,2,0,0,780.0,755
Jet Airways,Delhi,Cochin,DEL ? BOM ? COK,19:45 28 Mar,In-flight meal not included,5963,27,3,2,0,0,960.0,1665
Air India,Delhi,Cochin,DEL ? HYD ? BOM ? COK,19:15 28 Mar,No info,8665,27,3,2,0,0,1290.0,1305
Jet Airways,Delhi,Cochin,DEL ? AMD ? BOM ? COK,04:25 23 May,No info,15129,21,5,1,0,0,1385.0,1760
SpiceJet,Kolkata,Banglore,CCU ? BLR,19:40,No check-in baggage included,3841,18,5,5,0,0,1030.0,150
Multiple carriers,Delhi,Cochin,DEL ? BOM ? COK,01:30 10 Jun,No info,13377,9,6,6,0,0,600.0,930
Jet Airways,Delhi,Cochin,DEL ? IDR ? BOM ? COK,04:25 10 Mar,No info,16914,9,3,5,0,0,325.0,1380
Jet Airways,Delhi,Cochin,DEL ? BOM ? COK,19:00,In-flight meal not included,10262,9,6,6,0,0,135.0,1005
IndiGo,Kolkata,Banglore,CCU ? MAA ? BLR,22:15,No info,5386,9,5,3,0,0,1055.0,280
Jet Airways,Kolkata,Banglore,CCU ? BOM ? BLR,04:40 16 May,No info,14388,15,5,2,0,0,1270.0,450
Jet Airways,Delhi,Cochin,DEL ? JAI ? BOM ? COK,19:00,No info,15129,27,5,0,0,0,330.0,810
IndiGo,Delhi,Cochin,DEL ? HYD ? COK,22:30,No info,6442,15,5,2,0,0,715.0,635
Jet Airways,Delhi,Cochin,DEL ? JAI ? BOM ? COK,12:35 04 Jun,In-flight meal not included,10368,3,6,0,0,0,1170.0,1025
Jet Airways,Delhi,Cochin,DEL ? BOM ? COK,18:50 22 Mar,No info,12767,21,3,3,0,0,900.0,1670
Jet Airways,Delhi,Cochin,DEL ? BOM ? COK,04:25 07 Jun,In-flight meal not included,10262,6,6,3,0,0,900.0,805
Multiple carriers,Delhi,Cochin,DEL ? BOM ? COK,21:00,No info,7408,12,6,2,0,0,480.0,780
Multiple carriers,Delhi,Cochin,DEL ? BOM ? COK,21:00,No info,13587,27,6,3,0,0,600.0,660
Air India,Kolkata,Banglore,CCU ? BOM ? BLR,07:55 16 May,No info,8891,15,5,2,0,0,1010.0,905
IndiGo,Delhi,Cochin,DEL ? BOM ? COK,01:30 07 Jun,No info,5883,6,6,3,0,0,635.0,895
Jet Airways,Delhi,Cochin,DEL ? BOM ? COK,12:35 28 Jun,In-flight meal not included,10262,27,6,3,0,0,780.0,1415
Jet Airways,Kolkata,Banglore,CCU ? BOM ? BLR,20:45 10 Jun,In-flight meal not included,10844,9,6,6,0,0,1270.0,1415
Jet Airways,Kolkata,Banglore,CCU ? BOM ? BLR,19:50,No info,14781,9,5,3,0,0,390.0,800
IndiGo,Chennai,Kolkata,MAA ? CCU,17:05,No info,6297,15,3,4,0,0,880.0,145
Air Asia,Kolkata,Banglore,CCU ? BLR,01:20 13 May,No info,4409,12,5,6,0,0,1370.0,150
Air India,Delhi,Cochin,DEL ? GOI ? BOM ? COK,19:15,No info,12383,9,6,6,0,0,655.0,500
SpiceJet,Mumbai,Hyderabad,BOM ? HYD,14:45,No info,2017,3,5,4,0,0,795.0,90
Air India,Mumbai,Hyderabad,BOM ? DEL ? HYD,09:10 07 Mar,No info,12308,6,3,2,0,0,1140.0,850
SpiceJet,Chennai,Kolkata,MAA ? CCU,20:05,No info,3384,18,3,0,0,0,1065.0,140
Jet Airways,Banglore,New Delhi,BLR ? BOM ? DEL,16:10,In-flight meal not included,9134,15,3,4,0,0,535.0,435
IndiGo,Delhi,Cochin,DEL ? MAA ? COK,07:25,No info,7464,18,5,5,0,0,120.0,325
Multiple carriers,Delhi,Cochin,DEL ? HYD ? COK,16:10,In-flight meal not included,6093,27,4,5,0,0,430.0,540
Multiple carriers,Delhi,Cochin,DEL ? BOM ? COK,18:50,No info,15237,3,3,6,0,0,240.0,890
Jet Airways,Mumbai,Hyderabad,BOM ? HYD,08:30,In-flight meal not included,4995,1,5,2,0,0,425.0,85
Air India,Delhi,Cochin,DEL ? COK,17:10,No info,6934,24,5,4,0,0,850.0,180
Jet Airways,Kolkata,Banglore,CCU ? BOM ? BLR,10:05 02 Apr,No info,13784,1,4,0,0,0,1270.0,775
Air Asia,Kolkata,Banglore,CCU ? BLR,12:55,No info,4409,15,6,5,0,0,620.0,155
Multiple carriers,Delhi,Cochin,DEL ? BOM ? COK,19:15,No info,15898,27,5,0,0,0,780.0,375
Air India,Delhi,Cochin,DEL ? HYD ? BOM ? COK,19:15 22 May,No info,11989,21,5,1,0,0,1035.0,1560
SpiceJet,Mumbai,Hyderabad,BOM ? HYD,14:45,No info,2017,3,6,0,0,0,795.0,90
Multiple carriers,Delhi,Cochin,DEL ? BOM ? COK,19:00,No info,11098,1,6,5,0,0,295.0,845
IndiGo,Delhi,Cochin,DEL ? BOM ? COK,01:30 22 May,No info,6794,21,5,1,0,0,1050.0,480
Jet Airways,Kolkata,Banglore,CCU ? BOM ? BLR,09:20 02 May,In-flight meal not included,10844,1,5,2,0,0,1270.0,730
Multiple carriers,Delhi,Cochin,DEL ? IDR ? BOM ? COK,01:35 10 Mar,No info,34608,9,3,5,0,0,905.0,630
Air India,Delhi,Cochin,DEL ? COK,17:10,No info,6094,15,5,2,0,0,850.0,180
IndiGo,Kolkata,Banglore,CCU ? HYD ? BLR,20:30,No info,4565,9,5,3,0,0,915.0,315
Air India,Delhi,Cochin,DEL ? RPR ? NAG ? BOM ? COK,19:15 28 May,No info,10493,27,5,0,0,0,315.0,2280
Air India,Delhi,Cochin,DEL ? AMD ? BOM ? COK,19:15 28 Jun,No info,9653,27,6,3,0,0,1185.0,1410
Air India,Banglore,New Delhi,BLR ? BOM ? NAG ? DEL,10:35 16 Mar,No info,12305,18,3,0,0,0,405.0,1670
Air India,Banglore,Delhi,BLR ? DEL,12:45,No info,6961,15,5,2,0,0,600.0,165
Multiple carriers,Delhi,Cochin,DEL ? BOM ? COK,12:35,No info,9794,15,5,2,0,0,360.0,395
Multiple carriers,Delhi,Cochin,DEL ? BOM ? COK,01:30 28 May,No info,13377,27,5,0,0,0,1050.0,480
Jet Airways,Delhi,Cochin,DEL ? BOM ? COK,19:00,In-flight meal not included,12898,27,5,0,0,0,135.0,1005
Multiple carriers,Delhi,Cochin,DEL ? BOM ? COK,19:15,No info,7155,27,6,3,0,0,685.0,470
Multiple carriers,Delhi,Cochin,DEL ? BOM ? COK,01:30 25 Jun,No info,13377,24,6,0,0,0,900.0,630
Vistara,Banglore,Delhi,BLR ? DEL,14:20,No info,4668,3,5,4,0,0,690.0,170
IndiGo,Banglore,New Delhi,BLR ? HYD ? DEL,12:20,No info,8110,1,3,4,0,0,450.0,290
Jet Airways,Banglore,Delhi,BLR ? DEL,11:20,In-flight meal not included,4544,6,4,5,0,0,500.0,180
Air India,Delhi,Cochin,DEL ? AMD ? BOM ? COK,19:15 28 Jun,No info,9653,27,6,3,0,0,1000.0,1595
Jet Airways,Kolkata,Banglore,CCU ? BOM ? BLR,18:15,No info,14781,1,5,2,0,0,505.0,590
Vistara Premium economy,Banglore,Delhi,BLR ? DEL,14:20,No info,5969,6,4,5,0,0,690.0,170
SpiceJet,Mumbai,Hyderabad,BOM ? HYD,14:45,No info,2017,3,4,2,0,0,795.0,90
Jet Airways,Kolkata,Banglore,CCU ? DEL ? BLR,23:35,No info,14151,6,6,3,0,0,1020.0,395
Jet Airways,Kolkata,Banglore,CCU ? BOM ? BLR,04:40 10 Jun,No info,13731,9,6,6,0,0,990.0,730
Jet Airways,Delhi,Cochin,DEL ? BOM ? COK,18:50,In-flight meal not included,15400,3,3,6,0,0,540.0,590
Jet Airways,Kolkata,Banglore,CCU ? DEL ? BLR,10:55 10 May,In-flight meal not included,8066,9,5,3,0,0,575.0,1520
Jet Airways,Delhi,Cochin,DEL ? BHO ? BOM ? COK,18:50 04 Mar,No info,21314,3,3,6,0,0,340.0,2230
Air India,Banglore,New Delhi,BLR ? CCU ? DEL,22:45,No info,14069,1,3,4,0,0,665.0,700
Jet Airways,Mumbai,Hyderabad,BOM ? HYD,17:20,In-flight meal not included,2470,15,3,4,0,0,950.0,90
IndiGo,Kolkata,Banglore,CCU ? BLR,22:55,No info,4804,24,4,2,0,0,1220.0,155
Air India,Banglore,New Delhi,BLR ? CCU ? DEL,12:55,No info,9029,15,3,4,0,0,350.0,425
IndiGo,Kolkata,Banglore,CCU ? BLR,07:15,No info,4804,12,5,6,0,0,280.0,155
Jet Airways,Delhi,Cochin,DEL ? AMD ? BOM ? COK,19:00 10 May,No info,15129,9,5,3,0,0,1385.0,1195
IndiGo,Mumbai,Hyderabad,BOM ? HYD,20:30,No info,2754,24,3,6,0,0,1145.0,85
Jet Airways,Kolkata,Banglore,CCU ? BOM ? BLR,08:15 02 Apr,No info,13364,1,4,0,0,0,1270.0,665
IndiGo,Kolkata,Banglore,CCU ? MAA ? BLR,22:15,No info,6933,24,3,6,0,0,1055.0,280
Jet Airways,Delhi,Cochin,DEL ? AMD ? BOM ? COK,12:35 19 May,No info,15129,18,5,5,0,0,1385.0,810
Multiple carriers,Delhi,Cochin,DEL ? BOM ? COK,19:00,No info,11200,9,6,6,0,0,685.0,455
Jet Airways,Mumbai,Hyderabad,BOM ? HYD,04:20,In-flight meal not included,3210,15,5,2,0,0,175.0,85
Jet Airways,Mumbai,Hyderabad,BOM ? HYD,11:50,No info,8040,18,6,1,0,0,620.0,90
Jet Airways,Delhi,Cochin,DEL ? NAG ? BOM ? COK,04:25 13 Jun,In-flight meal not included,10919,12,6,2,0,0,875.0,830
IndiGo,Delhi,Cochin,DEL ? HYD ? COK,16:10,No info,6442,27,6,3,0,0,455.0,515
IndiGo,Delhi,Cochin,DEL ? COK,17:35,No info,4729,1,4,0,0,0,860.0,195
IndiGo,Delhi,Cochin,DEL ? HYD ? COK,22:20,No info,6442,6,3,2,0,0,715.0,625
SpiceJet,Kolkata,Banglore,CCU ? BLR,00:40 13 Jun,No check-in baggage included,3841,12,6,2,0,0,1340.0,140
Air India,Delhi,Cochin,DEL ? AMD ? BOM ? COK,19:15 04 Jun,No info,10441,3,6,0,0,0,1185.0,1410
Multiple carriers,Delhi,Cochin,DEL ? BOM ? COK,21:00,No info,13587,1,6,5,0,0,600.0,660
Jet Airways,Kolkata,Banglore,CCU ? DEL ? BLR,14:25 16 May,No info,11467,15,5,2,0,0,1225.0,1080
IndiGo,Chennai,Kolkata,MAA ? CCU,15:35,No info,7295,3,3,6,0,0,800.0,135
SpiceJet,Chennai,Kolkata,MAA ? CCU,12:00,No info,3597,1,5,2,0,0,585.0,135
Multiple carriers,Delhi,Cochin,DEL ? BOM ? COK,19:15,No info,7787,9,5,3,0,0,400.0,755
IndiGo,Delhi,Cochin,DEL ? BOM ? COK,21:00,No info,14871,6,3,2,0,0,400.0,860
IndiGo,Chennai,Kolkata,MAA ? CCU,18:25,No info,3540,15,6,5,0,0,940.0,165
IndiGo,Delhi,Cochin,DEL ? HYD ? COK,22:30,No info,6442,1,6,5,0,0,410.0,940
Air Asia,Banglore,Delhi,BLR ? DEL,13:55,No info,3383,24,6,0,0,0,670.0,165
Air Asia,Kolkata,Banglore,CCU ? BLR,01:20 19 Apr,No info,4409,18,4,3,0,0,1370.0,150
IndiGo,Chennai,Kolkata,MAA ? CCU,10:15,No info,3850,9,5,3,0,0,475.0,140
Multiple carriers,Delhi,Cochin,DEL ? HYD ? COK,22:30,No info,8018,24,6,0,0,0,795.0,555
Jet Airways,Kolkata,Banglore,CCU ? DEL ? BLR,15:05 02 Apr,No info,11467,1,4,0,0,0,1225.0,1120
Vistara,Banglore,Delhi,BLR ? DEL,14:20,No info,4668,6,6,3,0,0,690.0,170
Jet Airways,Delhi,Cochin,DEL ? CCU ? BOM ? COK,19:00 25 Jun,No info,13922,24,6,0,0,0,1055.0,1525
Air India,Mumbai,Hyderabad,BOM ? HYD,07:40,No info,3625,6,5,0,0,0,380.0,80
Air Asia,Kolkata,Banglore,CCU ? BLR,22:25,No info,5989,18,5,5,0,0,1195.0,150
IndiGo,Banglore,Delhi,BLR ? DEL,06:50,No info,4423,21,4,6,0,0,240.0,170
Jet Airways,Delhi,Cochin,DEL ? COK,13:05,No info,9564,18,6,1,0,0,590.0,195
Jet Airways,Kolkata,Banglore,CCU ? BOM ? BLR,18:15 13 Jun,In-flight meal not included,8529,12,6,2,0,0,990.0,1545
Air India,Kolkata,Banglore,CCU ? BLR,23:20,No info,4145,6,6,3,0,0,1245.0,155
IndiGo,Kolkata,Banglore,CCU ? BLR,19:50,No info,4804,3,5,4,0,0,1035.0,155
IndiGo,Delhi,Cochin,DEL ? HYD ? COK,22:30,No info,6938,1,6,5,0,0,860.0,490
Jet Airways,Banglore,New Delhi,BLR ? BOM ? DEL,07:40 07 Mar,No info,14815,6,3,2,0,0,480.0,1420
Multiple carriers,Delhi,Cochin,DEL ? BOM ? COK,19:15,No info,15077,6,3,2,0,0,450.0,705
Jet Airways,Delhi,Cochin,DEL ? JAI ? BOM ? COK,19:00,No info,13014,15,6,5,0,0,580.0,560
Air India,Kolkata,Banglore,CCU ? IXR ? DEL ? BLR,20:25,No info,11201,9,6,6,0,0,350.0,875
Jet Airways,Kolkata,Banglore,CCU ? DEL ? BLR,18:00 07 Jun,No info,12692,6,6,3,0,0,1225.0,1295
Multiple carriers,Delhi,Cochin,DEL ? HYD ? COK,16:10,No info,9646,1,6,5,0,0,585.0,385
Jet Airways,Delhi,Cochin,DEL ? BOM ? COK,04:25 25 May,No info,16079,24,5,4,0,0,1370.0,335
Air India,Kolkata,Banglore,CCU ? BBI ? HYD ? BLR,11:05 16 May,No info,6117,15,5,2,0,0,550.0,1555
Multiple carriers,Delhi,Cochin,DEL ? BOM ? COK,01:30 10 Jun,No info,6795,9,6,6,0,0,915.0,615
Air India,Mumbai,Hyderabad,BOM ? HYD,22:25,No info,3100,1,6,5,0,0,1265.0,80
Jet Airways,Delhi,Cochin,DEL ? BOM ? COK,12:35,No info,15851,9,5,3,0,0,135.0,620
Vistara,Chennai,Kolkata,MAA ? CCU,09:20,No info,3687,6,6,3,0,0,425.0,135
IndiGo,Banglore,Delhi,BLR ? DEL,19:55,No info,4990,12,4,4,0,0,1015.0,180
Jet Airways,Delhi,Cochin,DEL ? BOM ? COK,19:00 10 May,No info,15554,9,5,3,0,0,1155.0,1425
Multiple carriers,Delhi,Cochin,DEL ? BOM ? COK,19:15,No info,9526,15,6,5,0,0,360.0,795
IndiGo,Delhi,Cochin,DEL ? COK,08:50,No info,6015,18,5,5,0,0,335.0,195
Air India,Kolkata,Banglore,CCU ? BBI ? BOM ? BLR,21:50,No info,10676,1,5,2,0,0,720.0,590
Jet Airways,Delhi,Cochin,DEL ? BOM ? COK,12:35 28 May,In-flight meal not included,12898,27,5,0,0,0,1095.0,1100
Jet Airways,Delhi,Cochin,DEL ? AMD ? BOM ? COK,04:25 29 May,No info,15129,27,5,0,0,0,1385.0,1760
Multiple carriers,Delhi,Cochin,DEL ? BOM ? COK,19:15,No info,13378,21,3,3,0,0,690.0,465
SpiceJet,Kolkata,Banglore,CCU ? BLR,11:25,No info,4174,1,6,5,0,0,540.0,145
Multiple carriers,Delhi,Cochin,DEL ? BOM ? COK,19:00,No info,9103,21,5,1,0,0,685.0,455
IndiGo,Chennai,Kolkata,MAA ? CCU,10:15,No info,3850,9,6,6,0,0,475.0,140
Vistara,Delhi,Cochin,DEL ? COK,17:50,No info,6216,9,6,6,0,0,880.0,190
Vistara,Kolkata,Banglore,CCU ? DEL ? BLR,23:25,No info,8610,1,4,0,0,0,1020.0,385
Jet Airways,Kolkata,Banglore,CCU ? DEL ? BLR,09:45 07 Jun,In-flight meal not included,10539,6,6,3,0,0,1020.0,1005
IndiGo,Delhi,Cochin,DEL ? HYD ? COK,22:20,No info,6674,9,3,5,0,0,715.0,625
Multiple carriers,Delhi,Cochin,DEL ? BOM ? COK,21:00,No info,7618,24,6,0,0,0,480.0,780
IndiGo,Banglore,Delhi,BLR ? DEL,03:25,No info,3943,21,4,6,0,0,30.0,175
Vistara,Banglore,New Delhi,BLR ? DEL,18:35,No info,11913,24,3,6,0,0,960.0,155
IndiGo,Banglore,New Delhi,BLR ? DEL,21:45,No info,6860,9,3,5,0,0,1135.0,170
Jet Airways,Delhi,Cochin,DEL ? IDR ? BOM ? COK,19:00,No info,13292,12,6,2,0,0,330.0,810
Multiple carriers,Delhi,Cochin,DEL ? BOM ? COK,15:30,No info,17057,6,3,2,0,0,135.0,795
Jet Airways,Delhi,Cochin,DEL ? JAI ? BOM ? COK,19:00,No info,13014,27,6,3,0,0,330.0,810
Air India,Delhi,Cochin,DEL ? HYD ? BOM ? COK,19:15 04 Mar,No info,11552,3,3,6,0,0,425.0,2170
IndiGo,Chennai,Kolkata,MAA ? CCU,14:00,No info,6297,12,3,1,0,0,695.0,145
IndiGo,Chennai,Kolkata,MAA ? CCU,14:00,No info,4332,24,3,6,0,0,695.0,145
Air India,Delhi,Cochin,DEL ? COK,08:00,No info,5674,21,3,3,0,0,310.0,170
Multiple carriers,Delhi,Cochin,DEL ? BOM ? COK,19:15,In-flight meal not included,10711,21,5,1,0,0,425.0,730
Jet Airways,Kolkata,Banglore,CCU ? DEL ? BLR,18:00,No info,11467,1,4,0,0,0,575.0,505
Air India,Kolkata,Banglore,CCU ? BOM ? COK ? BLR,15:05 07 May,No info,12434,6,5,0,0,0,1010.0,1335
Air India,Delhi,Cochin,DEL ? COK,21:10,No info,5201,24,6,0,0,0,1085.0,185
Vistara,Banglore,Delhi,BLR ? DEL,19:35,No info,4878,18,5,5,0,0,1020.0,155
Jet Airways,Delhi,Cochin,DEL ? JAI ? BOM ? COK,04:25 07 Jun,No info,13014,6,6,3,0,0,330.0,1375
SpiceJet,Chennai,Kolkata,MAA ? CCU,10:35,No info,3597,6,6,3,0,0,500.0,135
Air India,Banglore,New Delhi,BLR ? BOM ? IDR ? DEL,11:10 07 Mar,No info,12599,3,3,6,0,0,530.0,1580
Jet Airways,Kolkata,Banglore,CCU ? BOM ? BLR,22:35 25 May,In-flight meal not included,10844,24,5,4,0,0,1135.0,1660
Jet Airways,Delhi,Cochin,DEL ? BOM ? COK,19:00,In-flight meal not included,12898,21,5,1,0,0,135.0,1005
IndiGo,Banglore,Delhi,BLR ? DEL,15:50,No info,3943,21,6,4,0,0,780.0,170
Multiple carriers,Delhi,Cochin,DEL ? BOM ? COK,01:30 13 Jun,No info,7198,12,6,2,0,0,780.0,750
SpiceJet,Kolkata,Banglore,CCU ? MAA ? BLR,20:20,No info,4963,18,5,5,0,0,905.0,315
IndiGo,Banglore,New Delhi,BLR ? DEL,19:45,No info,12649,1,3,4,0,0,1015.0,170
Multiple carriers,Delhi,Cochin,DEL ? BOM ? COK,15:30,No info,17267,6,3,2,0,0,480.0,450
Jet Airways,Delhi,Cochin,DEL ? BOM ? COK,19:00,In-flight meal not included,12373,9,5,3,0,0,425.0,715
Jet Airways,Banglore,New Delhi,BLR ? BOM ? DEL,00:45 07 Mar,In-flight meal not included,13502,3,3,6,0,0,700.0,785
Multiple carriers,Delhi,Cochin,DEL ? BOM ? COK,18:50,No info,11622,21,3,3,0,0,690.0,440
SpiceJet,Kolkata,Banglore,CCU ? BLR,00:40 04 Mar,No info,5515,3,3,6,0,0,1340.0,140
Jet Airways,Kolkata,Banglore,CCU ? DEL ? BLR,14:25 16 May,In-flight meal not included,9314,15,5,2,0,0,1225.0,1080
Multiple carriers,Delhi,Cochin,DEL ? BOM ? COK,19:00,No info,11789,3,6,0,0,0,620.0,520
IndiGo,Banglore,Delhi,BLR ? DEL,22:50,No info,4823,6,4,5,0,0,1200.0,170
Air India,Delhi,Cochin,DEL ? HYD ? MAA ? COK,09:25 04 Jun,No info,10467,3,6,0,0,0,795.0,1210
Multiple carriers,Delhi,Cochin,DEL ? BOM ? COK,21:00,No info,7408,3,6,0,0,0,780.0,480
Air India,Delhi,Cochin,DEL ? MAA ? COK,09:25 16 Jun,No info,7480,15,6,5,0,0,365.0,1640
SpiceJet,Kolkata,Banglore,CCU ? BLR,00:40 25 Apr,No check-in baggage included,3841,24,4,2,0,0,1340.0,140
SpiceJet,Chennai,Kolkata,MAA ? CCU,20:05,No check-in baggage included,3543,18,5,5,0,0,1065.0,140
Air India,Delhi,Cochin,DEL ? RPR ? NAG ? BOM ? COK,19:15 25 Jun,No info,10493,24,6,0,0,0,315.0,2280
Multiple carriers,Delhi,Cochin,DEL ? BOM ? COK,19:00,No info,9103,27,5,0,0,0,685.0,455
Jet Airways,Kolkata,Banglore,CCU ? BOM ? BLR,19:50,In-flight meal not included,10844,6,5,0,0,0,845.0,345
IndiGo,Banglore,Delhi,BLR ? DEL,22:50,No info,4823,9,6,6,0,0,1200.0,170
Air Asia,Banglore,New Delhi,BLR ? DEL,02:10 25 Mar,No info,4482,24,3,6,0,0,1405.0,165
Jet Airways,Kolkata,Banglore,CCU ? BOM ? BLR,10:05 13 Jun,In-flight meal not included,8529,12,6,2,0,0,390.0,1655
Air India,Delhi,Cochin,DEL ? COK,17:10,No info,7931,3,3,6,0,0,850.0,180
Jet Airways,Kolkata,Banglore,CCU ? BOM ? BLR,09:20 19 May,In-flight meal not included,9663,18,5,5,0,0,1135.0,865
Jet Airways,Delhi,Cochin,DEL ? JAI ? BOM ? COK,19:00,In-flight meal not included,10368,1,6,5,0,0,580.0,560
Air India,Kolkata,Banglore,CCU ? BBI ? BOM ? BLR,21:50,No info,10151,18,5,5,0,0,720.0,590
SpiceJet,Chennai,Kolkata,MAA ? CCU,20:05,No check-in baggage included,3543,27,5,0,0,0,1065.0,140
Multiple carriers,Delhi,Cochin,DEL ? BOM ? COK,01:30 02 Jun,No info,7530,1,6,5,0,0,1140.0,390
Multiple carriers,Delhi,Cochin,DEL ? HYD ? COK,22:30,No info,6805,9,5,3,0,0,895.0,455
GoAir,Banglore,Delhi,BLR ? DEL,10:40,No info,3419,18,6,1,0,0,465.0,175
Air Asia,Banglore,Delhi,BLR ? DEL,02:45 10 Jun,No info,7120,9,6,6,0,0,1435.0,170
Jet Airways,Kolkata,Banglore,CCU ? DEL ? BLR,10:55 22 May,No info,14151,21,5,1,0,0,1020.0,1075
Air India,Mumbai,Hyderabad,BOM ? HYD,07:40,No info,3100,21,6,4,0,0,380.0,80
Jet Airways,Kolkata,Banglore,CCU ? DEL ? BLR,14:25 25 May,No info,12121,24,5,4,0,0,1020.0,1285
SpiceJet,Mumbai,Hyderabad,BOM ? HYD,07:15,No info,2017,6,5,0,0,0,345.0,90
SpiceJet,Mumbai,Hyderabad,BOM ? HYD,07:15,No check-in baggage included,2647,15,6,5,0,0,345.0,90
IndiGo,Delhi,Cochin,DEL ? BLR ? COK,22:25,No info,6147,12,6,2,0,0,1025.0,320
Jet Airways,Delhi,Cochin,DEL ? BDQ ? BOM ? COK,04:25 02 Jun,No info,14237,1,6,5,0,0,1105.0,600
Jet Airways,Kolkata,Banglore,CCU ? BOM ? BLR,09:20 13 Jun,No info,13044,12,6,2,0,0,1270.0,730
Jet Airways,Delhi,Cochin,DEL ? BOM ? COK,19:00,No info,15554,18,5,5,0,0,135.0,1005
SpiceJet,Banglore,Delhi,BLR ? DEL,12:20,No info,4423,9,4,1,0,0,570.0,170
Air India,Delhi,Cochin,DEL ? BOM ? COK,07:40 07 Jun,No info,8372,6,6,3,0,0,1260.0,640
Jet Airways,Kolkata,Banglore,CCU ? BOM ? BLR,23:35 19 May,In-flight meal not included,10844,18,5,5,0,0,1200.0,1655
Vistara,Kolkata,Banglore,CCU ? DEL ? BLR,18:50 19 May,No info,9555,18,5,5,0,0,1020.0,1550
Air India,Delhi,Cochin,DEL ? HYD ? MAA ? COK,09:25 16 May,No info,8839,15,5,2,0,0,1035.0,970
Air India,Kolkata,Banglore,CCU ? BBI ? BOM ? BLR,18:30 07 May,No info,10151,6,5,0,0,0,720.0,1830
Air India,Kolkata,Banglore,CCU ? BOM ? GOI ? BLR,05:35 13 May,No info,11432,12,5,6,0,0,565.0,1210
SpiceJet,Banglore,Delhi,BLR ? DEL,12:20,No check-in baggage included,4319,15,4,0,0,0,570.0,170
Air India,Kolkata,Banglore,CCU ? BBI ? BOM ? BLR,18:30 07 Jun,No info,9626,6,6,3,0,0,720.0,1830
Air India,Kolkata,Banglore,CCU ? DEL ? BLR,20:25 19 May,No info,10623,18,5,5,0,0,1050.0,1615
Jet Airways,Delhi,Cochin,DEL ? COK,14:15,No info,9564,18,4,3,0,0,660.0,195
Jet Airways,Kolkata,Banglore,CCU ? BOM ? BLR,20:45,No info,14781,9,5,3,0,0,845.0,400
Jet Airways,Banglore,Delhi,BLR ? DEL,11:20,No info,7229,15,5,2,0,0,500.0,180
IndiGo,Delhi,Cochin,DEL ? BOM ? COK,01:30 28 Jun,No info,5684,27,6,3,0,0,1050.0,480
Jet Airways,Kolkata,Banglore,CCU ? BOM ? BLR,09:20 19 May,No info,14388,18,5,5,0,0,345.0,1655
SpiceJet,Banglore,Delhi,BLR ? DEL,12:20,No check-in baggage included,5515,18,4,3,0,0,570.0,170
Jet Airways,Kolkata,Banglore,CCU ? DEL ? BLR,22:05 10 Jun,No info,12692,9,6,6,0,0,1225.0,1540
Jet Airways,Kolkata,Banglore,CCU ? DEL ? BLR,19:10,In-flight meal not included,9314,1,5,2,0,0,575.0,575
SpiceJet,Kolkata,Banglore,CCU ? BLR,19:40,No info,3873,15,6,5,0,0,1030.0,150
SpiceJet,Kolkata,Banglore,CCU ? BLR,00:40 22 Apr,No check-in baggage included,4807,21,4,6,0,0,1340.0,140
Multiple carriers,Delhi,Cochin,DEL ? BOM ? COK,19:15,No info,14848,27,6,3,0,0,540.0,615
IndiGo,Delhi,Cochin,DEL ? HYD ? COK,12:10,No info,6171,24,4,2,0,0,305.0,425
SpiceJet,Mumbai,Hyderabad,BOM ? HYD,14:45,No check-in baggage included,1965,24,6,0,0,0,795.0,90
Jet Airways,Kolkata,Banglore,CCU ? DEL ? BLR,21:05,In-flight meal not included,10539,12,6,2,0,0,575.0,690
Air Asia,Banglore,Delhi,BLR ? DEL,13:55,No info,4483,1,6,5,0,0,670.0,165
Multiple carriers,Delhi,Cochin,DEL ? BOM ? COK,19:15,No info,8371,27,3,2,0,0,360.0,795
Jet Airways,Delhi,Cochin,DEL ? BOM ? COK,04:25 07 Mar,No info,15764,6,3,2,0,0,835.0,870
Jet Airways,Kolkata,Banglore,CCU ? BOM ? BLR,23:35,In-flight meal not included,10844,12,5,6,0,0,990.0,425
Air India,Kolkata,Banglore,CCU ? BOM ? GOI ? BLR,05:35 19 May,No info,11642,18,5,5,0,0,1010.0,765
IndiGo,Banglore,Delhi,BLR ? DEL,06:50,No info,4423,12,4,4,0,0,240.0,170
Vistara,Banglore,Delhi,BLR ? DEL,12:35,No info,4878,15,6,5,0,0,585.0,170
SpiceJet,Mumbai,Hyderabad,BOM ? HYD,14:45,No info,2227,9,5,3,0,0,795.0,90
Jet Airways,Kolkata,Banglore,CCU ? BOM ? BLR,18:15 16 May,In-flight meal not included,10844,15,5,2,0,0,990.0,1545
Air Asia,Kolkata,Banglore,CCU ? BLR,22:25,No info,4107,3,4,2,0,0,1195.0,150
Vistara,Kolkata,Banglore,CCU ? DEL ? BLR,10:50 25 Mar,No info,11262,24,3,6,0,0,430.0,1660
Jet Airways,Delhi,Cochin,DEL ? BOM ? COK,12:35 04 Jun,In-flight meal not included,10262,3,6,0,0,0,840.0,1355
Jet Airways,Banglore,Delhi,BLR ? DEL,18:10,In-flight meal not included,4544,18,5,5,0,0,915.0,175
Jet Airways,Banglore,Delhi,BLR ? DEL,22:00,In-flight meal not included,6144,24,5,4,0,0,1135.0,185
GoAir,Banglore,New Delhi,BLR ? DEL,10:40,No info,5706,15,3,4,0,0,465.0,175
Jet Airways,Banglore,New Delhi,BLR ? BDQ ? DEL,12:20,In-flight meal not included,5853,15,3,4,0,0,350.0,390
Jet Airways,Kolkata,Banglore,CCU ? BOM ? PNQ ? BLR,20:50,In-flight meal not included,10118,21,5,1,0,0,390.0,860
Air India,Kolkata,Banglore,CCU ? BOM ? AMD ? BLR,05:25 02 May,No info,14687,1,5,2,0,0,565.0,1200
Multiple carriers,Delhi,Cochin,DEL ? BOM ? COK,19:15,In-flight meal not included,9254,27,5,0,0,0,690.0,465
Jet Airways,Delhi,Cochin,DEL ? JAI ? BOM ? COK,04:25 02 Jun,In-flight meal not included,10368,1,6,5,0,0,580.0,1125
Jet Airways,Kolkata,Banglore,CCU ? BOM ? BLR,20:45,No info,14571,6,6,3,0,0,845.0,400
Jet Airways,Banglore,Delhi,BLR ? DEL,18:10,In-flight meal not included,7229,1,6,5,0,0,915.0,175
IndiGo,Delhi,Cochin,DEL ? BOM ? COK,21:00,No info,6093,6,6,3,0,0,400.0,860
Multiple carriers,Delhi,Cochin,DEL ? BOM ? COK,21:00,No info,16023,9,3,5,0,0,480.0,780
IndiGo,Chennai,Kolkata,MAA ? CCU,17:05,No info,3597,6,6,3,0,0,885.0,140
Jet Airways,Kolkata,Banglore,CCU ? BOM ? BLR,23:25,In-flight meal not included,8824,24,3,6,0,0,390.0,1015
IndiGo,Delhi,Cochin,DEL ? BLR ? COK,07:45,No info,7060,9,3,5,0,0,120.0,345
Jet Airways,Kolkata,Banglore,CCU ? BOM ? BLR,09:15 25 Mar,No info,14231,24,3,6,0,0,835.0,1160
Jet Airways,Banglore,Delhi,BLR ? DEL,22:00,In-flight meal not included,4544,24,4,2,0,0,1135.0,185
Jet Airways,Delhi,Cochin,DEL ? BOM ? COK,18:50 10 Mar,No info,16289,9,3,5,0,0,905.0,1665
IndiGo,Kolkata,Banglore,CCU ? BLR,12:55,No info,6565,3,3,6,0,0,610.0,165
IndiGo,Chennai,Kolkata,MAA ? CCU,17:05,No info,3597,21,6,4,0,0,885.0,140
Air India,Delhi,Cochin,DEL ? MAA ? COK,09:25 07 May,No info,7480,6,5,0,0,0,1240.0,765
Vistara,Kolkata,Banglore,CCU ? DEL ? BLR,10:45 13 May,No info,9922,12,5,6,0,0,1020.0,1065
Jet Airways,Banglore,Delhi,BLR ? DEL,20:45,No info,7229,27,5,0,0,0,1065.0,180
Jet Airways,Delhi,Cochin,DEL ? ATQ ? BOM ? COK,12:35 16 Jun,No info,14300,15,6,5,0,0,1200.0,995
Jet Airways,Delhi,Cochin,DEL ? BOM ? COK,04:25 28 Mar,No info,12242,27,3,2,0,0,135.0,1570
Multiple carriers,Delhi,Cochin,DEL ? BOM ? COK,19:00,No info,10678,24,6,0,0,0,685.0,455
Multiple carriers,Delhi,Cochin,DEL ? BOM ? COK,21:00,In-flight meal not included,9450,27,5,0,0,0,480.0,780
IndiGo,Kolkata,Banglore,CCU ? BLR,00:05 07 Apr,No info,4174,6,4,5,0,0,1285.0,160
Jet Airways,Banglore,Delhi,BLR ? DEL,10:10,In-flight meal not included,4544,6,4,5,0,0,430.0,180
IndiGo,Kolkata,Banglore,CCU ? MAA ? BLR,22:15,No info,5386,15,5,2,0,0,1055.0,280
Jet Airways,Delhi,Cochin,DEL ? AMD ? BOM ? COK,19:00 25 May,No info,15129,24,5,4,0,0,1150.0,1430
IndiGo,Delhi,Cochin,DEL ? HYD ? COK,22:30,No info,6412,15,6,5,0,0,860.0,490
Jet Airways,Delhi,Cochin,DEL ? AMD ? BOM ? COK,04:25 29 Jun,No info,15339,27,6,3,0,0,1385.0,1760
Jet Airways,Banglore,New Delhi,BLR ? DEL,04:45,No info,7229,24,3,6,0,0,120.0,165
Vistara,Banglore,Delhi,BLR ? DEL,12:35,No info,4878,1,6,5,0,0,585.0,170
Air Asia,Kolkata,Banglore,CCU ? BLR,12:55,No info,3807,6,4,5,0,0,620.0,155
Jet Airways,Delhi,Cochin,DEL ? BOM ? COK,12:35 19 May,In-flight meal not included,12373,18,5,5,0,0,1050.0,1145
Jet Airways,Kolkata,Banglore,CCU ? BOM ? BLR,23:35,No info,14571,6,6,3,0,0,845.0,570
Jet Airways,Delhi,Cochin,DEL ? BOM ? COK,04:25 13 Jun,In-flight meal not included,10262,12,6,2,0,0,1185.0,520
Jet Airways,Delhi,Cochin,DEL ? BOM ? COK,19:00 10 Jun,In-flight meal not included,10577,9,6,6,0,0,1255.0,1325
Vistara,Mumbai,Hyderabad,BOM ? DEL ? HYD,22:55 07 Mar,No info,12395,6,3,2,0,0,1255.0,1560
SpiceJet,Kolkata,Banglore,CCU ? BLR,09:30,No check-in baggage included,3841,27,4,5,0,0,415.0,155
Air Asia,Delhi,Cochin,DEL ? BLR ? COK,15:45,No info,8759,3,6,0,0,0,475.0,470
IndiGo,Delhi,Cochin,DEL ? BOM ? COK,15:30,No info,7738,21,3,3,0,0,285.0,645
IndiGo,Delhi,Cochin,DEL ? BOM ? COK,01:30 19 May,No info,7503,18,5,5,0,0,900.0,630
IndiGo,Delhi,Cochin,DEL ? BOM ? COK,01:30 04 Jun,No info,5883,3,6,0,0,0,685.0,845
Jet Airways,Kolkata,Banglore,CCU ? DEL ? BLR,09:45 13 Jun,No info,12692,12,6,2,0,0,1225.0,800
IndiGo,Banglore,Delhi,BLR ? DEL,11:20,No info,4823,15,4,0,0,0,510.0,170
SpiceJet,Mumbai,Hyderabad,BOM ? HYD,07:15,No info,2017,27,5,0,0,0,345.0,90
Air India,Delhi,Cochin,DEL ? JAI ? BOM ? COK,07:40 13 Jun,No info,8603,12,6,2,0,0,720.0,1180
Jet Airways,Banglore,Delhi,BLR ? DEL,14:05,In-flight meal not included,5769,21,6,4,0,0,670.0,175
Jet Airways,Kolkata,Banglore,CCU ? BOM ? BLR,18:15 02 Apr,No info,12681,1,4,0,0,0,1135.0,1400
SpiceJet,Banglore,Delhi,BLR ? DEL,08:35,No info,3625,24,6,0,0,0,355.0,160
IndiGo,Delhi,Cochin,DEL ? BOM ? COK,01:30 10 May,No info,8854,9,5,3,0,0,555.0,975
IndiGo,Mumbai,Hyderabad,BOM ? HYD,04:05,No info,2754,15,5,2,0,0,155.0,90
Air India,Delhi,Cochin,DEL ? BOM ? COK,19:15,No info,8372,12,6,2,0,0,600.0,555
Jet Airways,Delhi,Cochin,DEL ? BOM ? COK,12:35 13 Jun,In-flight meal not included,10262,12,6,2,0,0,960.0,1235
Air India,Chennai,Kolkata,MAA ? CCU,13:55,No info,10810,3,3,6,0,0,700.0,135
IndiGo,Chennai,Kolkata,MAA ? CCU,07:40,No info,3540,15,6,5,0,0,315.0,145
Jet Airways,Banglore,Delhi,BLR ? DEL,22:00,No info,8016,6,6,3,0,0,1135.0,185
IndiGo,Banglore,New Delhi,BLR ? DEL,13:20,No info,6860,9,3,5,0,0,630.0,170
Air Asia,Delhi,Cochin,DEL ? BLR ? COK,22:25,No info,6451,27,4,5,0,0,1005.0,340
Jet Airways,Kolkata,Banglore,CCU ? DEL ? BLR,15:05 07 May,No info,13067,6,5,0,0,0,1225.0,1120
Jet Airways,Kolkata,Banglore,CCU ? DEL ? BLR,18:00 07 May,No info,11467,6,5,0,0,0,1020.0,1500
Air India,Kolkata,Banglore,CCU ? DEL ? BLR,23:15,No info,10203,9,5,3,0,0,600.0,795
Air Asia,Kolkata,Banglore,CCU ? BLR,01:20 13 Mar,No info,4082,12,3,1,0,0,1370.0,150
Air India,Delhi,Cochin,DEL ? GOI ? BOM ? COK,19:15,No info,13276,21,5,1,0,0,655.0,500
Jet Airways,Banglore,New Delhi,BLR ? BOM ? JDH ? DEL,15:55,No info,23001,9,3,5,0,0,535.0,420
Jet Airways,Kolkata,Banglore,CCU ? BOM ? BLR,20:45 07 Jun,In-flight meal not included,10844,6,6,3,0,0,1135.0,1550
IndiGo,Banglore,Delhi,BLR ? DEL,21:50,No info,4990,27,6,3,0,0,1135.0,175
Jet Airways,Banglore,New Delhi,BLR ? BDQ ? DEL,15:00,In-flight meal not included,10037,9,3,5,0,0,350.0,550
Jet Airways,Kolkata,Banglore,CCU ? BOM ? BLR,04:40 07 May,No info,14388,6,5,0,0,0,1200.0,520
IndiGo,Banglore,New Delhi,BLR ? DEL,19:45,No info,7303,24,3,6,0,0,1015.0,170
Air India,Delhi,Cochin,DEL ? HYD ? BOM ? COK,19:15 04 Mar,No info,12287,3,3,6,0,0,1290.0,1305
Jet Airways,Kolkata,Banglore,CCU ? BOM ? BLR,20:45,In-flight meal not included,10844,6,6,3,0,0,845.0,400
Jet Airways,Mumbai,Hyderabad,BOM ? HYD,11:50,In-flight meal not included,4995,24,5,4,0,0,620.0,90
Multiple carriers,Delhi,Cochin,DEL ? BOM ? COK,19:00,No info,9794,27,5,0,0,0,700.0,440
IndiGo,Kolkata,Banglore,CCU ? MAA ? BLR,10:20,No info,4226,6,6,3,0,0,380.0,240
IndiGo,Delhi,Cochin,DEL ? BOM ? COK,01:35 22 Mar,No info,7318,21,3,3,0,0,690.0,845
Jet Airways,Kolkata,Banglore,CCU ? BOM ? BLR,08:15 13 Jun,In-flight meal not included,8529,12,6,2,0,0,1200.0,735
Air India,Kolkata,Banglore,CCU ? BBI ? BOM ? BLR,18:30 13 Jun,No info,9416,12,6,2,0,0,720.0,1830
Jet Airways,Delhi,Cochin,DEL ? IDR ? BOM ? COK,12:35 04 Jun,In-flight meal not included,11507,3,6,0,0,0,575.0,1620
Air India,Kolkata,Banglore,CCU ? GAU ? DEL ? BLR,08:55 02 Apr,No info,9920,1,4,0,0,0,1005.0,970
Multiple carriers,Delhi,Cochin,DEL ? HYD ? COK,16:10,No info,7038,18,5,5,0,0,430.0,540
GoAir,Delhi,Cochin,DEL ? BOM ? COK,12:55,No info,4959,3,6,0,0,0,420.0,355
Jet Airways,Mumbai,Hyderabad,BOM ? HYD,08:30,No info,5678,9,6,6,0,0,425.0,85
Jet Airways,Banglore,Delhi,BLR ? DEL,11:20,In-flight meal not included,7229,9,6,6,0,0,500.0,180
Jet Airways,Kolkata,Banglore,CCU ? BOM ? BLR,23:35,In-flight meal not included,7064,1,4,0,0,0,990.0,425
IndiGo,Banglore,Delhi,BLR ? DEL,11:20,No info,4823,6,4,5,0,0,510.0,170
Jet Airways,Kolkata,Banglore,CCU ? BOM ? BLR,22:35,No info,14571,24,5,4,0,0,990.0,365
IndiGo,Kolkata,Banglore,CCU ? BLR,12:20,No info,4148,27,3,2,0,0,575.0,165
Air India,Kolkata,Banglore,CCU ? DEL ? COK ? BLR,01:20 25 May,No info,13873,24,5,4,0,0,600.0,920
Jet Airways,Delhi,Cochin,DEL ? BOM ? COK,12:35 25 Jun,In-flight meal not included,10262,24,6,0,0,0,780.0,1415
Jet Airways,Delhi,Cochin,DEL ? AMD ? BOM ? COK,19:00 22 May,No info,15129,21,5,1,0,0,1150.0,1430
Multiple carriers,Delhi,Cochin,DEL ? BOM ? COK,01:30 10 Apr,No info,6645,9,4,1,0,0,700.0,830
IndiGo,Kolkata,Banglore,CCU ? BLR,19:50,No info,4804,1,5,2,0,0,1035.0,155
IndiGo,Banglore,New Delhi,BLR ? STV ? DEL,15:25,No info,5746,9,3,5,0,0,680.0,245
GoAir,Delhi,Cochin,DEL ? HYD ? COK,13:35,No info,5199,9,6,6,0,0,355.0,460
IndiGo,Chennai,Kolkata,MAA ? CCU,21:55,No info,4332,18,3,0,0,0,1175.0,140
IndiGo,Delhi,Cochin,DEL ? BOM ? COK,21:00,No info,6416,1,6,5,0,0,685.0,575
Air India,Banglore,New Delhi,BLR ? BOM ? JDH ? DEL,16:20,No info,12935,18,3,0,0,0,405.0,575
Jet Airways,Banglore,New Delhi,BLR ? BOM ? DEL,20:20,In-flight meal not included,7832,21,3,3,0,0,535.0,685
Jet Airways,Kolkata,Banglore,CCU ? BOM ? BLR,04:40 02 May,In-flight meal not included,8586,1,5,2,0,0,990.0,730
Jet Airways,Banglore,Delhi,BLR ? DEL,18:10,In-flight meal not included,5769,24,6,0,0,0,915.0,175
Jet Airways,Mumbai,Hyderabad,BOM ? HYD,11:50,No info,8040,21,5,1,0,0,620.0,90
Vistara,Delhi,Cochin,DEL ? COK,09:10,No info,12411,6,3,2,0,0,360.0,190
Air India,Kolkata,Banglore,CCU ? BOM ? BLR,21:50,No info,8366,9,6,6,0,0,565.0,745
Multiple carriers,Delhi,Cochin,DEL ? BOM ? COK,19:15,No info,7354,3,6,0,0,0,450.0,705
Air India,Banglore,New Delhi,BLR ? CCU ? GAU ? DEL,22:10,Change airports,13576,1,3,4,0,0,665.0,665
Multiple carriers,Delhi,Cochin,DEL ? BOM ? COK,19:00,No info,11622,3,6,0,0,0,555.0,585
Air India,Kolkata,Banglore,CCU ? IXR ? DEL ? BLR,23:15,No info,12723,6,6,3,0,0,350.0,1045
Jet Airways,Kolkata,Banglore,CCU ? BOM ? BLR,23:25,No info,13759,24,3,6,0,0,505.0,900
IndiGo,Delhi,Cochin,DEL ? HYD ? COK,22:30,No info,6412,15,5,2,0,0,970.0,380
IndiGo,Delhi,Cochin,DEL ? HYD ? MAA ? COK,21:20,No info,6494,27,3,2,0,0,515.0,765
Jet Airways,Mumbai,Hyderabad,BOM ? HYD,17:20,No info,5678,24,3,6,0,0,950.0,90
Air India,Kolkata,Banglore,CCU ? BOM ? BLR,11:10 13 May,No info,8891,12,5,6,0,0,565.0,1545
Jet Airways,Delhi,Cochin,DEL ? BOM ? COK,18:50 04 Mar,No info,17024,3,3,6,0,0,1310.0,1260
Jet Airways,Delhi,Cochin,DEL ? JAI ? BOM ? COK,19:00,In-flight meal not included,10368,12,6,2,0,0,580.0,560
Jet Airways,Kolkata,Banglore,CCU ? BOM ? BLR,18:15 10 Jun,No info,14571,9,6,6,0,0,1200.0,1335
Jet Airways,Banglore,New Delhi,BLR ? BOM ? DEL,15:15,In-flight meal not included,7832,21,3,3,0,0,420.0,495
Jet Airways,Kolkata,Banglore,CCU ? DEL ? BLR,22:05,No info,14151,9,5,3,0,0,575.0,750
Multiple carriers,Delhi,Cochin,DEL ? BOM ? COK,19:15,No info,7154,21,3,3,0,0,645.0,510
Air Asia,Kolkata,Banglore,CCU ? DEL ? BLR,19:25,No info,5192,15,4,0,0,0,455.0,710
Multiple carriers,Delhi,Cochin,DEL ? IDR ? BOM ? COK,01:35 07 Mar,No info,21483,6,3,2,0,0,905.0,630
Jet Airways,Kolkata,Banglore,CCU ? BOM ? BLR,04:40 07 Jun,In-flight meal not included,6812,6,6,3,0,0,990.0,730
IndiGo,Banglore,New Delhi,BLR ? BOM ? DEL,00:35 07 Mar,No info,13292,3,3,6,0,0,1175.0,300
IndiGo,Kolkata,Banglore,CCU ? BLR,00:50 10 Apr,No info,4174,9,4,1,0,0,1335.0,155
Jet Airways,Delhi,Cochin,DEL ? AMD ? BOM ? COK,12:35 28 Jun,In-flight meal not included,11150,27,6,3,0,0,1150.0,1045
IndiGo,Delhi,Cochin,DEL ? BLR ? COK,22:15,No info,5912,24,4,2,0,0,1025.0,310
Air India,Delhi,Cochin,DEL ? BLR ? COK,23:00,No info,8907,27,6,3,0,0,810.0,570
Air India,Banglore,New Delhi,BLR ? GOI ? DEL,03:40 13 Mar,No info,8767,9,3,5,0,0,1020.0,640
Jet Airways,Delhi,Cochin,DEL ? BOM ? COK,04:25 28 Mar,No info,12242,27,3,2,0,0,1185.0,520
Air India,Kolkata,Banglore,CCU ? HYD ? BLR,04:40 25 May,No info,6327,24,5,4,0,0,1140.0,580
SpiceJet,Chennai,Kolkata,MAA ? CCU,12:00,No check-in baggage included,3543,24,5,4,0,0,585.0,135
Multiple carriers,Delhi,Cochin,DEL ? BOM ? COK,19:15,No info,15058,3,6,0,0,0,480.0,675
Jet Airways,Banglore,New Delhi,BLR ? BOM ? DEL,18:25 13 Mar,In-flight meal not included,11087,12,3,1,0,0,1135.0,1410
Jet Airways,Kolkata,Banglore,CCU ? BOM ? BLR,04:40 10 May,No info,13941,9,5,3,0,0,1200.0,520
SpiceJet,Delhi,Cochin,DEL ? MAA ? COK,22:05,No info,7317,1,6,5,0,0,945.0,380
Jet Airways,Delhi,Cochin,DEL ? AMD ? BOM ? COK,19:00 10 May,No info,15129,9,5,3,0,0,1150.0,1430
Jet Airways,Kolkata,Banglore,CCU ? BOM ? BLR,10:05 25 May,In-flight meal not included,9663,24,5,4,0,0,1270.0,775
IndiGo,Delhi,Cochin,DEL ? BOM ? COK,21:00,No info,5065,24,4,2,0,0,960.0,300
Air India,Delhi,Cochin,DEL ? BLR ? COK,23:00,No info,8907,27,6,3,0,0,585.0,795
SpiceJet,Kolkata,Banglore,CCU ? BLR,11:30,No info,4148,21,3,3,0,0,540.0,150
Multiple carriers,Delhi,Cochin,DEL ? BOM ? COK,21:00,No info,13587,9,6,6,0,0,840.0,420
Jet Airways,Delhi,Cochin,DEL ? BOM ? COK,04:25 07 Jun,In-flight meal not included,10262,6,6,3,0,0,1310.0,395
Jet Airways,Banglore,New Delhi,BLR ? BOM ? DEL,08:15 16 Mar,No info,12284,18,3,0,0,0,845.0,1090
Jet Airways,Kolkata,Banglore,CCU ? BOM ? BLR,16:20 16 May,No info,14781,15,5,2,0,0,1135.0,1285
Jet Airways,Kolkata,Banglore,CCU ? BOM ? BLR,09:20 19 May,In-flight meal not included,9663,18,5,5,0,0,505.0,1495
IndiGo,Banglore,New Delhi,BLR ? DEL,15:50,No info,19685,1,3,4,0,0,780.0,170
Air India,Kolkata,Banglore,CCU ? DEL ? BLR,23:15,No info,10203,12,5,6,0,0,600.0,795
Jet Airways,Kolkata,Banglore,CCU ? BOM ? BLR,04:40 16 May,No info,13941,15,5,2,0,0,390.0,1330
Air India,Banglore,New Delhi,BLR ? DEL,23:55,No info,25703,1,3,4,0,0,1270.0,165
Jet Airways,Delhi,Cochin,DEL ? BOM ? COK,04:25 10 Jun,In-flight meal not included,10262,9,6,6,0,0,840.0,865
SpiceJet,Chennai,Kolkata,MAA ? CCU,20:05,No check-in baggage included,3543,1,5,2,0,0,1065.0,140
SpiceJet,Kolkata,Banglore,CCU ? BLR,17:25,No check-in baggage included,3841,6,4,5,0,0,895.0,150
Jet Airways,Delhi,Cochin,DEL ? BOM ? COK,19:00,No info,15554,18,5,5,0,0,690.0,450
Jet Airways,Kolkata,Banglore,CCU ? BOM ? BLR,19:50,In-flight meal not included,10844,24,5,4,0,0,845.0,345
Jet Airways,Kolkata,Banglore,CCU ? DEL ? BLR,14:25 13 Jun,No info,12692,12,6,2,0,0,1020.0,1285
Jet Airways,Mumbai,Hyderabad,BOM ? HYD,21:05,In-flight meal not included,3210,9,6,6,0,0,1175.0,90
Air India,Delhi,Cochin,DEL ? JAI ? BOM ? COK,19:15,No info,9601,15,5,2,0,0,720.0,435
Multiple carriers,Delhi,Cochin,DEL ? BOM ? COK,01:30 16 Jun,No info,13377,15,6,5,0,0,780.0,750
Jet Airways,Kolkata,Banglore,CCU ? BOM ? BLR,18:10 25 Mar,In-flight meal not included,11134,24,3,6,0,0,1135.0,1395
Multiple carriers,Delhi,Cochin,DEL ? BOM ? COK,21:00,No info,8055,27,3,2,0,0,535.0,725
Jet Airways,Delhi,Cochin,DEL ? BOM ? COK,04:25 28 Mar,No info,12242,27,3,2,0,0,1050.0,655
Air India,Banglore,New Delhi,BLR ? COK ? DEL,23:20 13 Mar,No info,8425,9,3,5,0,0,1320.0,1520
SpiceJet,Mumbai,Hyderabad,BOM ? HYD,07:15,No info,2753,15,6,5,0,0,345.0,90
SpiceJet,Banglore,Delhi,BLR ? DEL,00:05 28 May,No info,3311,27,5,0,0,0,1270.0,175
IndiGo,Kolkata,Banglore,CCU ? MAA ? BLR,10:20,No info,4226,12,6,2,0,0,380.0,240
Jet Airways,Banglore,New Delhi,BLR ? BOM ? DEL,05:05 02 Mar,1 Long layover,26890,1,3,4,0,0,535.0,1210
Multiple carriers,Delhi,Cochin,DEL ? BOM ? COK,19:00,No info,12524,24,6,0,0,0,360.0,780
SpiceJet,Kolkata,Banglore,CCU ? BLR,19:45,No info,3847,21,3,3,0,0,1035.0,150
Jet Airways,Kolkata,Banglore,CCU ? BOM ? BLR,23:35,No info,12681,1,4,0,0,0,990.0,425
Jet Airways,Delhi,Cochin,DEL ? LKO ? BOM ? COK,04:25 07 Jun,No info,13882,6,6,3,0,0,565.0,1140
Jet Airways,Delhi,Cochin,DEL ? JAI ? BOM ? COK,12:35 19 May,No info,15129,18,5,5,0,0,580.0,1615
Jet Airways,Kolkata,Banglore,CCU ? BOM ? BLR,20:45,In-flight meal not included,10844,6,6,3,0,0,505.0,740
Jet Airways,Banglore,New Delhi,BLR ? BOM ? DEL,08:15 13 Mar,No info,12547,12,3,1,0,0,1285.0,650
Jet Airways,Kolkata,Banglore,CCU ? BOM ? BLR,04:40 10 Jun,No info,14178,9,6,6,0,0,1135.0,585
IndiGo,Delhi,Cochin,DEL ? BOM ? COK,01:35 04 Mar,No info,14871,3,3,6,0,0,960.0,575
Jet Airways,Delhi,Cochin,DEL ? JAI ? BOM ? COK,04:25 10 Jun,In-flight meal not included,10368,9,6,6,0,0,580.0,1125
Multiple carriers,Delhi,Cochin,DEL ? BOM ? COK,21:00,No info,15078,6,3,2,0,0,480.0,780
IndiGo,Kolkata,Banglore,CCU ? BLR,00:05 22 May,No info,4804,21,5,1,0,0,1285.0,160
SpiceJet,Kolkata,Banglore,CCU ? BLR,19:40,No info,3873,9,5,3,0,0,1030.0,150
SpiceJet,Kolkata,Banglore,CCU ? BLR,19:40,No check-in baggage included,3841,24,6,0,0,0,1030.0,150
GoAir,Delhi,Cochin,DEL ? BOM ? COK,12:55,No info,5457,1,6,5,0,0,420.0,355
Jet Airways,Kolkata,Banglore,CCU ? BOM ? BLR,22:35,No info,14781,12,5,6,0,0,845.0,510
Jet Airways,Delhi,Cochin,DEL ? BOM ? COK,18:50 10 Mar,No info,15764,9,3,5,0,0,1310.0,1260
Vistara,Banglore,Delhi,BLR ? DEL,12:35,No info,4668,12,6,2,0,0,585.0,170
Jet Airways,Delhi,Cochin,DEL ? COK,14:15,No info,9564,24,6,0,0,0,660.0,195
IndiGo,Delhi,Cochin,DEL ? BOM ? COK,21:00,No info,7191,15,5,2,0,0,400.0,860
Jet Airways,Delhi,Cochin,DEL ? BOM ? COK,04:25 07 Mar,No info,15764,6,3,2,0,0,1185.0,520
Jet Airways,Kolkata,Banglore,CCU ? BOM ? BLR,12:00 07 May,No info,14388,6,5,0,0,0,845.0,1315
Jet Airways,Delhi,Cochin,DEL ? BOM ? COK,04:25 28 Mar,In-flight meal not included,6540,27,3,2,0,0,1185.0,520
SpiceJet,Banglore,Delhi,BLR ? DEL,12:20,No info,3625,24,6,0,0,0,570.0,170
Multiple carriers,Delhi,Cochin,DEL ? BOM ? COK,19:15,No info,8266,9,5,3,0,0,450.0,705
SpiceJet,Kolkata,Banglore,CCU ? IXB ? BLR,18:30,No info,10944,18,5,5,0,0,675.0,435
IndiGo,Delhi,Cochin,DEL ? BOM ? COK,21:00,No info,5073,27,3,2,0,0,960.0,300
Jet Airways,Banglore,New Delhi,BLR ? BOM ? DEL,12:25,In-flight meal not included,9134,15,3,4,0,0,345.0,400
Vistara,Kolkata,Banglore,CCU ? DEL ? BLR,20:20 13 Jun,No info,8085,12,6,2,0,0,1220.0,1440
Jet Airways,Banglore,New Delhi,BLR ? BOM ? DEL,12:25,No info,22270,6,3,2,0,0,420.0,325
Air India,Kolkata,Banglore,CCU ? DEL ? VGA ? BLR,10:00 02 Apr,No info,9836,1,4,0,0,0,420.0,1620
IndiGo,Delhi,Cochin,DEL ? BOM ? COK,01:35 04 Mar,No info,14871,3,3,6,0,0,1115.0,420
Jet Airways,Mumbai,Hyderabad,BOM ? VNS ? DEL ? HYD,16:35,No info,23528,12,3,1,0,0,390.0,605
Jet Airways,Banglore,Delhi,BLR ? DEL,10:10,No info,8016,6,6,3,0,0,430.0,180
Jet Airways,Banglore,New Delhi,BLR ? BOM ? DEL,16:10,No info,12284,18,3,0,0,0,420.0,550
Multiple carriers,Delhi,Cochin,DEL ? BOM ? COK,21:00,No info,7005,12,6,2,0,0,360.0,900
IndiGo,Kolkata,Banglore,CCU ? BLR,14:05,No info,4804,3,6,0,0,0,690.0,155
IndiGo,Delhi,Cochin,DEL ? BLR ? COK,10:05,No info,6827,27,3,2,0,0,305.0,300
Air India,Mumbai,Hyderabad,BOM ? HYD,07:40,No info,3100,12,5,6,0,0,380.0,80
Jet Airways,Mumbai,Hyderabad,BOM ? HYD,21:05,In-flight meal not included,2759,15,3,4,0,0,1175.0,90
Jet Airways,Kolkata,Banglore,CCU ? DEL ? BLR,21:05 10 May,No info,13067,9,5,3,0,0,1225.0,1480
GoAir,Banglore,Delhi,BLR ? DEL,23:40,No info,3898,15,4,0,0,0,1255.0,165
Jet Airways,Delhi,Cochin,DEL ? JAI ? BOM ? COK,04:25 13 Jun,In-flight meal not included,10368,12,6,2,0,0,580.0,1125
SpiceJet,Banglore,New Delhi,BLR ? DEL,08:35,No check-in baggage included,4273,18,3,0,0,0,345.0,170
SpiceJet,Banglore,Delhi,BLR ? DEL,08:35,No info,3311,24,5,4,0,0,355.0,160
Multiple carriers,Delhi,Cochin,DEL ? BOM ? COK,21:00,In-flight meal not included,15136,6,3,2,0,0,540.0,720
Multiple carriers,Delhi,Cochin,DEL ? HYD ? COK,18:10,No info,6601,9,4,1,0,0,425.0,665
Vistara,Kolkata,Banglore,CCU ? DEL ? BLR,22:40 25 May,No info,8452,24,5,4,0,0,1220.0,1580
Jet Airways,Kolkata,Banglore,CCU ? DEL ? BLR,14:25 02 May,In-flight meal not included,9314,1,5,2,0,0,1020.0,1285
IndiGo,Delhi,Cochin,DEL ? BLR ? COK,07:45,No info,6386,1,6,5,0,0,120.0,345
Multiple carriers,Delhi,Cochin,DEL ? BOM ? COK,01:30 25 Jun,No info,13377,24,6,0,0,0,690.0,840
Jet Airways,Mumbai,Hyderabad,BOM ? HYD,04:25,No info,5678,3,3,6,0,0,175.0,90
Air Asia,Banglore,Delhi,BLR ? DEL,02:45 19 May,No info,4483,18,5,5,0,0,1435.0,170
Jet Airways,Delhi,Cochin,DEL ? BOM ? COK,12:35 28 May,In-flight meal not included,12898,27,5,0,0,0,840.0,1355
IndiGo,Banglore,New Delhi,BLR ? DEL,10:05,No info,7648,3,3,6,0,0,430.0,175
Jet Airways,Kolkata,Banglore,CCU ? BOM ? BLR,23:35,No info,14571,9,6,6,0,0,390.0,1025
IndiGo,Mumbai,Hyderabad,BOM ? HYD,07:55,No info,4049,27,6,3,0,0,385.0,90
Air India,Banglore,New Delhi,BLR ? BOM ? BHO ? DEL,23:25,No info,11728,18,3,0,0,0,530.0,875
SpiceJet,Kolkata,Banglore,CCU ? BLR,09:30,No info,3873,18,4,3,0,0,415.0,155
Air India,Delhi,Cochin,DEL ? MAA ? COK,09:25 10 May,No info,7480,9,5,3,0,0,1240.0,765
Jet Airways,Banglore,Delhi,BLR ? DEL,22:50,No info,8541,21,6,4,0,0,1190.0,180
Jet Airways,Banglore,New Delhi,BLR ? BOM ? DEL,11:25 02 Mar,1 Long layover,31825,1,3,4,0,0,1370.0,755
IndiGo,Chennai,Kolkata,MAA ? CCU,17:05,No info,3597,1,6,5,0,0,885.0,140
Jet Airways,Banglore,New Delhi,BLR ? BOM ? DEL,15:15 13 Mar,No info,13817,12,3,1,0,0,1285.0,1070
Jet Airways,Kolkata,Banglore,CCU ? BOM ? BLR,20:45,No info,14571,24,5,4,0,0,505.0,740
Air Asia,Delhi,Cochin,DEL ? BLR ? COK,07:10 16 Jun,No info,6853,15,6,5,0,0,1005.0,865
Jet Airways,Delhi,Cochin,DEL ? AMD ? BOM ? COK,04:25 29 May,No info,16704,27,5,0,0,0,1385.0,1760
SpiceJet,Banglore,Delhi,BLR ? DEL,12:20,No check-in baggage included,3573,27,5,0,0,0,570.0,170
Vistara,Kolkata,Banglore,CCU ? DEL ? BLR,18:50 16 May,No info,9345,15,5,2,0,0,1020.0,1550
Jet Airways,Delhi,Cochin,DEL ? JAI ? BOM ? COK,04:25 16 Jun,No info,13014,15,6,5,0,0,330.0,1375
Multiple carriers,Delhi,Cochin,DEL ? BOM ? COK,21:00,No info,13797,12,6,2,0,0,480.0,780
Air India,Banglore,New Delhi,BLR ? HBX ? BOM ? NAG ? DEL,10:35 07 Mar,No info,12358,3,3,6,0,0,720.0,1355
Multiple carriers,Delhi,Cochin,DEL ? BOM ? COK,01:35 10 Mar,In-flight meal not included,14086,9,3,5,0,0,1095.0,440
IndiGo,Chennai,Kolkata,MAA ? CCU,21:55,No info,3597,3,5,4,0,0,1175.0,140
Jet Airways,Kolkata,Banglore,CCU ? BOM ? BLR,08:15 25 May,No info,13731,24,5,4,0,0,1135.0,800
Jet Airways,Delhi,Cochin,DEL ? BOM ? COK,04:25 22 May,In-flight meal not included,12898,21,5,1,0,0,1185.0,520
Jet Airways,Delhi,Cochin,DEL ? BOM ? COK,04:25 07 Jun,No info,14714,6,6,3,0,0,960.0,745
Vistara,Banglore,Delhi,BLR ? DEL,14:20,No info,5403,12,4,4,0,0,690.0,170
Jet Airways,Banglore,Delhi,BLR ? DEL,08:45,In-flight meal not included,5769,24,6,0,0,0,360.0,165
Air Asia,Kolkata,Banglore,CCU ? BLR,12:55,No info,5620,24,3,6,0,0,620.0,155
IndiGo,Delhi,Cochin,DEL ? COK,08:50,No info,5000,18,6,1,0,0,335.0,195
Air India,Delhi,Cochin,,09:25 07 May,No info,7480,6,5,0,0,0,585.0,1420
Air India,Delhi,Cochin,DEL ? LKO ? BOM ? COK,19:15 22 Mar,No info,10703,21,3,3,0,0,740.0,1855
Multiple carriers,Delhi,Cochin,DEL ? BOM ? COK,21:00,No info,13727,18,5,5,0,0,690.0,570
Jet Airways,Kolkata,Banglore,CCU ? BOM ? BLR,09:20 13 May,No info,14388,12,5,6,0,0,1200.0,800
Air India,Kolkata,Banglore,CCU ? DEL ? COK ? BLR,01:20 07 Jun,No info,13033,6,6,3,0,0,600.0,920
Jet Airways,Banglore,New Delhi,BLR ? BOM ? DEL,07:40 02 Mar,No info,22270,1,3,4,0,0,480.0,1420
IndiGo,Delhi,Cochin,DEL ? LKO ? COK,03:35 28 May,No info,6769,27,5,0,0,0,1310.0,345
Air Asia,Kolkata,Banglore,CCU ? IXR ? DEL ? BLR,23:30,No info,5192,24,5,4,0,0,910.0,500
Jet Airways,Mumbai,Hyderabad,BOM ? HYD,04:20,In-flight meal not included,4995,24,5,4,0,0,175.0,85
IndiGo,Chennai,Kolkata,MAA ? CCU,10:15,No info,8580,1,3,4,0,0,475.0,140
Air India,Delhi,Cochin,DEL ? MAA ? COK,09:25 16 Jun,No info,7480,15,6,5,0,0,750.0,1255
Jet Airways,Banglore,Delhi,BLR ? DEL,11:20,In-flight meal not included,5198,27,4,5,0,0,500.0,180
Jet Airways,Delhi,Cochin,DEL ? JAI ? BOM ? COK,19:00,In-flight meal not included,10368,6,6,3,0,0,580.0,560
Jet Airways,Mumbai,Hyderabad,BOM ? HYD,08:30,No info,8040,6,5,0,0,0,425.0,85
Jet Airways,Delhi,Cochin,DEL ? ATQ ? BOM ? COK,04:25 10 Mar,No info,18909,9,3,5,0,0,500.0,1205
Air India,Kolkata,Banglore,CCU ? DEL ? AMD ? BLR,05:25 02 Apr,No info,12849,1,4,0,0,0,420.0,1345
Air India,Delhi,Cochin,DEL ? BLR ? COK,08:15 02 Mar,No info,22798,1,3,4,0,0,585.0,1350
Jet Airways,Kolkata,Banglore,CCU ? BOM ? BLR,18:15,No info,14571,6,6,3,0,0,505.0,590
Jet Airways,Banglore,New Delhi,BLR ? BOM ? DEL,08:15 07 Mar,In-flight meal not included,13502,6,3,2,0,0,845.0,1090
SpiceJet,Chennai,Kolkata,MAA ? CCU,20:05,No check-in baggage included,3332,27,3,2,0,0,1065.0,140
Multiple carriers,Delhi,Cochin,DEL ? BOM ? COK,19:15,No info,7354,6,6,3,0,0,450.0,705
Multiple carriers,Delhi,Cochin,DEL ? BOM ? COK,21:00,No info,8073,15,5,2,0,0,600.0,660
IndiGo,Mumbai,Hyderabad,BOM ? HYD,10:35,No info,4049,21,3,3,0,0,550.0,85
Jet Airways,Delhi,Cochin,DEL ? BOM ? COK,04:25 10 Mar,No info,15029,9,3,5,0,0,135.0,1570
Air India,Delhi,Cochin,DEL ? HYD ? MAA ? COK,09:25 25 Jun,No info,10975,24,6,0,0,0,585.0,1420
Multiple carriers,Delhi,Cochin,DEL ? HYD ? COK,22:30,No info,7038,1,6,5,0,0,430.0,920
Jet Airways,Delhi,Cochin,DEL ? BOM ? COK,19:00,No info,15554,9,5,3,0,0,480.0,660
Air India,Banglore,Delhi,BLR ? DEL,23:55,No info,5228,12,6,2,0,0,1265.0,170
IndiGo,Delhi,Cochin,DEL ? MAA ? COK,07:25,No info,5636,1,6,5,0,0,120.0,325
Air India,Delhi,Cochin,DEL ? JAI ? BOM ? COK,07:40 28 Jun,No info,9653,27,6,3,0,0,720.0,1180
Jet Airways,Kolkata,Banglore,CCU ? BOM ? BLR,10:05 25 May,In-flight meal not included,8586,24,5,4,0,0,1135.0,910
SpiceJet,Mumbai,Hyderabad,BOM ? HYD,14:45,No info,2017,21,5,1,0,0,795.0,90
Vistara,Kolkata,Banglore,CCU ? DEL ? BLR,23:25 25 May,No info,9345,24,5,4,0,0,1220.0,1625
Jet Airways,Delhi,Cochin,DEL ? BDQ ? BOM ? COK,18:50 22 Mar,In-flight meal not included,9270,21,3,3,0,0,645.0,1925
Jet Airways,Delhi,Cochin,DEL ? IDR ? BOM ? COK,19:00,No info,13292,3,6,0,0,0,330.0,810
Jet Airways,Delhi,Cochin,DEL ? MAA ? BOM ? COK,19:45 28 Mar,In-flight meal not included,8098,27,3,2,0,0,1055.0,1570
Air India,Delhi,Cochin,DEL ? MAA ? COK,09:25 07 Jun,No info,7952,6,6,3,0,0,585.0,1420
IndiGo,Delhi,Cochin,DEL ? BOM ? COK,01:30 13 Jun,No info,5883,12,6,2,0,0,1115.0,415
Jet Airways,Banglore,Delhi,BLR ? DEL,22:50,No info,8016,6,6,3,0,0,1190.0,180
SpiceJet,Kolkata,Banglore,CCU ? BLR,19:40,No info,4174,18,5,5,0,0,1030.0,150
Multiple carriers,Delhi,Cochin,DEL ? HYD ? COK,22:30,No info,10696,3,6,0,0,0,425.0,925
Vistara,Banglore,Delhi,BLR ? DEL,19:35,No info,4878,12,6,2,0,0,1020.0,155
SpiceJet,Banglore,Delhi,BLR ? DEL,12:20,No info,3971,1,4,0,0,0,570.0,170
Multiple carriers,Delhi,Cochin,DEL ? BOM ? COK,01:30 04 Jun,No info,7198,3,6,0,0,0,1140.0,390
Jet Airways,Kolkata,Banglore,CCU ? DEL ? BLR,22:05 07 May,In-flight meal not included,9314,6,5,0,0,0,1225.0,1540
SpiceJet,Banglore,Delhi,BLR ? DEL,12:20,No info,4423,1,5,2,0,0,570.0,170
SpiceJet,Kolkata,Banglore,CCU ? BLR,09:30,No check-in baggage included,3841,6,4,5,0,0,415.0,155
Multiple carriers,Delhi,Cochin,DEL ? BOM ? COK,19:15,No info,7154,27,3,2,0,0,645.0,510
Air India,Delhi,Cochin,DEL ? BOM ? COK,19:15,No info,9929,15,6,5,0,0,420.0,735
Multiple carriers,Delhi,Cochin,DEL ? BOM ? COK,19:15,No info,8266,9,5,3,0,0,700.0,455
Multiple carriers,Delhi,Cochin,DEL ? BOM ? COK,19:00,No info,10877,12,6,2,0,0,510.0,630
IndiGo,Kolkata,Banglore,CCU ? BLR,17:45,No info,4804,24,6,0,0,0,915.0,150
Multiple carriers,Delhi,Cochin,DEL ? BOM ? COK,21:00,No info,13587,15,6,5,0,0,690.0,570
IndiGo,Delhi,Cochin,DEL ? BOM ? COK,13:20,No info,13611,6,3,2,0,0,285.0,515
IndiGo,Delhi,Cochin,DEL ? BOM ? COK,01:30 07 Jun,No info,6628,6,6,3,0,0,555.0,975
IndiGo,Delhi,Cochin,DEL ? COK,17:40,No info,5601,12,6,2,0,0,865.0,195
SpiceJet,Delhi,Cochin,DEL ? MAA ? COK,11:20,No info,5583,15,4,0,0,0,365.0,315
IndiGo,Banglore,Delhi,BLR ? DEL,13:00,No info,3943,21,5,1,0,0,610.0,170
IndiGo,Banglore,New Delhi,BLR ? DEL,06:50,No info,4777,24,3,6,0,0,240.0,170
Jet Airways,Kolkata,Banglore,CCU ? BOM ? BLR,12:00 13 May,In-flight meal not included,9663,12,5,6,0,0,1200.0,960
Jet Airways,Delhi,Cochin,DEL ? JAI ? BOM ? COK,04:25 02 Jun,In-flight meal not included,10368,1,6,5,0,0,330.0,1375
IndiGo,Delhi,Cochin,DEL ? BOM ? COK,01:30 16 Jun,No info,5883,15,6,5,0,0,1115.0,415
IndiGo,Kolkata,Banglore,CCU ? BLR,14:05,No info,4804,27,4,5,0,0,690.0,155
Vistara,Banglore,New Delhi,BLR ? DEL,18:35,No info,13383,3,3,6,0,0,960.0,155
Multiple carriers,Delhi,Cochin,DEL ? HYD ? COK,22:30,No info,9646,1,6,5,0,0,795.0,555
Jet Airways,Kolkata,Banglore,CCU ? DEL ? BLR,19:10 02 May,No info,11467,1,5,2,0,0,1020.0,1570
Air Asia,Kolkata,Banglore,CCU ? DEL ? BLR,10:40 13 May,No info,5192,12,5,6,0,0,1360.0,720
Jet Airways,Delhi,Cochin,DEL ? NAG ? BOM ? COK,04:25 13 Jun,No info,13376,12,6,2,0,0,405.0,1300
Air Asia,Banglore,New Delhi,BLR ? DEL,02:10 07 Mar,No info,6477,3,3,6,0,0,1405.0,165
Multiple carriers,Delhi,Cochin,DEL ? BOM ? COK,21:00,No info,13727,18,5,5,0,0,540.0,720
Vistara,Kolkata,Banglore,CCU ? DEL ? BLR,20:20 19 May,No info,9555,18,5,5,0,0,1020.0,1640
Jet Airways,Delhi,Cochin,DEL ? AMD ? BOM ? COK,19:00 25 Jun,No info,12819,24,6,0,0,0,1150.0,1430
Vistara,Mumbai,Hyderabad,BOM ? DEL ? HYD,22:55,No info,12395,6,3,2,0,0,625.0,750
Jet Airways,Delhi,Cochin,DEL ? BOM ? COK,04:25 16 Jun,In-flight meal not included,10262,15,6,5,0,0,1155.0,550
Jet Airways,Kolkata,Banglore,CCU ? BOM ? BLR,20:45,No info,14781,21,5,1,0,0,505.0,740
Jet Airways,Mumbai,Hyderabad,BOM ? HYD,11:50,No info,5678,12,5,6,0,0,620.0,90
SpiceJet,Kolkata,Banglore,CCU ? IXB ? BLR,21:25,No info,7804,15,5,2,0,0,955.0,330
Jet Airways,Delhi,Cochin,DEL ? BOM ? COK,19:00 28 Jun,In-flight meal not included,10262,27,6,3,0,0,900.0,1680
Jet Airways,Banglore,Delhi,BLR ? DEL,22:50,In-flight meal not included,5198,18,5,5,0,0,1190.0,180
IndiGo,Mumbai,Hyderabad,BOM ? HYD,07:55,No info,4049,3,5,4,0,0,385.0,90
Air Asia,Banglore,Delhi,BLR ? DEL,13:55,No info,3383,15,6,5,0,0,670.0,165
Air India,Delhi,Cochin,DEL ? BLR ? COK,23:00,No info,7174,27,5,0,0,0,1060.0,320
Air India,Delhi,Cochin,DEL ? BLR ? COK,23:00 16 May,No info,8907,15,5,2,0,0,1230.0,1590
Jet Airways,Delhi,Cochin,DEL ? JAI ? BOM ? COK,12:35 02 Jun,No info,13014,1,6,5,0,0,580.0,1615
Jet Airways,Kolkata,Banglore,CCU ? BOM ? BLR,08:15 07 May,No info,13584,6,5,0,0,0,1270.0,665
Air Asia,Kolkata,Banglore,CCU ? BLR,01:20 16 May,No info,4107,15,5,2,0,0,1370.0,150
Jet Airways,Mumbai,Hyderabad,BOM ? HYD,04:25,In-flight meal not included,2071,15,3,4,0,0,175.0,90
Jet Airways,Delhi,Cochin,DEL ? BOM ? COK,04:25 10 May,In-flight meal not included,12373,9,5,3,0,0,1255.0,450
Air India,Banglore,New Delhi,BLR ? BOM ? IXC ? DEL,13:55 13 Mar,No info,13303,12,3,1,0,0,530.0,1745
Jet Airways,Kolkata,Banglore,CCU ? BOM ? BLR,10:05 13 Jun,In-flight meal not included,8529,12,6,2,0,0,990.0,1055
Jet Airways,Kolkata,Banglore,CCU ? BOM ? BLR,19:50 07 Jun,No info,14571,6,6,3,0,0,1135.0,1495
Jet Airways,Delhi,Cochin,DEL ? AMD ? BOM ? COK,04:25 29 May,No info,15129,27,5,0,0,0,1385.0,1760
Jet Airways,Banglore,Delhi,BLR ? DEL,11:20,No info,8016,9,6,6,0,0,500.0,180
IndiGo,Kolkata,Banglore,CCU ? BLR,00:05 07 Jun,No info,4804,6,6,3,0,0,1285.0,160
Air India,Banglore,New Delhi,BLR ? HYD ? DEL,12:15,No info,5118,9,3,5,0,0,410.0,325
Jet Airways,Kolkata,Banglore,CCU ? BOM ? BLR,08:15 19 May,In-flight meal not included,9663,18,5,5,0,0,505.0,1430
Air India,Kolkata,Banglore,CCU ? IXR ? DEL ? BLR,12:30 10 Jun,No info,12723,9,6,6,0,0,350.0,1840
GoAir,Banglore,Delhi,BLR ? DEL,23:40,No info,3419,12,5,6,0,0,1255.0,165
Jet Airways,Banglore,New Delhi,BLR ? BOM ? DEL,10:45 13 Mar,In-flight meal not included,11087,12,3,1,0,0,1375.0,710
IndiGo,Kolkata,Banglore,CCU ? BLR,00:50 13 Apr,No info,4174,12,4,4,0,0,1335.0,155
Jet Airways,Delhi,Cochin,DEL ? BOM ? COK,04:25 10 Jun,In-flight meal not included,10262,9,6,6,0,0,480.0,1225
Jet Airways,Delhi,Cochin,DEL ? IDR ? BOM ? COK,12:35 16 Jun,No info,12609,15,6,5,0,0,575.0,1620
Vistara,Banglore,Delhi,BLR ? DEL,09:40,No info,4668,3,6,0,0,0,420.0,160
SpiceJet,Mumbai,Hyderabad,BOM ? HYD,00:15 25 May,No check-in baggage included,1965,24,5,4,0,0,1365.0,90
IndiGo,Mumbai,Hyderabad,BOM ? HYD,07:55,No info,4049,1,6,5,0,0,385.0,90
Air India,Kolkata,Banglore,CCU ? BLR,16:45,No info,5195,12,4,4,0,0,855.0,150
IndiGo,Kolkata,Banglore,CCU ? BLR,22:55,No info,4804,18,5,5,0,0,1220.0,155
IndiGo,Banglore,New Delhi,BLR ? DEL,15:50,No info,7648,3,3,6,0,0,780.0,170
IndiGo,Chennai,Kolkata,MAA ? CCU,10:15,No info,3850,3,5,4,0,0,475.0,140
Air India,Banglore,Delhi,BLR ? DEL,12:45,No info,6121,15,4,0,0,0,600.0,165
IndiGo,Chennai,Kolkata,MAA ? CCU,07:40,No info,3540,18,6,1,0,0,315.0,145
Jet Airways,Banglore,New Delhi,BLR ? BOM ? DEL,11:25,In-flight meal not included,9134,15,3,4,0,0,345.0,340
Jet Airways,Kolkata,Banglore,CCU ? BOM ? BLR,22:35 07 Jun,In-flight meal not included,10844,6,6,3,0,0,1135.0,1660
IndiGo,Chennai,Kolkata,MAA ? CCU,00:25 04 Jun,No info,5277,3,6,0,0,0,1325.0,140
IndiGo,Delhi,Cochin,DEL ? BOM ? COK,21:00,No info,5073,6,4,5,0,0,960.0,300
SpiceJet,Kolkata,Banglore,CCU ? BLR,09:30,No check-in baggage included,3841,24,6,0,0,0,415.0,155
Multiple carriers,Delhi,Cochin,DEL ? BOM ? COK,19:00,No info,10877,3,6,0,0,0,450.0,690
Jet Airways,Delhi,Cochin,DEL ? BOM ? COK,19:45 28 Mar,In-flight meal not included,5406,27,3,2,0,0,1050.0,1575
Jet Airways,Kolkata,Banglore,CCU ? DEL ? BLR,09:45 10 Jun,No info,14151,9,6,6,0,0,1020.0,1005
Jet Airways,Delhi,Cochin,DEL ? BDQ ? BOM ? COK,12:35 04 Jun,No info,14237,3,6,0,0,0,1105.0,1090
IndiGo,Mumbai,Hyderabad,BOM ? HYD,03:10,No info,2754,24,6,0,0,0,100.0,90
Air India,Kolkata,Banglore,CCU ? DEL ? BLR,20:25,No info,11306,18,5,5,0,0,420.0,805
Air Asia,Kolkata,Banglore,CCU ? DEL ? BLR,10:40 02 May,No info,5192,1,5,2,0,0,1360.0,720
Vistara,Chennai,Kolkata,MAA ? CCU,09:20,No info,3687,12,6,2,0,0,425.0,135
Multiple carriers,Delhi,Cochin,DEL ? BOM ? COK,19:00,No info,12192,3,6,0,0,0,230.0,910
Jet Airways,Delhi,Cochin,DEL ? BOM ? COK,19:00,In-flight meal not included,12898,27,5,0,0,0,780.0,360
Jet Airways,Delhi,Cochin,DEL ? BOM ? COK,19:00 10 Jun,No info,14924,9,6,6,0,0,1185.0,1395
SpiceJet,Kolkata,Banglore,CCU ? KNU ? BLR,18:50,No info,8479,24,5,4,0,0,695.0,435
Multiple carriers,Delhi,Cochin,DEL ? BOM ? COK,01:30 28 May,In-flight meal not included,6943,27,5,0,0,0,840.0,690
Multiple carriers,Delhi,Cochin,DEL ? BOM ? COK,19:15,No info,7354,27,6,3,0,0,400.0,755
Multiple carriers,Delhi,Cochin,DEL ? BOM ? COK,19:00,No info,12192,6,6,3,0,0,540.0,600
IndiGo,Banglore,Delhi,BLR ? DEL,00:15 04 May,No info,3943,3,5,4,0,0,1275.0,180
Jet Airways,Delhi,Cochin,DEL ? AMD ? BOM ? COK,19:00 07 May,No info,15129,6,5,0,0,0,1150.0,1430
Vistara,Banglore,Delhi,BLR ? DEL,09:40,No info,5403,9,4,1,0,0,420.0,160
Jet Airways,Delhi,Cochin,DEL ? LKO ? BOM ? COK,04:25 28 Jun,No info,13882,27,6,3,0,0,565.0,1140
Jet Airways,Mumbai,Hyderabad,BOM ? HYD,21:05,No info,5678,21,3,3,0,0,1175.0,90
Vistara,Banglore,Delhi,BLR ? DEL,14:20,No info,5403,27,4,5,0,0,690.0,170
Vistara,Banglore,Delhi,BLR ? DEL,23:50,No info,4878,27,6,3,0,0,1260.0,170
IndiGo,Delhi,Cochin,DEL ? HYD ? MAA ? COK,21:20,No info,6494,27,3,2,0,0,400.0,880
IndiGo,Banglore,New Delhi,BLR ? DEL,04:15,No info,4777,24,3,6,0,0,90.0,165
Air India,Mumbai,Hyderabad,BOM ? HYD,15:25,No info,3625,6,6,3,0,0,835.0,90
Air India,Kolkata,Banglore,CCU ? BBI ? BOM ? BLR,18:30 02 Apr,No info,9258,1,4,0,0,0,720.0,1830
Jet Airways,Delhi,Cochin,DEL ? BOM ? COK,19:00,In-flight meal not included,10262,6,6,3,0,0,780.0,360
Air India,Banglore,New Delhi,BLR ? CCU ? BBI ? HYD ? VGA ? DEL,11:20 02 Mar,Change airports,17686,1,3,4,0,0,350.0,1770
IndiGo,Kolkata,Banglore,CCU ? BLR,17:45,No info,4174,3,4,2,0,0,915.0,150
Multiple carriers,Delhi,Cochin,DEL ? BOM ? COK,01:30 22 May,No info,7485,21,5,1,0,0,620.0,910
Air India,Kolkata,Banglore,CCU ? JAI ? BOM ? BLR,11:10 19 May,No info,11222,18,5,5,0,0,500.0,1610
Jet Airways,Kolkata,Banglore,CCU ? DEL ? BLR,21:05 02 May,No info,12121,1,5,2,0,0,1020.0,1685
Air India,Kolkata,Banglore,CCU ? JAI ? BOM ? BLR,18:30,No info,10697,21,5,1,0,0,500.0,610
Jet Airways,Delhi,Cochin,DEL ? BOM ? COK,19:00,In-flight meal not included,12373,9,5,3,0,0,690.0,450
SpiceJet,Kolkata,Banglore,CCU ? PNQ ? BLR,17:15,No info,6381,21,5,1,0,0,515.0,520
Jet Airways,Delhi,Cochin,DEL ? UDR ? BOM ? COK,04:25 08 Mar,No info,17072,6,3,2,0,0,1075.0,2070
Jet Airways,Delhi,Cochin,DEL ? JAI ? BOM ? COK,12:35 10 Jun,In-flight meal not included,10368,9,6,6,0,0,580.0,1615
IndiGo,Banglore,Delhi,BLR ? DEL,21:20,No info,4823,24,5,4,0,0,1105.0,175
Air India,Delhi,Cochin,DEL ? BLR ? COK,23:00,No info,27282,3,3,6,0,0,585.0,795
IndiGo,Mumbai,Hyderabad,BOM ? HYD,21:40,No info,2227,12,6,2,0,0,1205.0,95
IndiGo,Banglore,New Delhi,BLR ? DEL,03:25,No info,4545,9,3,5,0,0,40.0,165
IndiGo,Kolkata,Banglore,CCU ? BLR,19:55,No info,4148,21,3,3,0,0,1035.0,160
IndiGo,Kolkata,Banglore,CCU ? BLR,17:45,No info,4148,12,3,1,0,0,910.0,155
Air India,Banglore,New Delhi,BLR ? HYD ? VGA ? DEL,11:20 19 Mar,No info,7642,21,3,3,0,0,495.0,1625
Jet Airways,Delhi,Cochin,DEL ? BOM ? COK,12:35 04 Jun,In-flight meal not included,10262,3,6,0,0,0,960.0,1235
Jet Airways,Banglore,Delhi,BLR ? DEL,11:20,In-flight meal not included,4030,24,5,4,0,0,500.0,180
IndiGo,Delhi,Cochin,DEL ? COK,17:40,No info,5000,27,6,3,0,0,865.0,195
SpiceJet,Delhi,Cochin,DEL ? PNQ ? COK,13:15,No info,5264,9,6,6,0,0,525.0,270
Jet Airways,Banglore,Delhi,BLR ? DEL,22:00,In-flight meal not included,7229,1,6,5,0,0,1135.0,185
Jet Airways,Delhi,Cochin,DEL ? BOM ? COK,19:00,In-flight meal not included,10577,3,6,0,0,0,480.0,660
Air India,Kolkata,Banglore,CCU ? IXR ? DEL ? BLR,08:55 25 May,No info,12723,24,5,4,0,0,350.0,1625
Jet Airways,Delhi,Cochin,DEL ? BOM ? COK,04:25 02 Jun,No info,14714,1,6,5,0,0,1310.0,395
Jet Airways,Delhi,Cochin,DEL ? BOM ? COK,04:25 22 Mar,In-flight meal not included,7438,21,3,3,0,0,135.0,1570
Air India,Kolkata,Banglore,CCU ? DEL ? BLR,20:25 16 May,No info,10203,15,5,2,0,0,1230.0,1435
Air Asia,Kolkata,Banglore,CCU ? BLR,01:20 28 Mar,No info,3782,27,3,2,0,0,1370.0,150
Jet Airways,Delhi,Cochin,DEL ? JAI ? BOM ? COK,19:00,No info,13014,12,6,2,0,0,330.0,810
Multiple carriers,Delhi,Cochin,DEL ? BOM ? COK,01:30 16 May,No info,8073,15,5,2,0,0,1140.0,390
IndiGo,Kolkata,Banglore,CCU ? BLR,18:05,No info,4804,9,5,3,0,0,930.0,155
IndiGo,Kolkata,Banglore,CCU ? BBI ? BLR,12:40,No info,4864,9,5,3,0,0,430.0,330
Multiple carriers,Delhi,Cochin,DEL ? BOM ? COK,18:50,No info,15135,6,3,2,0,0,400.0,730
Air India,Kolkata,Banglore,CCU ? BOM ? BLR,11:10 07 Jun,No info,8366,6,6,3,0,0,1010.0,1100
Jet Airways,Delhi,Cochin,DEL ? IDR ? BOM ? COK,04:25 10 Jun,No info,13292,9,6,6,0,0,330.0,1375
Air India,Banglore,Delhi,BLR ? DEL,19:45,No info,7171,15,6,5,0,0,1020.0,165
Jet Airways,Kolkata,Banglore,CCU ? DEL ? BLR,21:05,No info,12121,6,5,0,0,0,575.0,690
Air India,Delhi,Cochin,DEL ? GOI ? BOM ? COK,19:15,No info,11753,12,6,2,0,0,655.0,500
IndiGo,Banglore,New Delhi,BLR ? HYD ? DEL,10:00,No Info,8064,1,3,4,0,0,315.0,285
Jet Airways,Delhi,Cochin,DEL ? BOM ? COK,19:00 07 Jun,In-flight meal not included,10262,6,6,3,0,0,900.0,1680
IndiGo,Chennai,Kolkata,MAA ? CCU,00:25 04 May,No info,5277,3,5,4,0,0,1325.0,140
Jet Airways,Banglore,Delhi,BLR ? DEL,20:45,No info,8016,9,6,6,0,0,1065.0,180
Air India,Mumbai,Hyderabad,BOM ? AMD ? ISK ? HYD,14:50,No info,11342,12,3,1,0,0,330.0,560
Jet Airways,Kolkata,Banglore,CCU ? BOM ? BLR,04:40 13 Jun,In-flight meal not included,7594,12,6,2,0,0,390.0,1330
Air Asia,Banglore,Delhi,BLR ? DEL,13:55,No info,4483,3,6,0,0,0,670.0,165
Jet Airways,Delhi,Cochin,DEL ? ATQ ? BOM ? COK,04:25 19 May,No info,16263,18,5,5,0,0,1200.0,505
Air India,Kolkata,Banglore,CCU ? DEL ? COK ? BLR,01:20 13 May,No info,13243,12,5,6,0,0,600.0,920
Jet Airways,Banglore,Delhi,BLR ? DEL,08:45,In-flight meal not included,6478,12,6,2,0,0,360.0,165
Jet Airways,Delhi,Cochin,DEL ? BOM ? COK,04:25 07 Mar,No info,15764,6,3,2,0,0,1385.0,320
Air India,Kolkata,Banglore,CCU ? BBI ? HYD ? BLR,04:40 04 Apr,No info,4647,3,4,2,0,0,550.0,1170
Jet Airways,Banglore,Delhi,BLR ? DEL,22:50,No info,8016,3,6,0,0,0,1190.0,180
Air India,Kolkata,Banglore,CCU ? BLR,23:20,No info,4145,12,6,2,0,0,1245.0,155
Multiple carriers,Delhi,Cochin,DEL ? BOM ? COK,21:00,No info,8055,27,3,2,0,0,450.0,810
Air India,Delhi,Cochin,DEL ? HYD ? BOM ? COK,19:15 19 May,No info,12409,18,5,5,0,0,1035.0,1560
IndiGo,Kolkata,Banglore,CCU ? BLR,12:20,No info,6038,24,3,6,0,0,575.0,165
Air Asia,Kolkata,Banglore,CCU ? BLR,01:20 22 May,No info,4107,21,5,1,0,0,1370.0,150
Air India,Delhi,Cochin,DEL ? BHO ? BOM ? COK,07:40 22 May,No info,11911,21,5,1,0,0,355.0,1545
Jet Airways,Banglore,New Delhi,BLR ? BOM ? DEL,23:00 02 Mar,No info,25735,1,3,4,0,0,1370.0,1450
Air India,Kolkata,Banglore,CCU ? BOM ? COK ? BLR,01:20 07 Jun,No info,11458,6,6,3,0,0,565.0,955
Air Asia,Delhi,Cochin,DEL ? BLR ? COK,22:25,No info,6152,24,4,2,0,0,1005.0,340
Jet Airways,Kolkata,Banglore,CCU ? BOM ? BLR,23:35 10 Jun,In-flight meal not included,10844,9,6,6,0,0,1270.0,1585
Vistara,Chennai,Kolkata,MAA ? CCU,20:05,No info,11982,24,5,4,0,0,1065.0,140
Jet Airways,Kolkata,Banglore,CCU ? BOM ? BLR,16:20,No info,13941,9,5,3,0,0,390.0,590
IndiGo,Delhi,Cochin,DEL ? HYD ? COK,22:20,No info,6938,27,3,2,0,0,860.0,480
Jet Airways,Delhi,Cochin,DEL ? AMD ? BOM ? COK,19:00 28 Jun,No info,15339,27,6,3,0,0,805.0,1775
Jet Airways,Delhi,Cochin,DEL ? IDR ? BOM ? COK,18:50 04 Mar,No info,20064,3,3,6,0,0,325.0,2245
Multiple carriers,Delhi,Cochin,DEL ? HYD ? COK,22:30,In-flight meal not included,6093,15,6,5,0,0,895.0,455
Multiple carriers Premium economy,Delhi,Cochin,DEL ? BOM ? COK,01:35 22 Mar,No info,10885,21,3,3,0,0,1140.0,395
Air India,Delhi,Cochin,DEL ? BLR ? COK,23:00,No info,8907,1,6,5,0,0,810.0,570
Jet Airways,Kolkata,Banglore,CCU ? BOM ? BLR,20:45,In-flight meal not included,9663,6,5,0,0,0,390.0,855
IndiGo,Delhi,Cochin,DEL ? HYD ? COK,12:10,No info,7160,27,4,5,0,0,305.0,425
Multiple carriers Premium economy,Delhi,Cochin,DEL ? BOM ? COK,15:30,No info,11269,21,3,3,0,0,450.0,480
Jet Airways,Mumbai,Hyderabad,BOM ? HYD,21:05,No info,5678,1,4,0,0,0,1175.0,90
Jet Airways,Mumbai,Hyderabad,BOM ? HYD,04:20,No info,5678,27,5,0,0,0,175.0,85
Air India,Delhi,Cochin,DEL ? BLR ? COK,23:00,No info,8907,6,6,3,0,0,585.0,795
Jet Airways,Mumbai,Hyderabad,BOM ? HYD,04:20,In-flight meal not included,3210,27,6,3,0,0,175.0,85
Air India,Banglore,Delhi,BLR ? DEL,08:55,No info,6961,15,5,2,0,0,370.0,165
Jet Airways,Banglore,New Delhi,BLR ? BOM ? DEL,08:15 07 Mar,No info,14815,6,3,2,0,0,845.0,1090
Jet Airways,Kolkata,Banglore,CCU ? DEL ? BLR,22:05 07 May,No info,11467,6,5,0,0,0,1225.0,1540
Jet Airways,Delhi,Cochin,DEL ? NAG ? BOM ? COK,12:35 16 Jun,In-flight meal not included,10919,15,6,5,0,0,875.0,1320
GoAir,Delhi,Cochin,DEL ? BOM ? COK,19:35,No info,9069,3,6,0,0,0,865.0,310
SpiceJet,Kolkata,Banglore,CCU ? MAA ? BLR,20:20,No info,4649,1,5,2,0,0,905.0,315
IndiGo,Banglore,Delhi,BLR ? DEL,21:20,No info,4823,3,6,0,0,0,1105.0,175
Air India,Kolkata,Banglore,CCU ? MAA ? BLR,14:35 22 May,No info,6528,21,5,1,0,0,875.0,1440
Jet Airways,Banglore,New Delhi,BLR ? BOM ? DEL,12:25,No info,22270,6,3,2,0,0,345.0,400
Jet Airways,Delhi,Cochin,DEL ? BDQ ? BOM ? COK,04:25 10 Mar,In-flight meal not included,15654,9,3,5,0,0,645.0,1060
Vistara,Kolkata,Banglore,CCU ? DEL ? BLR,22:55 02 Apr,No info,7770,1,4,0,0,0,1220.0,1595
IndiGo,Kolkata,Banglore,CCU ? BLR,07:15,No info,4804,3,5,4,0,0,280.0,155
Jet Airways,Delhi,Cochin,DEL ? JAI ? BOM ? COK,12:35 16 Jun,In-flight meal not included,10368,15,6,5,0,0,1170.0,1025
IndiGo,Delhi,Cochin,DEL ? COK,00:20 04 Mar,No info,7673,3,3,6,0,0,1265.0,195
IndiGo,Delhi,Cochin,DEL ? COK,08:50,No info,6015,21,4,6,0,0,335.0,195
IndiGo,Kolkata,Banglore,CCU ? BLR,14:05,No info,4804,24,4,2,0,0,690.0,155
Jet Airways,Kolkata,Banglore,CCU ? BOM ? BLR,08:15 16 May,No info,13941,15,5,2,0,0,1200.0,735
Air Asia,Kolkata,Banglore,CCU ? BBI ? BLR,23:30,No info,5162,9,5,3,0,0,1195.0,215
Air India,Banglore,New Delhi,BLR ? CCU ? DEL,22:45,No info,10657,9,3,5,0,0,665.0,700
Jet Airways,Kolkata,Banglore,CCU ? BOM ? BLR,23:35,No info,14781,9,5,3,0,0,990.0,425
IndiGo,Mumbai,Hyderabad,BOM ? HYD,20:35,No info,2754,3,4,2,0,0,1145.0,90
Air India,Banglore,New Delhi,BLR ? HYD ? VGA ? DEL,22:55,No info,11474,12,3,1,0,0,410.0,965
Jet Airways,Kolkata,Banglore,CCU ? BOM ? BLR,08:15 19 May,In-flight meal not included,7757,18,5,5,0,0,1135.0,800
Jet Airways,Mumbai,Hyderabad,BOM ? HYD,04:20,In-flight meal not included,2228,3,4,2,0,0,175.0,85
Jet Airways,Banglore,New Delhi,BLR ? BOM ? DEL,08:15 16 Mar,In-flight meal not included,10405,15,3,4,0,0,480.0,1455
GoAir,Banglore,Delhi,BLR ? DEL,10:40,No info,3419,27,6,3,0,0,465.0,175
Jet Airways,Delhi,Cochin,DEL ? BOM ? COK,12:35 10 Jun,In-flight meal not included,10262,9,6,6,0,0,1050.0,1145
Air India,Mumbai,Hyderabad,BOM ? HYD,15:25,No info,3100,9,6,6,0,0,835.0,90
Jet Airways,Delhi,Cochin,DEL ? BOM ? COK,04:25 10 Mar,In-flight meal not included,11848,9,3,5,0,0,135.0,1570
Air India,Delhi,Cochin,DEL ? BLR ? COK,08:15 10 Apr,No info,5683,9,4,1,0,0,1230.0,705
Jet Airways,Kolkata,Banglore,CCU ? BOM ? BLR,12:00 10 May,In-flight meal not included,9663,9,5,3,0,0,505.0,1655
Jet Airways,Banglore,Delhi,BLR ? DEL,22:50,In-flight meal not included,4544,24,4,2,0,0,1190.0,180
Jet Airways,Mumbai,Hyderabad,BOM ? HYD,04:20,In-flight meal not included,4050,27,5,0,0,0,175.0,85
Vistara,Kolkata,Banglore,CCU ? DEL ? BLR,09:05 10 May,No info,9187,9,5,3,0,0,1220.0,765
Vistara,Kolkata,Banglore,CCU ? DEL ? BLR,20:20 02 Apr,No info,8452,1,4,0,0,0,1220.0,1440
Air India,Kolkata,Banglore,CCU ? BOM ? COK ? BLR,01:20 19 May,No info,11668,18,5,5,0,0,565.0,955
Air India,Delhi,Cochin,DEL ? CCU ? BOM ? COK,19:15 10 Jun,No info,13381,9,6,6,0,0,865.0,1730
Multiple carriers,Delhi,Cochin,DEL ? BOM ? COK,21:00,No info,8073,18,5,5,0,0,420.0,840
Air Asia,Kolkata,Banglore,CCU ? BLR,12:55,No info,5620,1,3,4,0,0,620.0,155
Jet Airways,Kolkata,Banglore,CCU ? BOM ? BLR,04:40 13 Jun,No info,12739,12,6,2,0,0,845.0,875
Air Asia,Kolkata,Banglore,CCU ? BLR,22:25,No info,5989,3,5,4,0,0,1195.0,150
Air India,Kolkata,Banglore,CCU ? BOM ? BLR,07:55 22 May,No info,8891,21,5,1,0,0,565.0,1350
Jet Airways,Banglore,Delhi,BLR ? DEL,22:50,In-flight meal not included,4544,27,4,5,0,0,1190.0,180
Jet Airways,Delhi,Cochin,DEL ? BOM ? COK,19:00 07 Jun,In-flight meal not included,10262,6,6,3,0,0,960.0,1620
Vistara,Kolkata,Banglore,CCU ? DEL ? BLR,20:20 22 May,No info,9345,21,5,1,0,0,1020.0,1640
Vistara,Banglore,New Delhi,BLR ? DEL,22:20,No info,21730,1,3,4,0,0,1180.0,160
IndiGo,Delhi,Cochin,DEL ? BOM ? COK,21:00,No info,6838,15,6,5,0,0,555.0,705
Air India,Mumbai,Hyderabad,BOM ? DEL ? HYD,19:25 13 Mar,No info,10943,12,3,1,0,0,1260.0,1345
IndiGo,Banglore,Delhi,BLR ? DEL,06:50,No info,3943,18,6,1,0,0,240.0,170
SpiceJet,Banglore,Delhi,BLR ? DEL,08:35,No check-in baggage included,3573,18,6,1,0,0,355.0,160
SpiceJet,Kolkata,Banglore,CCU ? BLR,11:25,No check-in baggage included,3841,15,5,2,0,0,540.0,145
Multiple carriers,Delhi,Cochin,DEL ? HYD ? COK,18:10,No info,9646,21,5,1,0,0,585.0,505
Air India,Delhi,Cochin,DEL ? COK,21:10,No info,4729,18,3,0,0,0,1085.0,185
Jet Airways,Banglore,New Delhi,BLR ? BOM ? DEL,09:30 07 Mar,No info,17261,6,3,2,0,0,1370.0,640
Jet Airways,Kolkata,Banglore,CCU ? BOM ? BLR,10:05 02 May,No info,13941,1,5,2,0,0,845.0,1200
Jet Airways,Kolkata,Banglore,CCU ? BOM ? BLR,12:00 22 May,In-flight meal not included,10844,21,5,1,0,0,1270.0,890
Jet Airways,Kolkata,Banglore,CCU ? BOM ? BLR,16:20 25 Mar,No info,14231,24,3,6,0,0,1135.0,1285
Jet Airways,Delhi,Cochin,DEL ? BOM ? COK,19:00,No info,14714,12,6,2,0,0,780.0,360
SpiceJet,Delhi,Cochin,DEL ? PNQ ? COK,13:15,No info,6460,21,3,3,0,0,525.0,270
Jet Airways,Kolkata,Banglore,CCU ? DEL ? BLR,23:35 02 May,No info,11467,1,5,2,0,0,1225.0,1630
IndiGo,Banglore,Delhi,BLR ? DEL,03:25,No info,3943,3,5,4,0,0,30.0,175
IndiGo,Kolkata,Banglore,CCU ? HYD ? BLR,20:05,No info,4775,15,4,0,0,0,915.0,290
SpiceJet,Kolkata,Banglore,CCU ? BLR,11:25,No check-in baggage included,3841,6,4,5,0,0,540.0,145
Jet Airways,Banglore,New Delhi,BLR ? BOM ? DEL,07:40 16 Mar,No info,12284,18,3,0,0,0,700.0,1200
IndiGo,Kolkata,Banglore,CCU ? BLR,19:50,No info,4804,9,6,6,0,0,1035.0,155
Jet Airways,Delhi,Cochin,DEL ? AMD ? BOM ? COK,12:35 25 Jun,No info,12819,24,6,0,0,0,805.0,1390
Jet Airways,Delhi,Cochin,DEL ? BOM ? COK,04:25 04 Jun,No info,14714,3,6,0,0,0,1095.0,610
Jet Airways,Mumbai,Hyderabad,BOM ? HYD,11:50,No info,8040,27,5,0,0,0,620.0,90
Multiple carriers,Delhi,Cochin,DEL ? IDR ? BOM ? COK,01:30 16 May,No info,16840,15,5,2,0,0,905.0,625
Jet Airways,Delhi,Cochin,DEL ? BOM ? COK,04:25 07 May,No info,15554,6,5,0,0,0,1370.0,335
GoAir,Delhi,Cochin,DEL ? BOM ? COK,19:35,No info,5752,15,4,0,0,0,635.0,540
Vistara,Kolkata,Banglore,CCU ? DEL ? BLR,10:45 10 May,No info,8452,9,5,3,0,0,1020.0,1065
Multiple carriers,Delhi,Cochin,DEL ? BOM ? COK,19:15,In-flight meal not included,11761,27,5,0,0,0,480.0,675
Multiple carriers,Delhi,Cochin,DEL ? BOM ? COK,19:15,No info,14848,27,6,3,0,0,780.0,375
Jet Airways,Delhi,Cochin,DEL ? JAI ? BOM ? COK,19:00,In-flight meal not included,10368,3,6,0,0,0,330.0,810
Air India,Delhi,Cochin,DEL ? AMD ? BOM ? COK,19:15 19 May,No info,9863,18,5,5,0,0,1000.0,1595
Jet Airways,Delhi,Cochin,DEL ? BOM ? COK,19:00,In-flight meal not included,10262,27,6,3,0,0,600.0,540
Vistara,Banglore,Delhi,BLR ? DEL,09:40,No info,4668,6,6,3,0,0,420.0,160
Multiple carriers,Delhi,Cochin,DEL ? BOM ? COK,19:00,No info,9103,15,5,2,0,0,685.0,455
Jet Airways,Delhi,Cochin,DEL ? BOM ? COK,12:35 13 Jun,In-flight meal not included,10262,12,6,2,0,0,1310.0,885
GoAir,Delhi,Cochin,DEL ? AMD ? COK,13:35,No info,4525,27,6,3,0,0,445.0,370
Air India,Banglore,Delhi,BLR ? DEL,12:45,No info,5228,27,4,5,0,0,600.0,165
Jet Airways,Banglore,New Delhi,BLR ? BOM ? DEL,05:05 07 Mar,No info,19225,6,3,2,0,0,1285.0,460
Jet Airways,Mumbai,Hyderabad,BOM ? HYD,11:50,No info,8040,9,5,3,0,0,620.0,90
Jet Airways,Delhi,Cochin,DEL ? BOM ? COK,04:25 22 Mar,In-flight meal not included,7438,21,3,3,0,0,840.0,865
Multiple carriers,Delhi,Cochin,DEL ? BOM ? COK,15:30,No info,13135,6,3,2,0,0,240.0,690
IndiGo,Delhi,Cochin,DEL ? COK,17:40,No info,6015,9,5,3,0,0,865.0,195
Multiple carriers,Delhi,Cochin,DEL ? BOM ? COK,01:30 19 May,No info,8283,18,5,5,0,0,1020.0,510
SpiceJet,Chennai,Kolkata,MAA ? CCU,10:35,No check-in baggage included,3543,9,6,6,0,0,500.0,135
IndiGo,Kolkata,Banglore,CCU ? BLR,12:55,No info,4148,27,3,2,0,0,610.0,165
GoAir,Banglore,New Delhi,BLR ? GOI ? DEL,20:15,No info,7657,15,3,4,0,0,945.0,270
IndiGo,Kolkata,Banglore,CCU ? BBI ? BLR,23:15,No info,5276,12,5,6,0,0,1175.0,220
Jet Airways,Kolkata,Banglore,CCU ? DEL ? BLR,23:35,No info,14151,15,5,2,0,0,575.0,840
Jet Airways,Mumbai,Hyderabad,BOM ? HYD,11:50,No info,8040,21,6,4,0,0,620.0,90
IndiGo,Delhi,Cochin,DEL ? HYD ? MAA ? COK,21:20,No info,8378,9,3,5,0,0,715.0,565
SpiceJet,Chennai,Kolkata,MAA ? CCU,12:00,No check-in baggage included,3543,9,6,6,0,0,585.0,135
IndiGo,Banglore,Delhi,BLR ? DEL,21:50,No info,4823,12,6,2,0,0,1135.0,175
Jet Airways,Kolkata,Banglore,CCU ? BOM ? BLR,08:15 16 May,No info,14388,15,5,2,0,0,1135.0,800
SpiceJet,Chennai,Kolkata,MAA ? CCU,20:05,No check-in baggage included,3543,9,6,6,0,0,1065.0,140
Jet Airways,Kolkata,Banglore,CCU ? BOM ? BLR,20:45,In-flight meal not included,10844,12,5,6,0,0,845.0,400
Jet Airways,Kolkata,Banglore,CCU ? BOM ? BLR,18:15,In-flight meal not included,10844,9,6,6,0,0,390.0,705
SpiceJet,Delhi,Cochin,DEL ? BLR ? COK,22:50,No info,4957,12,6,2,0,0,1075.0,295
IndiGo,Delhi,Cochin,DEL ? HYD ? COK,16:10,No info,6442,15,5,2,0,0,455.0,515
Air India,Delhi,Cochin,DEL ? MAA ? COK,09:25 16 May,No info,7480,15,5,2,0,0,1040.0,965
IndiGo,Delhi,Cochin,DEL ? BOM ? COK,01:30 02 Apr,No info,5073,1,4,0,0,0,1225.0,305
Jet Airways,Kolkata,Banglore,CCU ? BOM ? BLR,22:35,No info,14781,9,5,3,0,0,990.0,365
Multiple carriers,Delhi,Cochin,DEL ? HYD ? COK,16:10,No info,9646,3,6,0,0,0,585.0,385
Jet Airways,Kolkata,Banglore,CCU ? BOM ? BLR,16:20,In-flight meal not included,7851,1,4,0,0,0,390.0,590
SpiceJet,Mumbai,Hyderabad,BOM ? HYD,07:05,No check-in baggage included,2175,24,3,6,0,0,345.0,80
Air India,Kolkata,Banglore,CCU ? DEL ? AMD ? BLR,05:25 10 May,No info,14424,9,5,3,0,0,600.0,1165
Jet Airways,Delhi,Cochin,DEL ? JAI ? BOM ? COK,19:00,No info,13014,12,6,2,0,0,580.0,560
Jet Airways,Delhi,Cochin,DEL ? BOM ? COK,19:00,In-flight meal not included,5177,6,4,5,0,0,135.0,1005
Multiple carriers,Delhi,Cochin,DEL ? BOM ? COK,18:50,No info,15135,3,3,6,0,0,645.0,485
Air India,Banglore,Delhi,BLR ? DEL,23:55,No info,5228,21,6,4,0,0,1265.0,170
Jet Airways,Banglore,New Delhi,BLR ? BOM ? DEL,05:05 02 Mar,No info,22270,1,3,4,0,0,700.0,1045
SpiceJet,Chennai,Kolkata,MAA ? CCU,12:00,No check-in baggage included,3543,15,6,5,0,0,585.0,135
Jet Airways,Delhi,Cochin,DEL ? AMD ? BOM ? COK,19:00 19 May,No info,15129,18,5,5,0,0,1385.0,1195
IndiGo,Delhi,Cochin,DEL ? BOM ? COK,21:00,No info,6093,15,6,5,0,0,400.0,860
Jet Airways,Banglore,New Delhi,BLR ? BOM ? DEL,20:20,In-flight meal not included,11087,18,3,0,0,0,845.0,375
Multiple carriers,Delhi,Cochin,DEL ? BOM ? COK,21:00,No info,7408,27,6,3,0,0,540.0,720
IndiGo,Kolkata,Banglore,CCU ? PNQ ? BLR,02:15 25 May,No info,6534,24,5,4,0,0,1260.0,315
Jet Airways,Delhi,Cochin,DEL ? JAI ? BOM ? COK,04:25 19 May,In-flight meal not included,13029,18,5,5,0,0,330.0,1375
Jet Airways,Banglore,Delhi,BLR ? DEL,10:10,No info,8016,18,6,1,0,0,430.0,180
Air India,Mumbai,Hyderabad,BOM ? MAA ? HYD,19:10,No info,8528,12,3,1,0,0,355.0,795
Air India,Delhi,Cochin,DEL ? HYD ? BOM ? COK,19:15 07 Jun,No info,12760,6,6,3,0,0,1035.0,1560
Air India,Delhi,Cochin,DEL ? HYD ? BOM ? COK,19:15 10 Jun,No info,12199,9,6,6,0,0,1035.0,1560
Multiple carriers,Delhi,Cochin,DEL ? BOM ? COK,01:30 22 May,No info,14067,21,5,1,0,0,600.0,930
Jet Airways,Banglore,Delhi,BLR ? DEL,20:45,No info,8016,15,6,5,0,0,1065.0,180
Air India,Kolkata,Banglore,CCU ? BLR,16:45,No info,5510,3,5,4,0,0,855.0,150
Air India,Kolkata,Banglore,CCU ? MAA ? BLR,14:35 25 Mar,No info,6241,24,3,6,0,0,875.0,1440
Air India,Delhi,Cochin,DEL ? MAA ? COK,09:25 04 Mar,No info,16142,3,3,6,0,0,750.0,1255
Jet Airways,Delhi,Cochin,DEL ? NAG ? BOM ? COK,12:35 28 Jun,In-flight meal not included,10919,27,6,3,0,0,875.0,1320
IndiGo,Kolkata,Banglore,CCU ? BLR,00:05 22 Apr,No info,4804,21,4,6,0,0,1285.0,160
IndiGo,Delhi,Cochin,DEL ? BOM ? COK,21:00,No info,6979,15,5,2,0,0,685.0,575
Air India,Delhi,Cochin,DEL ? COK,17:10,No info,6094,18,4,3,0,0,850.0,180
Air India,Banglore,Delhi,BLR ? DEL,19:45,No info,5176,1,4,0,0,0,1020.0,165
Multiple carriers,Delhi,Cochin,DEL ? BOM ? COK,21:00,In-flight meal not included,15136,6,3,2,0,0,780.0,480
Jet Airways,Kolkata,Banglore,CCU ? BOM ? BLR,23:25,In-flight meal not included,10031,24,3,6,0,0,505.0,900
Jet Airways,Delhi,Cochin,DEL ? IDR ? BOM ? COK,18:50 22 Mar,No info,12814,21,3,3,0,0,325.0,2245
Jet Airways,Kolkata,Banglore,CCU ? BOM ? BLR,19:50,No info,12681,1,4,0,0,0,390.0,800
Multiple carriers,Delhi,Cochin,DEL ? BOM ? COK,18:50,No info,12402,21,3,3,0,0,420.0,710
Jet Airways,Kolkata,Banglore,CCU ? BOM ? BLR,18:10,No info,13759,24,3,6,0,0,505.0,585
SpiceJet,Chennai,Kolkata,MAA ? CCU,20:05,No info,3597,18,6,1,0,0,1065.0,140
Air Asia,Banglore,Delhi,BLR ? DEL,02:45 22 May,No info,3383,21,5,1,0,0,1435.0,170
Vistara,Banglore,Delhi,BLR ? DEL,12:35,No info,4668,9,5,3,0,0,585.0,170
Jet Airways,Delhi,Cochin,DEL ? AMD ? BOM ? COK,04:25 23 Mar,No info,10929,21,3,3,0,0,1150.0,1995
Vistara,Kolkata,Banglore,CCU ? DEL ? BLR,10:45 02 Apr,No info,9187,1,4,0,0,0,1020.0,1065
Multiple carriers,Delhi,Cochin,DEL ? BOM ? COK,01:30 04 Jun,No info,7530,3,6,0,0,0,700.0,830
Air India,Kolkata,Banglore,CCU ? BBI ? BLR,13:40,No info,8026,24,3,6,0,0,550.0,270
SpiceJet,Banglore,Delhi,BLR ? DEL,12:20,No check-in baggage included,4319,9,4,1,0,0,570.0,170
Jet Airways,Delhi,Cochin,DEL ? NAG ? BOM ? COK,04:25 25 Jun,No info,13376,24,6,0,0,0,875.0,830
SpiceJet,Kolkata,Banglore,CCU ? BLR,11:25,No info,4174,6,5,0,0,0,540.0,145
Vistara,Banglore,Delhi,BLR ? DEL,09:40,No info,4668,27,5,0,0,0,420.0,160
Multiple carriers,Delhi,Cochin,DEL ? BOM ? COK,21:00,No info,13062,21,3,3,0,0,425.0,835
Jet Airways,Delhi,Cochin,DEL ? BOM ? COK,04:25 28 May,In-flight meal not included,12898,27,5,0,0,0,1155.0,550
Jet Airways,Delhi,Cochin,DEL ? BOM ? COK,04:25 07 Jun,No info,14714,6,6,3,0,0,900.0,805
Air India,Kolkata,Banglore,CCU ? IXR ? DEL ? BLR,20:25,No info,10991,9,5,3,0,0,350.0,875
Jet Airways,Banglore,Delhi,BLR ? DEL,14:05,In-flight meal not included,4030,1,5,2,0,0,670.0,175
Jet Airways,Delhi,Cochin,DEL ? JAI ? BOM ? COK,04:25 22 May,In-flight meal not included,13029,21,5,1,0,0,580.0,1125
Vistara,Banglore,New Delhi,BLR ? AMD ? DEL,12:35,No info,6800,15,3,4,0,0,400.0,355
Jet Airways,Banglore,New Delhi,BLR ? BOM ? DEL,09:30 13 Mar,In-flight meal not included,11087,9,3,5,0,0,420.0,1590
Multiple carriers,Delhi,Cochin,DEL ? BOM ? COK,19:00,No info,9794,18,5,5,0,0,620.0,520
Jet Airways,Kolkata,Banglore,CCU ? BOM ? BLR,09:20 07 May,No info,14388,6,5,0,0,0,1270.0,730
IndiGo,Kolkata,Banglore,CCU ? BLR,00:05 13 Mar,No info,4148,12,3,1,0,0,1285.0,160
Air India,Delhi,Cochin,DEL ? BHO ? BOM ? COK,19:15 04 Mar,No info,17266,3,3,6,0,0,1200.0,1395
Air India,Kolkata,Banglore,CCU ? DEL ? BLR,08:55 02 Apr,No info,7893,1,4,0,0,0,1230.0,745
Jet Airways,Banglore,Delhi,BLR ? DEL,22:50,No info,7229,9,5,3,0,0,1190.0,180
Multiple carriers,Delhi,Cochin,DEL ? BOM ? COK,21:00,In-flight meal not included,9930,21,5,1,0,0,425.0,835
Multiple carriers,Delhi,Cochin,DEL ? BOM ? COK,01:35 04 Mar,No info,18286,3,3,6,0,0,690.0,845
Jet Airways,Banglore,Delhi,BLR ? DEL,22:50,In-flight meal not included,7229,27,6,3,0,0,1190.0,180
Vistara,Delhi,Cochin,DEL ? COK,09:10,No info,6216,24,6,0,0,0,360.0,190
Air Asia,Banglore,Delhi,BLR ? DEL,07:45,No info,4282,6,6,3,0,0,295.0,170
IndiGo,Delhi,Cochin,DEL ? HYD ? COK,12:10,No info,5054,27,5,0,0,0,455.0,275
Jet Airways,Delhi,Cochin,DEL ? BOM ? COK,19:00,In-flight meal not included,10262,6,6,3,0,0,425.0,715
Air Asia,Delhi,Cochin,DEL ? BLR ? COK,22:25,No info,11410,6,6,3,0,0,1005.0,340
Jet Airways,Kolkata,Banglore,CCU ? BOM ? BLR,18:15,No info,14571,24,5,4,0,0,390.0,705
GoAir,Delhi,Cochin,DEL ? AMD ? COK,13:35,No info,4692,24,6,0,0,0,445.0,370
Jet Airways,Delhi,Cochin,DEL ? NAG ? BOM ? COK,04:25 16 Jun,In-flight meal not included,10919,15,6,5,0,0,875.0,830
Jet Airways,Kolkata,Banglore,CCU ? BOM ? BLR,19:50,In-flight meal not included,10844,6,5,0,0,0,505.0,685
Jet Airways,Kolkata,Banglore,CCU ? BOM ? BLR,16:20 22 May,In-flight meal not included,10844,21,5,1,0,0,1200.0,1220
Air India,Delhi,Cochin,DEL ? COK,17:10,No info,6094,9,5,3,0,0,850.0,180
Vistara,Delhi,Cochin,DEL ? COK,17:50,No info,6741,1,6,5,0,0,880.0,190
Air India,Delhi,Cochin,DEL ? MAA ? COK,09:25 02 Jun,No info,8372,1,6,5,0,0,585.0,1420
Multiple carriers,Delhi,Cochin,DEL ? BOM ? COK,11:50,No info,14067,21,5,1,0,0,135.0,575
IndiGo,Delhi,Cochin,DEL ? HYD ? COK,22:20,No info,10236,3,3,6,0,0,515.0,825
Air India,Delhi,Cochin,DEL ? MAA ? COK,09:25 04 Jun,No info,7480,3,6,0,0,0,1240.0,765
Multiple carriers,Delhi,Cochin,DEL ? HYD ? COK,16:10,No info,8386,9,3,5,0,0,585.0,385
Multiple carriers,Delhi,Cochin,DEL ? BOM ? COK,01:30 07 Jun,No info,6795,6,6,3,0,0,700.0,830
Air Asia,Kolkata,Banglore,CCU ? BLR,12:55,No info,4409,15,5,2,0,0,620.0,155
IndiGo,Chennai,Kolkata,MAA ? CCU,21:55,No info,3597,9,5,3,0,0,1175.0,140
Air India,Banglore,Delhi,BLR ? DEL,08:55,No info,6961,15,6,5,0,0,370.0,165
Jet Airways,Kolkata,Banglore,CCU ? DEL ? BLR,23:35,No info,12692,12,6,2,0,0,1020.0,395
Air India,Mumbai,Hyderabad,BOM ? HYD,20:45,No info,4307,12,3,1,0,0,1170.0,75
Jet Airways,Banglore,Delhi,BLR ? DEL,11:20,In-flight meal not included,4030,15,5,2,0,0,500.0,180
Air India,Kolkata,Banglore,CCU ? GAU ? DEL ? BLR,23:15,No info,15957,18,5,5,0,0,590.0,805
Jet Airways,Banglore,New Delhi,BLR ? BOM ? DEL,11:25 19 Mar,In-flight meal not included,7832,21,3,3,0,0,1370.0,755
Air India,Kolkata,Banglore,CCU ? DEL ? COK ? TRV ? BLR,10:30 02 Apr,No info,12954,1,4,0,0,0,600.0,1470
Jet Airways,Delhi,Cochin,DEL ? AMD ? BOM ? COK,04:25 29 Jun,In-flight meal not included,11150,27,6,3,0,0,1385.0,1760
IndiGo,Mumbai,Hyderabad,BOM ? HYD,07:45,No info,4049,12,3,1,0,0,380.0,85
Jet Airways,Banglore,New Delhi,BLR ? BOM ? DEL,15:15,In-flight meal not included,9134,15,3,4,0,0,345.0,570
Air Asia,Kolkata,Banglore,CCU ? BLR,01:20 02 May,No info,4409,1,5,2,0,0,1370.0,150
Jet Airways,Kolkata,Banglore,CCU ? BOM ? BLR,22:35,No info,14781,1,5,2,0,0,845.0,510
Air India,Banglore,Delhi,BLR ? DEL,23:55,No info,5228,24,4,2,0,0,1265.0,170
SpiceJet,Chennai,Kolkata,MAA ? CCU,20:05,No info,3597,21,5,1,0,0,1065.0,140
Multiple carriers,Delhi,Cochin,DEL ? BOM ? COK,01:30 13 Jun,No info,6795,12,6,2,0,0,915.0,615
Air Asia,Kolkata,Banglore,CCU ? BLR,01:20 19 Jun,No info,3807,18,6,1,0,0,1370.0,150
Jet Airways,Kolkata,Banglore,CCU ? BOM ? BLR,23:35,No info,14781,1,5,2,0,0,990.0,425
Air India,Delhi,Cochin,DEL ? BOM ? COK,19:15,No info,8372,9,5,3,0,0,540.0,615
IndiGo,Delhi,Cochin,DEL ? COK,17:35,No info,5000,24,6,0,0,0,860.0,195
Vistara,Banglore,Delhi,BLR ? DEL,12:35,No info,5403,1,4,0,0,0,585.0,170
IndiGo,Delhi,Cochin,DEL ? HYD ? COK,22:20,No info,11600,3,3,6,0,0,715.0,625
Multiple carriers,Delhi,Cochin,DEL ? BOM ? COK,19:15,No info,8476,18,5,5,0,0,525.0,630
Air India,Banglore,New Delhi,BLR ? VGA ? HYD ? DEL,21:25,No info,6593,15,3,4,0,0,630.0,655
IndiGo,Banglore,New Delhi,BLR ? DEL,19:45,No info,7648,9,3,5,0,0,1015.0,170
Vistara,Kolkata,Banglore,CCU ? DEL ? BLR,18:50,No info,9345,1,5,2,0,0,430.0,700
Jet Airways,Delhi,Cochin,DEL ? JAI ? BOM ? COK,04:25 28 May,No info,15129,27,5,0,0,0,580.0,1125
Multiple carriers,Delhi,Cochin,DEL ? BOM ? COK,19:15,In-flight meal not included,7268,27,6,3,0,0,770.0,385
Jet Airways,Mumbai,Hyderabad,BOM ? HYD,21:05,In-flight meal not included,3210,6,6,3,0,0,1175.0,90
IndiGo,Chennai,Kolkata,MAA ? CCU,21:55,No info,7295,24,3,6,0,0,1175.0,140
IndiGo,Delhi,Cochin,DEL ? HYD ? COK,12:10,No info,6442,27,6,3,0,0,305.0,425
IndiGo,Kolkata,Banglore,CCU ? HYD ? BLR,23:45,No info,3809,6,5,0,0,0,1160.0,265
Air India,Banglore,New Delhi,BLR ? CCU ? BBI ? DEL,16:20,Change airports,15119,1,3,4,0,0,350.0,630
GoAir,Delhi,Cochin,DEL ? BOM ? COK,19:35,No info,9069,9,6,6,0,0,865.0,310
IndiGo,Banglore,Delhi,BLR ? DEL,13:00,No info,3943,6,5,0,0,0,610.0,170
Air India,Kolkata,Banglore,CCU ? DEL ? AMD ? BLR,05:25 10 Jun,No info,12534,9,6,6,0,0,420.0,1345
Multiple carriers,Delhi,Cochin,DEL ? BOM ? COK,19:00,No info,13714,3,6,0,0,0,540.0,600
Air India,Delhi,Cochin,DEL ? RPR ? NAG ? BOM ? COK,19:15 22 Mar,No info,9128,21,3,3,0,0,315.0,2280
IndiGo,Mumbai,Hyderabad,BOM ? HYD,22:50,No info,2227,21,5,1,0,0,1280.0,90
Jet Airways,Kolkata,Banglore,CCU ? BOM ? BLR,22:35 19 May,In-flight meal not included,10844,18,5,5,0,0,1200.0,1595
Jet Airways,Kolkata,Banglore,CCU ? BOM ? BLR,04:40 07 May,No info,13941,6,5,0,0,0,990.0,730
Jet Airways,Banglore,New Delhi,BLR ? BOM ? DEL,15:15,In-flight meal not included,7832,21,3,3,0,0,345.0,570
GoAir,Banglore,Delhi,BLR ? DEL,10:40,No info,3419,12,6,2,0,0,465.0,175
Jet Airways,Kolkata,Banglore,CCU ? DEL ? BLR,21:05 22 May,No info,14151,21,5,1,0,0,1225.0,1480
IndiGo,Delhi,Cochin,DEL ? HYD ? COK,12:10,No info,5073,3,4,2,0,0,455.0,275
Vistara,Kolkata,Banglore,CCU ? DEL ? BLR,09:05 13 May,No info,9922,12,5,6,0,0,1020.0,965
IndiGo,Chennai,Kolkata,MAA ? CCU,15:35,No info,4752,24,3,6,0,0,800.0,135
Multiple carriers,Delhi,Cochin,DEL ? BOM ? COK,19:15,In-flight meal not included,10197,27,5,0,0,0,540.0,615
Air India,Banglore,Delhi,BLR ? DEL,12:45,No info,6961,12,6,2,0,0,600.0,165
Multiple carriers,Delhi,Cochin,DEL ? BOM ? COK,21:00,No info,17493,3,3,6,0,0,780.0,480
Multiple carriers,Delhi,Cochin,DEL ? BOM ? COK,21:00,No info,13587,6,6,3,0,0,425.0,835
Jet Airways,Delhi,Cochin,DEL ? BOM ? COK,04:25 07 Jun,In-flight meal not included,10262,6,6,3,0,0,960.0,745
Air India,Kolkata,Banglore,CCU ? VNS ? DEL ? BLR,08:55 22 May,No info,15107,21,5,1,0,0,870.0,1105
Vistara,Kolkata,Banglore,CCU ? DEL ? BLR,10:45 16 May,No info,8452,15,5,2,0,0,1020.0,1065
Air India,Mumbai,Hyderabad,BOM ? HYD,22:25,No info,3100,21,6,4,0,0,1265.0,80
IndiGo,Banglore,Delhi,BLR ? DEL,10:05,No info,4823,24,5,4,0,0,430.0,175
Air Asia,Banglore,Delhi,BLR ? DEL,02:45 22 Apr,No info,4483,21,4,6,0,0,1435.0,170
Air India,Kolkata,Banglore,CCU ? DEL ? COK ? BLR,01:20 19 May,No info,13243,18,5,5,0,0,600.0,920
IndiGo,Delhi,Cochin,DEL ? BOM ? COK,01:30 28 Jun,No info,5684,27,6,3,0,0,685.0,845
Jet Airways,Mumbai,Hyderabad,BOM ? HYD,11:50,In-flight meal not included,3205,3,4,2,0,0,620.0,90
Jet Airways,Delhi,Cochin,DEL ? BOM ? COK,04:25 16 Jun,In-flight meal not included,10262,15,6,5,0,0,600.0,1105
IndiGo,Banglore,Delhi,BLR ? DEL,22:50,No info,4823,21,5,1,0,0,1200.0,170
Jet Airways,Delhi,Cochin,DEL ? BOM ? COK,19:00,No info,15554,9,5,3,0,0,780.0,360
IndiGo,Banglore,Delhi,BLR ? DEL,06:50,No info,3943,27,6,3,0,0,240.0,170
Vistara,Mumbai,Hyderabad,BOM ? DEL ? HYD,19:55,No info,12080,12,3,1,0,0,450.0,745
Air Asia,Banglore,Delhi,BLR ? DEL,02:45 28 May,No info,3383,27,5,0,0,0,1435.0,170
SpiceJet,Mumbai,Hyderabad,BOM ? HYD,07:05,No info,2437,18,3,0,0,0,345.0,80
SpiceJet,Mumbai,Hyderabad,BOM ? HYD,00:15 02 Jun,No check-in baggage included,1965,1,6,5,0,0,1365.0,90
Jet Airways,Banglore,New Delhi,BLR ? BOM ? DEL,10:25 19 Mar,In-flight meal not included,7832,21,3,3,0,0,1370.0,695
IndiGo,Delhi,Cochin,DEL ? HYD ? COK,16:10,No info,6442,9,6,6,0,0,410.0,560
Air India,Kolkata,Banglore,CCU ? IXR ? DEL ? BLR,08:55 16 May,No info,12723,15,5,2,0,0,350.0,1625
Jet Airways,Banglore,Delhi,BLR ? DEL,18:10,No info,8016,12,6,2,0,0,915.0,175
Jet Airways,Delhi,Cochin,DEL ? IDR ? BOM ? COK,12:35 25 Jun,In-flight meal not included,10199,24,6,0,0,0,1285.0,910
Vistara,Kolkata,Banglore,CCU ? DEL ? BLR,09:10 25 Mar,No info,10842,24,3,6,0,0,595.0,1395
Multiple carriers,Delhi,Cochin,DEL ? BOM ? COK,21:00,No info,7005,12,6,2,0,0,770.0,490
Air Asia,Kolkata,Banglore,CCU ? BLR,12:55,No info,4409,3,5,4,0,0,620.0,155
Jet Airways,Kolkata,Banglore,CCU ? BOM ? BLR,09:20 02 Apr,No info,13364,1,4,0,0,0,1270.0,730
Multiple carriers,Delhi,Cochin,DEL ? BOM ? COK,01:30 28 Jun,No info,13377,27,6,3,0,0,960.0,570
Jet Airways,Delhi,Cochin,DEL ? BOM ? COK,04:25 10 Jun,In-flight meal not included,10262,9,6,6,0,0,1310.0,395
Jet Airways,Kolkata,Banglore,CCU ? BOM ? BLR,23:35,In-flight meal not included,10844,18,5,5,0,0,990.0,425
Jet Airways,Kolkata,Banglore,CCU ? BOM ? BLR,16:20,No info,14571,24,5,4,0,0,390.0,590
Jet Airways,Delhi,Cochin,DEL ? BDQ ? BOM ? COK,18:50 10 Mar,No info,19329,9,3,5,0,0,645.0,1925
Air India,Banglore,New Delhi,BLR ? HYD ? DEL,23:10,No info,4943,21,3,3,0,0,495.0,895
Jet Airways,Delhi,Cochin,DEL ? AMD ? BOM ? COK,04:25 11 May,No info,15129,9,5,3,0,0,1385.0,1760
Jet Airways,Delhi,Cochin,DEL ? JAI ? BOM ? COK,19:00,No info,15129,18,5,5,0,0,580.0,560
Jet Airways,Kolkata,Banglore,CCU ? DEL ? BLR,18:00 07 Jun,In-flight meal not included,10539,6,6,3,0,0,1020.0,1500
Jet Airways,Kolkata,Banglore,CCU ? BOM ? BLR,22:35 25 Mar,In-flight meal not included,10031,24,3,6,0,0,1270.0,1525
Multiple carriers,Delhi,Cochin,DEL ? BOM ? COK,01:30 25 May,No info,9140,24,5,4,0,0,1065.0,465
Air Asia,Kolkata,Banglore,CCU ? BLR,01:20 28 Apr,No info,4409,27,4,5,0,0,1370.0,150
IndiGo,Banglore,Delhi,BLR ? DEL,01:00 16 May,No info,3419,15,5,2,0,0,1330.0,170
Multiple carriers,Delhi,Cochin,DEL ? HYD ? COK,16:10,No info,9646,15,5,2,0,0,585.0,385
Jet Airways,Kolkata,Banglore,CCU ? BOM ? BLR,18:15 10 May,No info,13584,9,5,3,0,0,845.0,1690
Air India,Delhi,Cochin,DEL ? AMD ? BOM ? COK,07:40 22 May,No info,11806,21,5,1,0,0,300.0,1600
GoAir,Delhi,Cochin,DEL ? AMD ? COK,13:35,No info,4563,1,4,0,0,0,445.0,370
Jet Airways,Delhi,Cochin,DEL ? MAA ? BOM ? COK,04:25 28 Mar,In-flight meal not included,9412,27,3,2,0,0,310.0,1395
Jet Airways,Delhi,Cochin,DEL ? BOM ? COK,04:25 28 Jun,In-flight meal not included,12898,27,6,3,0,0,1310.0,395
Vistara,Delhi,Cochin,DEL ? COK,17:50,No info,6216,27,4,5,0,0,880.0,190
Jet Airways,Delhi,Cochin,DEL ? BOM ? COK,04:25 22 May,In-flight meal not included,12898,21,5,1,0,0,780.0,925
Jet Airways,Delhi,Cochin,DEL ? BOM ? COK,19:00 10 Jun,In-flight meal not included,10262,9,6,6,0,0,1370.0,1210
Air India,Banglore,New Delhi,BLR ? DEL,16:10,No info,12526,1,3,4,0,0,800.0,170
Air India,Delhi,Cochin,DEL ? TRV ? COK,06:50 07 Mar,No info,11522,6,3,2,0,0,315.0,1535
Jet Airways,Mumbai,Hyderabad,BOM ? HYD,04:20,No info,5678,12,6,2,0,0,175.0,85
Vistara,Banglore,New Delhi,BLR ? DEL,14:10,No info,9918,9,3,5,0,0,690.0,160
Jet Airways,Kolkata,Banglore,CCU ? BOM ? BLR,08:15 02 May,No info,14781,1,5,2,0,0,1270.0,665
Air India,Delhi,Cochin,DEL ? AMD ? BOM ? COK,19:15 28 Mar,No info,8026,27,3,2,0,0,300.0,2295
Air India,Banglore,New Delhi,BLR ? DEL,16:10,No info,7276,24,3,6,0,0,800.0,170
Jet Airways,Kolkata,Banglore,CCU ? BOM ? BLR,18:15,In-flight meal not included,7064,1,4,0,0,0,505.0,590
Multiple carriers,Delhi,Cochin,DEL ? BOM ? COK,21:00,No info,13062,21,3,3,0,0,780.0,480
Multiple carriers,Delhi,Cochin,DEL ? BOM ? COK,21:00,No info,12537,27,3,2,0,0,690.0,570
Jet Airways,Banglore,New Delhi,BLR ? BOM ? DEL,00:45 13 Mar,No info,21934,15,3,4,0,0,1135.0,350
Jet Airways,Delhi,Cochin,DEL ? BOM ? COK,19:00,In-flight meal not included,10262,24,6,0,0,0,780.0,360
Vistara,Banglore,Delhi,BLR ? DEL,19:35,No info,4878,3,6,0,0,0,1020.0,155
Jet Airways,Delhi,Cochin,DEL ? BOM ? COK,19:00,No info,14714,15,6,5,0,0,840.0,300
Jet Airways,Banglore,New Delhi,BLR ? BOM ? DEL,15:15,In-flight meal not included,9134,15,3,4,0,0,420.0,495
IndiGo,Banglore,Delhi,BLR ? DEL,19:55,No info,4823,1,4,0,0,0,1015.0,180
Multiple carriers,Delhi,Cochin,DEL ? HYD ? COK,16:10,In-flight meal not included,6093,27,6,3,0,0,430.0,540
SpiceJet,Chennai,Kolkata,MAA ? CCU,10:35,No info,3597,3,6,0,0,0,500.0,135
Multiple carriers,Delhi,Cochin,DEL ? BOM ? COK,21:00,No info,13727,9,5,3,0,0,840.0,420
IndiGo,Kolkata,Banglore,CCU ? BLR,14:05,No info,4174,1,4,0,0,0,690.0,155
Jet Airways,Delhi,Cochin,DEL ? BOM ? COK,19:00,In-flight meal not included,10262,27,6,3,0,0,690.0,450
Multiple carriers,Delhi,Cochin,DEL ? BOM ? COK,19:00,No info,11789,6,6,3,0,0,620.0,520
Jet Airways,Kolkata,Banglore,CCU ? BOM ? BLR,08:15 02 May,In-flight meal not included,8586,1,5,2,0,0,1135.0,800
Air India,Banglore,New Delhi,BLR ? CCU ? BBI ? HYD ? DEL,08:50 02 Mar,No info,13081,1,3,4,0,0,350.0,1620
Jet Airways,Kolkata,Banglore,CCU ? DEL ? BLR,23:35 02 May,In-flight meal not included,9314,1,5,2,0,0,1225.0,1630
Jet Airways,Mumbai,Hyderabad,BOM ? HYD,21:05,No info,5678,21,6,4,0,0,1175.0,90
Jet Airways,Delhi,Cochin,DEL ? BOM ? COK,19:00,In-flight meal not included,11924,27,5,0,0,0,600.0,540
Jet Airways,Kolkata,Banglore,CCU ? DEL ? BLR,23:35 10 Jun,No info,12692,9,6,6,0,0,1225.0,1630
Jet Airways,Banglore,Delhi,BLR ? DEL,22:00,In-flight meal not included,6478,24,6,0,0,0,1135.0,185
IndiGo,Kolkata,Banglore,CCU ? MAA ? BLR,10:20,No info,4226,15,5,2,0,0,380.0,240
IndiGo,Delhi,Cochin,DEL ? BBI ? COK,08:30,No info,11532,9,3,5,0,0,155.0,355
Air India,Chennai,Kolkata,MAA ? CCU,13:55,No info,9340,6,3,2,0,0,700.0,135
Jet Airways,Delhi,Cochin,DEL ? JAI ? BOM ? COK,04:25 13 Jun,In-flight meal not included,10368,12,6,2,0,0,330.0,1375
Jet Airways,Kolkata,Banglore,CCU ? BOM ? BLR,20:45,No info,13626,12,6,2,0,0,845.0,400
Jet Airways,Kolkata,Banglore,CCU ? BOM ? BLR,12:00,In-flight meal not included,9663,24,5,4,0,0,390.0,330
Jet Airways,Delhi,Cochin,DEL ? IDR ? BOM ? COK,04:25 07 Mar,In-flight meal not included,16389,6,3,2,0,0,325.0,1380
Multiple carriers,Delhi,Cochin,DEL ? BOM ? COK,19:00,No info,10197,18,5,5,0,0,230.0,910
Jet Airways,Kolkata,Banglore,CCU ? BOM ? BLR,04:40 13 Jun,In-flight meal not included,7594,12,6,2,0,0,1270.0,450
Jet Airways,Banglore,New Delhi,BLR ? BOM ? DEL,11:25 13 Mar,No info,13817,12,3,1,0,0,1285.0,840
Jet Airways,Banglore,Delhi,BLR ? DEL,20:45,No info,7229,15,4,0,0,0,1065.0,180
Jet Airways,Delhi,Cochin,DEL ? JAI ? BOM ? COK,04:25 25 Jun,In-flight meal not included,10368,24,6,0,0,0,580.0,1125
Air Asia,Banglore,Delhi,BLR ? DEL,07:45,No info,4282,15,5,2,0,0,295.0,170
Jet Airways,Delhi,Cochin,DEL ? IDR ? BOM ? COK,04:25 13 Jun,No info,13292,12,6,2,0,0,575.0,1130
Jet Airways,Delhi,Cochin,DEL ? JAI ? BOM ? COK,12:35 28 Jun,No info,13764,27,6,3,0,0,1170.0,1025
Jet Airways,Kolkata,Banglore,CCU ? BOM ? BLR,16:20 02 Apr,No info,12681,1,4,0,0,0,1135.0,1285
Jet Airways,Banglore,Delhi,BLR ? DEL,14:05,In-flight meal not included,5198,12,5,6,0,0,670.0,175
Multiple carriers,Delhi,Cochin,DEL ? BOM ? COK,19:45,No info,12615,9,3,5,0,0,450.0,735
IndiGo,Kolkata,Banglore,CCU ? BLR,14:05,No info,5644,21,4,6,0,0,690.0,155
Jet Airways,Banglore,New Delhi,BLR ? BOM ? DEL,13:15 13 Mar,In-flight meal not included,11087,12,3,1,0,0,1375.0,860
SpiceJet,Mumbai,Hyderabad,BOM ? HYD,00:15 04 May,No info,2227,3,5,4,0,0,1365.0,90
Jet Airways,Banglore,Delhi,BLR ? DEL,22:50,No info,8016,18,6,1,0,0,1190.0,180
SpiceJet,Banglore,Delhi,BLR ? DEL,12:20,No check-in baggage included,4885,9,5,3,0,0,570.0,170
IndiGo,Kolkata,Banglore,CCU ? BLR,12:20,No info,4174,1,4,0,0,0,575.0,165
Air Asia,Kolkata,Banglore,CCU ? BBI ? BLR,10:30,No info,5162,9,5,3,0,0,410.0,220
Jet Airways,Delhi,Cochin,DEL ? BOM ? COK,19:00,In-flight meal not included,10262,27,6,3,0,0,780.0,360
IndiGo,Mumbai,Hyderabad,BOM ? HYD,10:45,No info,4049,18,6,1,0,0,555.0,90
Air India,Delhi,Cochin,DEL ? BOM ? COK,19:15 28 May,No info,8372,27,5,0,0,0,1080.0,1515
IndiGo,Banglore,Delhi,BLR ? DEL,03:25,No info,3419,12,6,2,0,0,30.0,175
IndiGo,Delhi,Cochin,DEL ? HYD ? COK,12:00,No info,5073,27,3,2,0,0,455.0,265
IndiGo,Delhi,Cochin,DEL ? BOM ? COK,21:00,No info,6069,6,6,3,0,0,960.0,300
IndiGo,Delhi,Cochin,DEL ? BOM ? COK,15:30,No info,9709,21,3,3,0,0,505.0,425
Jet Airways,Delhi,Cochin,DEL ? JAI ? BOM ? COK,12:35 13 Jun,No info,13014,12,6,2,0,0,580.0,1615
Jet Airways,Delhi,Cochin,DEL ? JAI ? BOM ? COK,19:00,In-flight meal not included,13029,18,5,5,0,0,580.0,560
Multiple carriers,Delhi,Cochin,DEL ? BOM ? COK,21:00,No info,13937,15,5,2,0,0,480.0,780
SpiceJet,Delhi,Cochin,DEL ? MAA ? COK,21:55,No info,11349,3,3,6,0,0,955.0,360
Jet Airways,Delhi,Cochin,DEL ? AMD ? BOM ? COK,04:25 23 May,No info,15129,21,5,1,0,0,1385.0,1760
SpiceJet,Chennai,Kolkata,MAA ? CCU,12:00,No info,3597,9,6,6,0,0,585.0,135
Jet Airways,Kolkata,Banglore,CCU ? BOM ? BLR,20:45 07 May,No info,14388,6,5,0,0,0,1200.0,1485
Jet Airways,Banglore,New Delhi,BLR ? BOM ? DEL,10:25 13 Mar,In-flight meal not included,11087,9,3,5,0,0,480.0,1585
Jet Airways,Kolkata,Banglore,CCU ? BOM ? BLR,09:20 02 May,In-flight meal not included,9663,1,5,2,0,0,845.0,1155
Jet Airways,Delhi,Cochin,DEL ? JAI ? BOM ? COK,04:25 02 Jun,No info,13014,1,6,5,0,0,330.0,1375
IndiGo,Banglore,Delhi,BLR ? DEL,06:50,No info,3943,6,6,3,0,0,240.0,170
Air India,Banglore,New Delhi,BLR ? COK ? DEL,13:20 16 Mar,No info,8845,15,3,4,0,0,1320.0,920
Air India,Kolkata,Banglore,CCU ? DEL ? BLR,12:30 25 Mar,No info,12173,24,3,6,0,0,1230.0,960
Jet Airways,Delhi,Cochin,DEL ? BOM ? COK,12:35 10 Jun,In-flight meal not included,10262,9,6,6,0,0,1310.0,885
Multiple carriers,Delhi,Cochin,DEL ? HYD ? COK,16:10,No info,7242,21,3,3,0,0,585.0,385
Jet Airways,Delhi,Cochin,DEL ? IDR ? BOM ? COK,04:25 25 Jun,No info,13292,24,6,0,0,0,330.0,1375
IndiGo,Banglore,New Delhi,BLR ? AMD ? DEL,19:25,No info,7708,21,3,3,0,0,865.0,300
Jet Airways,Mumbai,Hyderabad,BOM ? HYD,10:15,No info,8040,21,6,4,0,0,525.0,90
SpiceJet,Chennai,Kolkata,MAA ? CCU,10:35,No info,3597,12,5,6,0,0,500.0,135
SpiceJet,Kolkata,Banglore,CCU ? BLR,19:40,No check-in baggage included,3841,27,5,0,0,0,1030.0,150
Air India,Kolkata,Banglore,CCU ? DEL ? BLR,20:25 16 May,No info,10203,15,5,2,0,0,1050.0,1615
IndiGo,Delhi,Cochin,DEL ? BLR ? COK,07:45,No info,7173,27,4,5,0,0,120.0,345
SpiceJet,Mumbai,Hyderabad,BOM ? HYD,00:15 10 Jun,No check-in baggage included,1965,9,6,6,0,0,1365.0,90
IndiGo,Delhi,Cochin,DEL ? BOM ? COK,01:30 07 Jun,No info,5054,6,6,3,0,0,1225.0,305
IndiGo,Banglore,New Delhi,BLR ? DEL,19:45,No info,8855,3,3,6,0,0,1015.0,170
Jet Airways,Banglore,New Delhi,BLR ? BOM ? DEL,21:20,No info,27992,1,3,4,0,0,345.0,935
Jet Airways,Kolkata,Banglore,CCU ? DEL ? BLR,18:00 10 May,In-flight meal not included,7341,9,5,3,0,0,1020.0,1500
SpiceJet,Banglore,Delhi,BLR ? DEL,12:20,No check-in baggage included,3919,3,6,0,0,0,570.0,170
Jet Airways,Delhi,Cochin,DEL ? BOM ? COK,04:25 28 Mar,No info,12242,27,3,2,0,0,905.0,800
Jet Airways,Kolkata,Banglore,CCU ? DEL ? BLR,14:25 19 May,No info,13067,18,5,5,0,0,575.0,1730
Jet Airways,Delhi,Cochin,DEL ? JDH ? BOM ? COK,19:00,No info,18804,24,6,0,0,0,700.0,440
Air Asia,Kolkata,Banglore,CCU ? BLR,01:20 22 Apr,No info,5645,21,4,6,0,0,1370.0,150
IndiGo,Chennai,Kolkata,MAA ? CCU,21:55,No info,3597,24,6,0,0,0,1175.0,140
Multiple carriers,Delhi,Cochin,DEL ? BOM ? COK,01:30 10 Jun,No info,13587,9,6,6,0,0,960.0,570
IndiGo,Chennai,Kolkata,MAA ? CCU,15:35,No info,3597,21,6,4,0,0,795.0,140
Air India,Delhi,Cochin,DEL ? BOM ? COK,19:15,No info,8879,18,5,5,0,0,600.0,555
SpiceJet,Banglore,Delhi,BLR ? DEL,08:35,No check-in baggage included,4319,21,4,6,0,0,355.0,160
Air India,Mumbai,Hyderabad,BOM ? HYD,15:25,No info,2050,27,3,2,0,0,835.0,90
Jet Airways,Mumbai,Hyderabad,BOM ? HYD,08:30,No info,8040,3,6,0,0,0,425.0,85
Jet Airways,Kolkata,Banglore,CCU ? BOM ? BLR,08:15 07 May,No info,13584,6,5,0,0,0,1135.0,800
Jet Airways,Delhi,Cochin,DEL ? JAI ? BOM ? COK,04:25 07 Jun,No info,13014,6,6,3,0,0,1170.0,535
Vistara,Kolkata,Banglore,CCU ? DEL ? BLR,18:50,No info,9345,15,5,2,0,0,430.0,700
Jet Airways,Delhi,Cochin,DEL ? IDR ? BOM ? COK,12:35 04 Jun,In-flight meal not included,11507,3,6,0,0,0,575.0,1620
Multiple carriers,Delhi,Cochin,DEL ? BOM ? COK,19:15,No info,8266,6,6,3,0,0,360.0,795
Jet Airways,Mumbai,Hyderabad,BOM ? HYD,04:25,No info,5678,24,3,6,0,0,175.0,90
Multiple carriers,Delhi,Cochin,DEL ? BOM ? COK,01:30 13 Jun,No info,13377,12,6,2,0,0,780.0,750
Vistara,Kolkata,Banglore,CCU ? DEL ? BLR,18:50,No info,9345,21,5,1,0,0,430.0,700
IndiGo,Delhi,Cochin,DEL ? BOM ? COK,01:30 16 May,No info,7191,15,5,2,0,0,1115.0,415
Multiple carriers,Delhi,Cochin,DEL ? BOM ? COK,01:35 28 Mar,No info,7845,27,3,2,0,0,1065.0,470
Jet Airways,Banglore,Delhi,BLR ? DEL,14:05,No info,7229,21,5,1,0,0,670.0,175
Air India,Banglore,New Delhi,BLR ? HYD ? DEL,08:50 02 Mar,1 Long layover,10981,1,3,4,0,0,1020.0,950
Jet Airways,Kolkata,Banglore,CCU ? BOM ? BLR,04:40 10 Jun,No info,14178,9,6,6,0,0,845.0,875
IndiGo,Delhi,Cochin,DEL ? BOM ? COK,21:00,No info,8784,21,3,3,0,0,450.0,810
Jet Airways,Kolkata,Banglore,CCU ? BOM ? BLR,04:40 13 May,No info,13941,12,5,6,0,0,1200.0,520
Jet Airways,Kolkata,Banglore,CCU ? DEL ? BLR,19:10 22 May,No info,13067,21,5,1,0,0,1225.0,1365
Jet Airways,Mumbai,Hyderabad,BOM ? HYD,11:50,In-flight meal not included,4995,27,6,3,0,0,620.0,90
Air India,Delhi,Cochin,DEL ? LKO ? BOM ? COK,19:15 04 Jun,No info,12488,3,6,0,0,0,1110.0,1485
Air Asia,Kolkata,Banglore,CCU ? DEL ? BLR,23:30,No info,7870,9,6,6,0,0,455.0,955
Air India,Delhi,Cochin,DEL ? COK,08:00,No info,6094,12,5,6,0,0,310.0,170
Jet Airways,Kolkata,Banglore,CCU ? GAU ? BLR,17:35,In-flight meal not included,5608,12,6,2,0,0,620.0,435
GoAir,Delhi,Cochin,DEL ? HYD ? COK,13:20,No info,6112,3,3,6,0,0,450.0,350
Jet Airways,Banglore,New Delhi,BLR ? BOM ? DEL,08:15 07 Mar,No info,16736,6,3,2,0,0,1015.0,920
Vistara,Kolkata,Banglore,CCU ? DEL ? BLR,10:45 13 Jun,No info,8452,12,6,2,0,0,1220.0,865
Jet Airways,Kolkata,Banglore,CCU ? DEL ? BLR,14:25 10 May,In-flight meal not included,9314,9,5,3,0,0,1020.0,1285
IndiGo,Chennai,Kolkata,MAA ? CCU,10:15,No info,3850,21,5,1,0,0,475.0,140
Jet Airways,Delhi,Cochin,DEL ? BOM ? COK,04:25 22 Mar,In-flight meal not included,5963,21,3,3,0,0,1185.0,520
Air India,Delhi,Cochin,DEL ? AMD ? BOM ? COK,19:15 22 May,No info,9968,21,5,1,0,0,300.0,2295
Jet Airways,Delhi,Cochin,DEL ? COK,14:15,No info,9564,18,5,5,0,0,660.0,195
IndiGo,Delhi,Cochin,DEL ? HYD ? MAA ? COK,21:20,No info,6610,6,3,2,0,0,400.0,880
IndiGo,Banglore,New Delhi,BLR ? HYD ? DEL,20:35,No info,5226,9,3,5,0,0,940.0,295
Jet Airways,Kolkata,Banglore,CCU ? BOM ? BLR,08:10 25 Mar,No info,14231,24,3,6,0,0,1185.0,745
Jet Airways,Delhi,Cochin,DEL ? NAG ? BOM ? COK,12:35 16 Jun,No info,13376,15,6,5,0,0,875.0,1320
IndiGo,Delhi,Cochin,DEL ? HYD ? COK,22:30,No info,6674,27,5,0,0,0,410.0,940
Multiple carriers,Delhi,Cochin,DEL ? BOM ? COK,21:00,No info,7408,15,6,5,0,0,480.0,780
Air India,Kolkata,Banglore,CCU ? GAU ? DEL ? BLR,08:55 25 May,No info,15170,24,5,4,0,0,590.0,1385
IndiGo,Chennai,Kolkata,MAA ? CCU,21:55,No info,3597,1,6,5,0,0,1175.0,140
Air India,Banglore,New Delhi,BLR ? BOM ? NAG ? DEL,10:15 13 Mar,No info,12778,12,3,1,0,0,1045.0,1010
Jet Airways,Banglore,Delhi,BLR ? DEL,20:45,In-flight meal not included,7229,9,6,6,0,0,1065.0,180
Jet Airways,Banglore,Delhi,BLR ? DEL,11:20,No info,8016,15,6,5,0,0,500.0,180
IndiGo,Kolkata,Banglore,CCU ? BLR,00:50 28 May,No info,4804,27,5,0,0,0,1335.0,155
Jet Airways,Banglore,Delhi,BLR ? DEL,11:20,No info,8016,21,6,4,0,0,500.0,180
Air Asia,Kolkata,Banglore,CCU ? BLR,12:55,No info,5645,9,6,6,0,0,620.0,155
Jet Airways,Banglore,New Delhi,BLR ? BOM ? DEL,00:45 07 Mar,No info,22270,9,3,5,0,0,1120.0,365
Jet Airways,Kolkata,Banglore,CCU ? DEL ? BLR,19:10,No info,14151,6,6,3,0,0,575.0,575
Jet Airways,Delhi,Cochin,DEL ? BOM ? COK,12:35,In-flight meal not included,5406,6,4,5,0,0,425.0,330
Air India,Kolkata,Banglore,CCU ? HYD ? BLR,11:05 25 Mar,No info,5567,24,3,6,0,0,1140.0,965
IndiGo,Delhi,Cochin,DEL ? HYD ? COK,16:10,No info,6171,27,3,2,0,0,295.0,675
SpiceJet,Banglore,Delhi,BLR ? DEL,08:35,No info,4423,15,6,5,0,0,355.0,160
Jet Airways,Delhi,Cochin,DEL ? BOM ? COK,12:35 07 Apr,In-flight meal not included,5177,6,4,5,0,0,1370.0,825
Multiple carriers,Delhi,Cochin,DEL ? BOM ? COK,01:30 13 Jun,No info,6795,12,6,2,0,0,1065.0,465
SpiceJet,Banglore,Delhi,BLR ? DEL,12:20,No info,3625,27,5,0,0,0,570.0,170
Jet Airways,Delhi,Cochin,DEL ? BOM ? COK,12:35 19 May,In-flight meal not included,12373,18,5,5,0,0,840.0,1355
SpiceJet,Kolkata,Banglore,CCU ? MAA ? BLR,20:20,No info,4963,9,5,3,0,0,905.0,315
IndiGo,Mumbai,Hyderabad,BOM ? HYD,22:50,No info,2227,27,5,0,0,0,1280.0,90
Multiple carriers,Delhi,Cochin,DEL ? BOM ? COK,19:00,No info,11200,27,6,3,0,0,510.0,630
Air India,Delhi,Cochin,DEL ? BLR ? COK,23:00,No info,7174,9,5,3,0,0,1060.0,320
Air India,Delhi,Cochin,DEL ? BHO ? BOM ? COK,19:15 04 Mar,No info,13748,3,3,6,0,0,355.0,2240
Multiple carriers,Delhi,Cochin,DEL ? HYD ? COK,22:30,No info,9856,27,5,0,0,0,425.0,925
Air India,Kolkata,Banglore,CCU ? GAU ? DEL ? BLR,12:30 19 May,No info,15170,18,5,5,0,0,1005.0,1185
IndiGo,Delhi,Cochin,DEL ? HYD ? COK,22:30,No info,6442,1,6,5,0,0,455.0,895
Jet Airways,Delhi,Cochin,DEL ? BOM ? COK,19:00 28 May,In-flight meal not included,12898,27,5,0,0,0,1050.0,1530
Jet Airways,Banglore,Delhi,BLR ? DEL,11:20,In-flight meal not included,7229,1,6,5,0,0,500.0,180
Air India,Kolkata,Banglore,CCU ? DEL ? COK ? BLR,01:20 10 May,No info,13033,9,5,3,0,0,600.0,920
Jet Airways,Kolkata,Banglore,CCU ? DEL ? BLR,21:05 13 May,In-flight meal not included,10703,12,5,6,0,0,1225.0,1480
IndiGo,Chennai,Kolkata,MAA ? CCU,15:35,No info,6297,9,3,5,0,0,800.0,135
Jet Airways,Kolkata,Banglore,CCU ? DEL ? BLR,18:00 07 May,In-flight meal not included,9314,6,5,0,0,0,1225.0,1295
Vistara,Banglore,New Delhi,BLR ? DEL,12:35,No info,6138,15,3,4,0,0,590.0,165
IndiGo,Delhi,Cochin,DEL ? BOM ? COK,21:00,No info,6838,24,6,0,0,0,555.0,705
Jet Airways Business,Delhi,Cochin,DEL ? ATQ ? BOM ? COK,04:25 07 Mar,No info,52285,6,3,2,0,0,1205.0,500
Multiple carriers,Delhi,Cochin,DEL ? BOM ? COK,01:30 10 Jun,No info,13377,9,6,6,0,0,840.0,690
Air India,Delhi,Cochin,DEL ? HYD ? MAA ? COK,09:25 19 May,No info,10975,18,5,5,0,0,585.0,1420
Jet Airways,Banglore,New Delhi,BLR ? BOM ? DEL,21:20,No info,13817,12,3,1,0,0,345.0,935
Air India,Delhi,Cochin,DEL ? MAA ? COK,09:25 22 Mar,No info,7532,21,3,3,0,0,365.0,1640
Multiple carriers,Delhi,Cochin,DEL ? BOM ? COK,19:00,No info,10197,15,5,2,0,0,230.0,910
Jet Airways,Kolkata,Banglore,CCU ? BOM ? BLR,04:40 10 Jun,In-flight meal not included,9663,9,6,6,0,0,1200.0,520
Multiple carriers,Delhi,Cochin,DEL ? BOM ? COK,21:00,No info,13727,15,5,2,0,0,780.0,480
IndiGo,Delhi,Cochin,DEL ? BOM ? COK,01:30 10 May,No info,8330,9,5,3,0,0,685.0,845
IndiGo,Banglore,Delhi,BLR ? DEL,10:05,No info,4823,21,5,1,0,0,430.0,175
IndiGo,Delhi,Cochin,DEL ? BOM ? COK,01:30 28 May,No info,6206,27,5,0,0,0,1030.0,500
Multiple carriers,Delhi,Cochin,DEL ? BOM ? COK,19:00,No info,10877,6,6,3,0,0,685.0,455
Jet Airways,Banglore,New Delhi,BLR ? BOM ? DEL,08:15 13 Mar,No info,13817,12,3,1,0,0,1135.0,800
Jet Airways,Banglore,Delhi,BLR ? DEL,11:20,In-flight meal not included,6478,27,6,3,0,0,500.0,180
Air India,Delhi,Cochin,DEL ? HYD ? BOM ? COK,07:40 10 Apr,No info,8577,9,4,1,0,0,785.0,1115
Jet Airways,Delhi,Cochin,DEL ? BOM ? COK,19:00 22 May,No info,16079,21,5,1,0,0,1310.0,1270
Jet Airways,Delhi,Cochin,DEL ? AMD ? BOM ? COK,12:35 28 Jun,In-flight meal not included,11150,27,6,3,0,0,1385.0,810
Multiple carriers,Delhi,Cochin,DEL ? BOM ? COK,19:15,No info,15077,6,3,2,0,0,400.0,755
Jet Airways,Kolkata,Banglore,CCU ? BOM ? BLR,08:15 02 Apr,In-flight meal not included,7064,1,4,0,0,0,990.0,945
Jet Airways,Kolkata,Banglore,CCU ? BOM ? BLR,08:15 22 May,In-flight meal not included,9663,21,5,1,0,0,845.0,1090
Air India,Delhi,Cochin,DEL ? HYD ? BOM ? COK,19:15 07 Mar,No info,11552,6,3,2,0,0,1290.0,1305
Jet Airways,Delhi,Cochin,DEL ? BOM ? COK,19:00 13 Jun,In-flight meal not included,10262,12,6,2,0,0,1255.0,1325
SpiceJet,Delhi,Cochin,DEL ? MAA ? COK,22:05,No info,5899,15,4,0,0,0,945.0,380
Jet Airways,Delhi,Cochin,DEL ? NAG ? BOM ? COK,12:35 02 Jun,No info,13376,1,6,5,0,0,875.0,1320
Jet Airways,Banglore,New Delhi,BLR ? BOM ? DEL,10:25 13 Mar,No info,13817,12,3,1,0,0,1135.0,930
Vistara,Kolkata,Banglore,CCU ? DEL ? BLR,20:20 02 May,No info,8610,1,5,2,0,0,1220.0,1440
Jet Airways,Delhi,Cochin,DEL ? BOM ? COK,04:25 10 May,In-flight meal not included,12373,9,5,3,0,0,540.0,1165
SpiceJet,Delhi,Cochin,DEL ? BLR ? COK,22:50,No info,5673,27,5,0,0,0,1075.0,295
Vistara,Kolkata,Banglore,CCU ? DEL ? BLR,18:50 02 Apr,No info,7927,1,4,0,0,0,1220.0,1350
Jet Airways,Delhi,Cochin,DEL ? BOM ? COK,19:00,In-flight meal not included,10262,24,6,0,0,0,135.0,1005
Jet Airways,Delhi,Cochin,DEL ? BOM ? COK,04:25 10 May,In-flight meal not included,12373,9,5,3,0,0,480.0,1225
Air India,Banglore,New Delhi,BLR ? BBI ? DEL,12:05 02 Mar,No info,12704,1,3,4,0,0,570.0,1595
Air India,Kolkata,Banglore,CCU ? BBI ? BLR,13:15 10 May,No info,6612,9,5,3,0,0,720.0,1515
IndiGo,Banglore,Delhi,BLR ? DEL,21:50,No info,4823,9,6,6,0,0,1135.0,175
Jet Airways,Delhi,Cochin,DEL ? BOM ? COK,19:00,In-flight meal not included,10262,3,6,0,0,0,600.0,540
IndiGo,Delhi,Cochin,DEL ? MAA ? COK,12:30,No info,6388,21,3,3,0,0,440.0,310
GoAir,Banglore,Delhi,BLR ? DEL,10:40,No info,3898,12,5,6,0,0,465.0,175
Jet Airways,Delhi,Cochin,DEL ? BOM ? COK,19:00,In-flight meal not included,5177,6,4,5,0,0,690.0,450
Jet Airways,Kolkata,Banglore,CCU ? BOM ? BLR,20:45 10 Jun,In-flight meal not included,10844,9,6,6,0,0,1200.0,1485
IndiGo,Banglore,Delhi,BLR ? DEL,03:15,No info,4077,1,6,5,0,0,25.0,170
Jet Airways,Kolkata,Banglore,CCU ? BOM ? BLR,09:15 25 Mar,No info,14231,24,3,6,0,0,1015.0,980
Air India,Banglore,New Delhi,BLR ? BOM ? BHO ? DEL,23:25,No info,13250,12,3,1,0,0,530.0,875
Jet Airways,Banglore,New Delhi,BLR ? BOM ? DEL,21:20,No info,13817,12,3,1,0,0,420.0,860
SpiceJet,Banglore,New Delhi,BLR ? DEL,23:20,No info,6205,9,3,5,0,0,1230.0,170
Jet Airways,Delhi,Cochin,DEL ? AMD ? BOM ? COK,12:35 28 Jun,No info,12819,27,6,3,0,0,1385.0,810
IndiGo,Banglore,Delhi,BLR ? DEL,15:50,No info,4591,15,4,0,0,0,780.0,170
SpiceJet,Kolkata,Banglore,CCU ? BLR,09:30,No check-in baggage included,3841,27,6,3,0,0,415.0,155
SpiceJet,Chennai,Kolkata,MAA ? CCU,20:05,No info,3597,9,6,6,0,0,1065.0,140
IndiGo,Kolkata,Banglore,CCU ? BLR,07:15,No info,4174,3,4,2,0,0,280.0,155
Vistara,Delhi,Cochin,DEL ? COK,09:10,No info,6216,27,5,0,0,0,360.0,190
Jet Airways,Kolkata,Banglore,CCU ? DEL ? BLR,18:00 10 May,No info,10624,9,5,3,0,0,1020.0,1500
Air Asia,Delhi,Cochin,DEL ? BLR ? COK,22:25,No info,6152,24,6,0,0,0,475.0,870
IndiGo,Delhi,Cochin,DEL ? BOM ? COK,01:35 10 Mar,No info,6937,9,3,5,0,0,1230.0,305
Air India,Delhi,Cochin,DEL ? BOM ? COK,19:15 02 Jun,No info,8792,1,6,5,0,0,1020.0,1575
Multiple carriers,Delhi,Cochin,DEL ? BOM ? COK,21:00,No info,7005,27,5,0,0,0,770.0,490
Jet Airways,Mumbai,Hyderabad,BOM ? HYD,04:20,No info,5678,6,6,3,0,0,175.0,85
Air India,Banglore,New Delhi,BLR ? VGA ? DEL,11:20 16 Mar,No info,7013,15,3,4,0,0,630.0,1490
Jet Airways,Delhi,Cochin,DEL ? BOM ? COK,19:00 22 May,No info,16079,21,5,1,0,0,900.0,1680
Jet Airways,Kolkata,Banglore,CCU ? DEL ? BLR,18:00,In-flight meal not included,10539,6,6,3,0,0,575.0,505
Jet Airways,Kolkata,Banglore,CCU ? BOM ? BLR,23:35,In-flight meal not included,11841,6,5,0,0,0,990.0,425
IndiGo,Banglore,New Delhi,BLR ? BOM ? DEL,00:35 16 Mar,No info,10509,15,3,4,0,0,1175.0,300
IndiGo,Chennai,Kolkata,MAA ? CCU,15:35,No info,3597,3,6,0,0,0,795.0,140
Air India,Kolkata,Banglore,CCU ? BOM ? COK ? BLR,13:45 02 May,No info,15532,1,5,2,0,0,565.0,1700
Multiple carriers,Delhi,Cochin,DEL ? BOM ? COK,21:00,In-flight meal not included,14086,9,3,5,0,0,410.0,850
Multiple carriers,Delhi,Cochin,DEL ? HYD ? COK,22:20,In-flight meal not included,5883,27,3,2,0,0,875.0,465
Multiple carriers,Delhi,Cochin,DEL ? BOM ? COK,21:00,No info,7618,3,6,0,0,0,420.0,840
Jet Airways,Kolkata,Banglore,CCU ? DEL ? BLR,18:00 02 May,In-flight meal not included,9314,1,5,2,0,0,1020.0,1500
Jet Airways,Kolkata,Banglore,CCU ? DEL ? BLR,21:05,In-flight meal not included,13994,9,6,6,0,0,575.0,690
IndiGo,Delhi,Cochin,DEL ? HYD ? COK,12:10,No info,5073,27,4,5,0,0,455.0,275
Air Asia,Banglore,New Delhi,BLR ? DEL,13:55,No info,3383,24,3,6,0,0,670.0,165
Multiple carriers,Delhi,Cochin,DEL ? BOM ? COK,19:15,No info,16108,1,6,5,0,0,540.0,615
Multiple carriers,Delhi,Cochin,DEL ? BOM ? COK,01:30 28 May,No info,6795,27,5,0,0,0,620.0,910
Jet Airways,Kolkata,Banglore,CCU ? BOM ? BLR,04:40 02 Apr,No info,12681,1,4,0,0,0,990.0,730
Jet Airways,Delhi,Cochin,DEL ? BOM ? COK,12:35 13 Jun,In-flight meal not included,10262,12,6,2,0,0,900.0,1295
Vistara,Kolkata,Banglore,CCU ? DEL ? BLR,18:50 07 Jun,No info,8820,6,6,3,0,0,1020.0,1550
Jet Airways,Banglore,New Delhi,BLR ? BDQ ? DEL,12:20,In-flight meal not included,10037,9,3,5,0,0,350.0,390
Multiple carriers,Delhi,Cochin,DEL ? BOM ? COK,12:35,No info,11789,12,6,2,0,0,360.0,395
GoAir,Delhi,Cochin,DEL ? BOM ? COK,19:35,No info,7378,15,5,2,0,0,635.0,540
IndiGo,Banglore,Delhi,BLR ? DEL,21:50,No info,4823,24,5,4,0,0,1135.0,175
Jet Airways,Banglore,Delhi,BLR ? DEL,22:50,In-flight meal not included,6478,24,6,0,0,0,1190.0,180
Jet Airways,Delhi,Cochin,DEL ? JAI ? BOM ? COK,04:25 02 Jun,No info,13014,1,6,5,0,0,580.0,1125
Jet Airways,Kolkata,Banglore,CCU ? BOM ? BLR,22:35,In-flight meal not included,10844,24,5,4,0,0,990.0,365
Multiple carriers,Delhi,Cochin,DEL ? BOM ? COK,21:00,No info,7408,27,6,3,0,0,480.0,780
Multiple carriers,Delhi,Cochin,DEL ? HYD ? COK,16:10,No info,9646,27,6,3,0,0,425.0,545
SpiceJet,Chennai,Kolkata,MAA ? CCU,20:05,No info,3597,6,5,0,0,0,1065.0,140
SpiceJet,Kolkata,Banglore,CCU ? BLR,19:40,No info,3873,27,6,3,0,0,1030.0,150
GoAir,Delhi,Cochin,DEL ? BOM ? COK,19:35,No info,7870,27,6,3,0,0,865.0,310
Jet Airways,Delhi,Cochin,DEL ? BHO ? BOM ? COK,12:35,In-flight meal not included,13344,27,6,3,0,0,330.0,425
Air India,Mumbai,Hyderabad,BOM ? HYD,20:45,No info,3100,12,6,2,0,0,1170.0,75
Air India,Banglore,New Delhi,BLR ? DEL,23:55,No info,4441,18,3,0,0,0,1265.0,170
IndiGo,Delhi,Cochin,DEL ? HYD ? COK,12:00,No info,6171,27,3,2,0,0,295.0,425
Jet Airways,Kolkata,Banglore,CCU ? DEL ? BLR,10:55 10 May,No info,10953,9,5,3,0,0,1225.0,870
Air India,Kolkata,Banglore,CCU ? VNS ? DEL ? BLR,08:55 10 May,No info,14214,9,5,3,0,0,870.0,1105
IndiGo,Delhi,Cochin,DEL ? BOM ? COK,21:00,No info,6093,24,6,0,0,0,450.0,810
Air India,Delhi,Cochin,DEL ? JDH ? BOM ? COK,19:15 25 Jun,No info,12436,24,6,0,0,0,775.0,1820
Jet Airways,Delhi,Cochin,DEL ? AMD ? BOM ? COK,19:00 19 May,No info,15129,18,5,5,0,0,805.0,1775
Multiple carriers,Delhi,Cochin,DEL ? BOM ? COK,12:35,No info,13259,3,6,0,0,0,360.0,395
Air India,Kolkata,Banglore,CCU ? GAU ? DEL ? BLR,12:30 25 May,No info,15170,24,5,4,0,0,590.0,1600
Jet Airways,Kolkata,Banglore,CCU ? BOM ? BLR,22:35,No info,14781,21,5,1,0,0,990.0,365
IndiGo,Delhi,Cochin,DEL ? BOM ? COK,01:30 02 Jun,No info,6206,1,6,5,0,0,685.0,845
SpiceJet,Kolkata,Banglore,CCU ? BLR,19:40,No check-in baggage included,3841,9,5,3,0,0,1030.0,150
Jet Airways,Delhi,Cochin,DEL ? BOM ? COK,19:00,No info,14714,15,6,5,0,0,690.0,450
IndiGo,Delhi,Cochin,DEL ? BOM ? COK,21:00,No info,6093,9,6,6,0,0,295.0,965
Jet Airways,Banglore,Delhi,BLR ? DEL,14:05,No info,8016,9,6,6,0,0,670.0,175
Air India,Delhi,Cochin,DEL ? MAA ? COK,09:25 28 Mar,No info,5117,27,3,2,0,0,365.0,1640
Jet Airways,Kolkata,Banglore,CCU ? BOM ? BLR,04:40 02 May,In-flight meal not included,8586,1,5,2,0,0,505.0,1215
IndiGo,Delhi,Cochin,DEL ? BOM ? COK,01:35 10 Mar,No info,13611,9,3,5,0,0,900.0,635
IndiGo,Delhi,Cochin,DEL ? HYD ? COK,22:30,No info,6704,9,5,3,0,0,970.0,380
IndiGo,Kolkata,Banglore,CCU ? MAA ? BLR,10:20,No info,4226,9,5,3,0,0,380.0,240
Air India,Banglore,Delhi,BLR ? DEL,19:45,No info,4651,6,4,5,0,0,1020.0,165
SpiceJet,Kolkata,Banglore,CCU ? BLR,00:40 28 May,No info,3873,27,5,0,0,0,1340.0,140
GoAir,Banglore,New Delhi,BLR ? DEL,23:50,No info,7222,3,3,6,0,0,1255.0,175
Multiple carriers,Delhi,Cochin,DEL ? BOM ? COK,21:00,No info,13727,15,5,2,0,0,690.0,570
IndiGo,Delhi,Cochin,DEL ? BOM ? COK,15:30,No info,10141,27,3,2,0,0,550.0,380
SpiceJet,Banglore,Delhi,BLR ? DEL,00:05 25 Apr,No info,3625,24,4,2,0,0,1270.0,175
IndiGo,Delhi,Cochin,DEL ? HYD ? COK,16:10,No info,6442,15,4,0,0,0,455.0,515
Jet Airways,Banglore,Delhi,BLR ? DEL,20:45,No info,7229,6,5,0,0,0,1065.0,180
Air Asia,Delhi,Cochin,DEL ? BLR ? COK,06:35 25 Jun,No info,6752,24,6,0,0,0,1005.0,830
Jet Airways,Kolkata,Banglore,CCU ? BOM ? BLR,18:10 25 Mar,No info,13759,24,3,6,0,0,1270.0,1260
Air India,Mumbai,Hyderabad,BOM ? BBI ? HYD,12:25 07 Mar,No info,14408,6,3,2,0,0,720.0,1465
Air India,Delhi,Cochin,DEL ? CCU ? BOM ? COK,19:15 10 Jun,No info,13381,9,6,6,0,0,1215.0,1380
Vistara,Kolkata,Banglore,CCU ? DEL ? BLR,20:20 02 Apr,No info,9135,1,4,0,0,0,1020.0,1640
IndiGo,Kolkata,Banglore,CCU ? NAG ? BLR,23:30,No info,6218,15,5,2,0,0,1085.0,325
SpiceJet,Kolkata,Banglore,CCU ? BLR,11:25,No info,4174,27,4,5,0,0,540.0,145
Air India,Kolkata,Banglore,CCU ? HYD ? BLR,11:05 07 Jun,No info,6117,6,6,3,0,0,1140.0,965
Jet Airways,Kolkata,Banglore,CCU ? DEL ? BLR,21:05,In-flight meal not included,10703,15,5,2,0,0,575.0,690
Jet Airways,Kolkata,Banglore,CCU ? DEL ? BLR,09:45 13 Jun,No info,12692,12,6,2,0,0,575.0,1450
Jet Airways,Kolkata,Banglore,CCU ? DEL ? BLR,10:55 07 Jun,In-flight meal not included,10539,6,6,3,0,0,1020.0,1075
Jet Airways,Kolkata,Banglore,CCU ? BOM ? BLR,19:40,In-flight meal not included,11134,24,3,6,0,0,835.0,345
IndiGo,Banglore,New Delhi,BLR ? DEL,00:15 22 Mar,No info,4777,24,3,6,0,0,1280.0,175
Jet Airways,Delhi,Cochin,DEL ? BOM ? COK,12:35 19 May,In-flight meal not included,12373,18,5,5,0,0,690.0,1505
Multiple carriers,Delhi,Cochin,DEL ? HYD ? MAA ? COK,21:20,No info,11966,3,3,6,0,0,785.0,495
IndiGo,Chennai,Kolkata,MAA ? CCU,00:25 16 May,No info,5277,15,5,2,0,0,1325.0,140
Air India,Banglore,New Delhi,BLR ? BOM ? AMD ? DEL,23:55 02 Mar,No info,17135,1,3,4,0,0,530.0,2345
Jet Airways,Delhi,Cochin,DEL ? BOM ? COK,19:00,No info,14714,6,6,3,0,0,840.0,300
IndiGo,Banglore,New Delhi,BLR ? DEL,01:10 10 Mar,No info,6144,9,3,5,0,0,1340.0,170
Air India,Banglore,Delhi,BLR ? DEL,16:10,No info,5911,1,4,0,0,0,800.0,170
Vistara,Mumbai,Hyderabad,BOM ? DEL ? HYD,19:55 13 Mar,No info,12080,12,3,1,0,0,1185.0,1450
IndiGo,Banglore,Delhi,BLR ? DEL,13:20,No info,4423,6,4,5,0,0,630.0,170
Multiple carriers,Delhi,Cochin,DEL ? BOM ? COK,21:00,No info,7618,27,5,0,0,0,540.0,720
Air Asia,Banglore,Delhi,BLR ? DEL,13:55,No info,3383,27,5,0,0,0,670.0,165
Air India,Delhi,Cochin,DEL ? AMD ? BOM ? COK,19:15 07 Mar,No info,12646,6,3,2,0,0,1185.0,1410
Multiple carriers,Delhi,Cochin,DEL ? BOM ? COK,21:00,No info,7670,18,5,5,0,0,360.0,900
IndiGo,Kolkata,Banglore,CCU ? BLR,07:15,No info,4804,15,5,2,0,0,280.0,155
Jet Airways,Banglore,New Delhi,BLR ? BOM ? DEL,18:25 13 Mar,In-flight meal not included,11087,12,3,1,0,0,1235.0,1310
Jet Airways,Banglore,Delhi,BLR ? DEL,14:05,No info,7229,18,4,3,0,0,670.0,175
SpiceJet,Chennai,Kolkata,MAA ? CCU,10:35,No info,7050,3,3,6,0,0,500.0,135
Jet Airways,Kolkata,Banglore,CCU ? BOM ? BLR,18:15 02 Apr,No info,12681,1,4,0,0,0,1200.0,1335
SpiceJet,Delhi,Cochin,DEL ? PNQ ? COK,13:15,No check-in baggage included,4098,3,4,2,0,0,525.0,270
SpiceJet,Chennai,Kolkata,MAA ? CCU,12:00,No check-in baggage included,3543,12,5,6,0,0,585.0,135
Jet Airways,Kolkata,Banglore,CCU ? DEL ? BLR,18:00 22 May,No info,14151,21,5,1,0,0,1225.0,1295
Jet Airways,Kolkata,Banglore,CCU ? BOM ? BLR,22:35,No info,13339,24,3,6,0,0,390.0,965
Jet Airways,Kolkata,Banglore,CCU ? BOM ? BLR,12:00 25 May,In-flight meal not included,9663,24,5,4,0,0,1270.0,890
Jet Airways,Delhi,Cochin,DEL ? BOM ? COK,04:25 28 May,In-flight meal not included,12898,27,5,0,0,0,690.0,1015
Air India,Delhi,Cochin,DEL ? JAI ? BOM ? COK,19:15,No info,8603,3,6,0,0,0,720.0,435
Jet Airways,Kolkata,Banglore,CCU ? BOM ? BLR,12:00 13 Jun,No info,13044,12,6,2,0,0,990.0,1170
SpiceJet,Kolkata,Banglore,CCU ? BLR,19:45,No info,4622,6,3,2,0,0,1035.0,150
Multiple carriers,Delhi,Cochin,DEL ? BOM ? COK,21:00,No info,13062,21,3,3,0,0,840.0,420
Multiple carriers,Delhi,Cochin,DEL ? BOM ? COK,19:00,No info,11622,12,6,2,0,0,555.0,585
Jet Airways,Banglore,New Delhi,BLR ? BOM ? DEL,20:20 13 Mar,In-flight meal not included,11087,12,3,1,0,0,1235.0,1425
Multiple carriers,Delhi,Cochin,DEL ? BOM ? COK,19:00,No info,11789,15,6,5,0,0,620.0,520
Jet Airways,Kolkata,Banglore,CCU ? BOM ? BLR,09:20 10 May,In-flight meal not included,9663,9,5,3,0,0,1135.0,865
Jet Airways,Banglore,New Delhi,BLR ? BOM ? DEL,16:10,No info,19225,6,3,2,0,0,535.0,435
Multiple carriers,Delhi,Cochin,DEL ? BOM ? COK,01:30 28 Jun,In-flight meal not included,5797,27,6,3,0,0,700.0,830
Multiple carriers,Delhi,Cochin,DEL ? BOM ? COK,19:15,No info,9526,1,6,5,0,0,770.0,385
Jet Airways,Banglore,Delhi,BLR ? DEL,22:50,No info,7229,9,4,1,0,0,1190.0,180
Multiple carriers,Delhi,Cochin,DEL ? BOM ? COK,19:00,No info,10877,9,4,1,0,0,510.0,630
Air India,Banglore,New Delhi,BLR ? HYD ? VGA ? DEL,22:55,No info,13942,6,3,2,0,0,495.0,880
Air Asia,Banglore,Delhi,BLR ? DEL,13:55,No info,3383,9,5,3,0,0,670.0,165
Jet Airways,Delhi,Cochin,DEL ? BOM ? COK,04:25 16 Jun,In-flight meal not included,10262,15,6,5,0,0,840.0,865
Air India,Kolkata,Banglore,CCU ? IXR ? DEL ? BLR,20:25,No info,11201,24,5,4,0,0,350.0,875
Jet Airways,Delhi,Cochin,DEL ? BOM ? COK,04:25 02 Jun,In-flight meal not included,10262,1,6,5,0,0,1155.0,550
Air India,Delhi,Cochin,DEL ? GOI ? BOM ? COK,19:15 04 Jun,No info,10231,3,6,0,0,0,1320.0,1275
Jet Airways,Banglore,New Delhi,BLR ? BOM ? DEL,08:15 16 Mar,In-flight meal not included,9134,15,3,4,0,0,845.0,1090
Air Asia,Kolkata,Banglore,CCU ? BLR,12:55,No info,5645,18,5,5,0,0,620.0,155
Jet Airways,Delhi,Cochin,DEL ? BOM ? COK,04:25 02 Jun,No info,14714,1,6,5,0,0,900.0,805
Air India,Delhi,Cochin,DEL ? AMD ? BOM ? COK,19:15 07 Mar,No info,12646,6,3,2,0,0,1000.0,1595
Air India,Delhi,Cochin,DEL ? GOI ? BOM ? COK,19:15,No info,12173,3,6,0,0,0,655.0,500
IndiGo,Mumbai,Hyderabad,BOM ? HYD,22:50,No info,2227,12,6,2,0,0,1280.0,90
Multiple carriers,Delhi,Cochin,DEL ? BOM ? COK,19:00,No info,10529,6,5,0,0,0,450.0,690
Jet Airways,Delhi,Cochin,DEL ? COK,14:15,In-flight meal not included,7202,18,5,5,0,0,660.0,195
Multiple carriers,Delhi,Cochin,DEL ? BOM ? COK,21:00,In-flight meal not included,7886,27,5,0,0,0,540.0,720
SpiceJet,Mumbai,Hyderabad,BOM ? HYD,00:15 19 Jun,No info,2017,18,6,1,0,0,1365.0,90
IndiGo,Delhi,Cochin,DEL ? HYD ? COK,16:10,No info,6171,27,4,5,0,0,305.0,665
Jet Airways,Mumbai,Hyderabad,BOM ? HYD,04:20,In-flight meal not included,4050,3,6,0,0,0,175.0,85
SpiceJet,Kolkata,Banglore,CCU ? KNU ? BLR,18:50,No info,8479,9,5,3,0,0,695.0,435
Air Asia,Banglore,Delhi,BLR ? DEL,07:45,No info,4282,18,5,5,0,0,295.0,170
Vistara,Kolkata,Banglore,CCU ? DEL ? BLR,20:20 25 May,No info,9345,24,5,4,0,0,1220.0,1440
Air India,Delhi,Cochin,DEL ? TRV ? COK,06:50 25 Jun,No info,6587,24,6,0,0,0,315.0,1535
IndiGo,Mumbai,Hyderabad,BOM ? HYD,21:40,No info,2754,3,5,4,0,0,1205.0,95
SpiceJet,Banglore,Delhi,BLR ? DEL,00:05 22 Jun,No check-in baggage included,3919,21,6,4,0,0,1270.0,175
Jet Airways,Delhi,Cochin,DEL ? JAI ? BOM ? COK,04:25 13 Jun,In-flight meal not included,10368,12,6,2,0,0,580.0,1125
Air India,Banglore,New Delhi,BLR ? BBI ? DEL,16:20,No info,11654,3,3,6,0,0,570.0,410
GoAir,Banglore,Delhi,BLR ? DEL,23:40,No info,4239,1,4,0,0,0,1255.0,165
IndiGo,Delhi,Cochin,DEL ? HYD ? COK,16:10,No info,6674,27,5,0,0,0,410.0,560
Multiple carriers,Delhi,Cochin,DEL ? BOM ? COK,01:30 25 Jun,No info,7198,24,6,0,0,0,780.0,750
IndiGo,Kolkata,Banglore,CCU ? PNQ ? BLR,02:15 13 Jun,No info,5930,12,6,2,0,0,1260.0,315
Jet Airways,Banglore,Delhi,BLR ? DEL,10:10,No info,7229,9,5,3,0,0,430.0,180
Air India,Kolkata,Banglore,CCU ? DEL ? COK ? BLR,01:20 02 Apr,No info,10408,1,4,0,0,0,600.0,920
Air India,Delhi,Cochin,DEL ? LKO ? BOM ? COK,07:40 13 Jun,No info,12488,12,6,2,0,0,430.0,1470
IndiGo,Chennai,Kolkata,MAA ? CCU,07:40,No info,3540,9,6,6,0,0,315.0,145
Jet Airways,Kolkata,Banglore,CCU ? BOM ? BLR,09:20 13 Jun,In-flight meal not included,8529,12,6,2,0,0,1200.0,800
Jet Airways,Delhi,Cochin,DEL ? NAG ? BOM ? COK,04:25 25 Jun,No info,13376,24,6,0,0,0,875.0,830
GoAir,Kolkata,Banglore,CCU ? AMD ? BLR,00:15 25 May,No info,8855,24,5,4,0,0,1000.0,455
Jet Airways,Kolkata,Banglore,CCU ? BOM ? BLR,19:50,No info,14781,15,5,2,0,0,390.0,800
IndiGo,Delhi,Cochin,DEL ? BOM ? COK,01:30 28 Jun,No info,5684,27,6,3,0,0,1030.0,500
Jet Airways,Delhi,Cochin,DEL ? JAI ? BOM ? COK,04:25 10 May,In-flight meal not included,13029,9,5,3,0,0,1170.0,535
Jet Airways,Delhi,Cochin,DEL ? AMD ? BOM ? COK,19:00 02 May,No info,15129,1,5,2,0,0,1150.0,1430
Air India,Kolkata,Banglore,CCU ? BOM ? BLR,18:30,No info,8576,9,6,6,0,0,565.0,545
Jet Airways,Banglore,New Delhi,BLR ? BOM ? DEL,11:25 13 Mar,In-flight meal not included,11087,9,3,5,0,0,535.0,1590
Jet Airways,Mumbai,Hyderabad,BOM ? HYD,11:50,No info,5678,9,6,6,0,0,620.0,90
Jet Airways,Delhi,Cochin,DEL ? BOM ? COK,04:25 22 Mar,No info,12557,21,3,3,0,0,1095.0,610
IndiGo,Chennai,Kolkata,MAA ? CCU,14:00,No info,3858,27,3,2,0,0,695.0,145
Jet Airways,Delhi,Cochin,DEL ? BOM ? COK,12:35 10 May,In-flight meal not included,12373,9,5,3,0,0,840.0,1355
IndiGo,Mumbai,Hyderabad,BOM ? HYD,10:40,No info,4049,18,3,0,0,0,550.0,90
Jet Airways,Banglore,New Delhi,BLR ? BOM ? DEL,00:45 13 Mar,No info,21934,15,3,4,0,0,1015.0,470
Air India,Kolkata,Banglore,CCU ? BLR,16:45,No info,5510,27,6,3,0,0,855.0,150
Vistara,Delhi,Cochin,DEL ? COK,17:50,No info,6216,15,6,5,0,0,880.0,190
Air India,Mumbai,Hyderabad,BOM ? HYD,20:45,No info,2050,1,4,0,0,0,1170.0,75
IndiGo,Mumbai,Hyderabad,BOM ? HYD,04:05,No info,2754,3,4,2,0,0,155.0,90
IndiGo,Chennai,Kolkata,MAA ? CCU,10:15,No info,3850,27,6,3,0,0,475.0,140
IndiGo,Chennai,Kolkata,MAA ? CCU,07:40,No info,3540,6,5,0,0,0,315.0,145
Jet Airways,Kolkata,Banglore,CCU ? BOM ? BLR,08:15 02 May,In-flight meal not included,9663,1,5,2,0,0,390.0,1545
Air India,Delhi,Cochin,DEL ? HYD ? MAA ? COK,09:25 07 Mar,No info,9190,6,3,2,0,0,425.0,1580
Jet Airways,Delhi,Cochin,DEL ? BOM ? COK,19:00 28 May,In-flight meal not included,12898,27,5,0,0,0,900.0,1680
GoAir,Banglore,Delhi,BLR ? DEL,10:40,No info,4632,15,4,0,0,0,465.0,175
SpiceJet,Mumbai,Hyderabad,BOM ? HYD,14:30,No info,2753,24,3,6,0,0,790.0,80
Air India,Banglore,New Delhi,BLR ? BOM ? NAG ? DEL,10:15 13 Mar,No info,12778,12,3,1,0,0,530.0,1525
Air India,Kolkata,Banglore,CCU ? IXR ? DEL ? BLR,08:55 13 Jun,No info,12723,12,6,2,0,0,350.0,1625
IndiGo,Kolkata,Banglore,CCU ? BLR,14:05,No info,4804,24,6,0,0,0,690.0,155
IndiGo,Banglore,Delhi,BLR ? DEL,22:50,No info,4823,18,4,3,0,0,1200.0,170
Air Asia,Delhi,Cochin,DEL ? BLR ? COK,13:25,No info,6152,27,6,3,0,0,475.0,330
Vistara,Delhi,Cochin,DEL ? COK,09:10,No info,6216,27,6,3,0,0,360.0,190
IndiGo,Delhi,Cochin,DEL ? BLR ? COK,07:45,No info,6016,24,6,0,0,0,120.0,345
Multiple carriers,Delhi,Cochin,DEL ? BOM ? COK,19:00,No info,11622,27,6,3,0,0,555.0,585
Air India,Kolkata,Banglore,CCU ? BBI ? BOM ? BLR,21:50,No info,10151,6,5,0,0,0,720.0,590
Jet Airways,Delhi,Cochin,DEL ? IXC ? BOM ? COK,04:25 28 Mar,No info,12273,27,3,2,0,0,380.0,1325
Jet Airways,Delhi,Cochin,DEL ? ATQ ? BOM ? COK,04:25 13 Jun,In-flight meal not included,12410,12,6,2,0,0,1200.0,505
Jet Airways,Banglore,New Delhi,BLR ? BOM ? DEL,08:15 13 Mar,No info,12547,12,3,1,0,0,345.0,1590
Jet Airways,Delhi,Cochin,DEL ? BOM ? COK,12:35 16 Jun,In-flight meal not included,10262,15,6,5,0,0,1370.0,825
Multiple carriers,Delhi,Cochin,DEL ? BOM ? COK,19:15,No info,14323,9,5,3,0,0,690.0,465
Jet Airways,Mumbai,Hyderabad,BOM ? HYD,21:05,In-flight meal not included,3210,21,6,4,0,0,1175.0,90
Multiple carriers,Delhi,Cochin,DEL ? BOM ? COK,21:00,No info,16863,3,3,6,0,0,600.0,660
Multiple carriers,Delhi,Cochin,DEL ? BOM ? COK,19:15,No info,8937,1,6,5,0,0,685.0,470
Jet Airways,Delhi,Cochin,DEL ? AMD ? BOM ? COK,04:25 29 Mar,No info,10929,27,3,2,0,0,1150.0,1995
IndiGo,Delhi,Cochin,DEL ? BOM ? COK,01:30 10 Jun,No info,6104,9,6,6,0,0,635.0,895
SpiceJet,Delhi,Cochin,DEL ? MAA ? COK,21:55,No info,5511,21,3,3,0,0,955.0,360
Jet Airways,Kolkata,Banglore,CCU ? BOM ? BLR,16:20 25 Mar,No info,13759,24,3,6,0,0,1270.0,1150
Air India,Delhi,Cochin,DEL ? NAG ? BOM ? COK,07:40 22 May,No info,11543,21,5,1,0,0,355.0,1545
Jet Airways,Kolkata,Banglore,CCU ? DEL ? BLR,19:10,No info,13067,18,5,5,0,0,575.0,575
Jet Airways,Delhi,Cochin,DEL ? BOM ? COK,04:25 16 Jun,In-flight meal not included,10262,15,6,5,0,0,425.0,1280
Air India,Delhi,Cochin,DEL ? CCU ? BOM ? COK,19:15 07 Jun,No info,13591,6,6,3,0,0,1015.0,1580
Jet Airways,Delhi,Cochin,DEL ? AMD ? BOM ? COK,19:45 28 Mar,No info,10929,27,3,2,0,0,1150.0,1475
Jet Airways,Banglore,Delhi,BLR ? DEL,22:50,No info,7229,27,4,5,0,0,1190.0,180
Air Asia,Delhi,Cochin,DEL ? BLR ? COK,13:25,No info,6451,15,5,2,0,0,475.0,330
IndiGo,Chennai,Kolkata,MAA ? CCU,14:00,No info,7295,3,3,6,0,0,695.0,145
IndiGo,Banglore,Delhi,BLR ? DEL,04:15,No info,3943,3,6,0,0,0,90.0,165
SpiceJet,Banglore,Delhi,BLR ? DEL,00:05 16 May,No check-in baggage included,3573,15,5,2,0,0,1270.0,175
Air India,Delhi,Cochin,DEL ? GOI ? BOM ? COK,19:15 25 Jun,No info,9181,24,6,0,0,0,1320.0,1275
Air India,Delhi,Cochin,DEL ? MAA ? COK,09:25 04 Mar,No info,24017,3,3,6,0,0,585.0,1420
Air India,Delhi,Cochin,DEL ? GOI ? BOM ? COK,19:15 10 Mar,No info,17476,9,3,5,0,0,655.0,1940
Air India,Kolkata,Banglore,CCU ? HYD ? BLR,11:05 10 Apr,No info,4647,9,4,1,0,0,1140.0,965
IndiGo,Delhi,Cochin,DEL ? BOM ? COK,21:00,No info,6314,27,5,0,0,0,685.0,575
Jet Airways,Delhi,Cochin,DEL ? NAG ? BOM ? COK,04:25 07 Jun,No info,13376,6,6,3,0,0,875.0,830
Jet Airways,Banglore,New Delhi,BLR ? BOM ? DEL,16:10,No info,12284,18,3,0,0,0,345.0,625
Jet Airways,Banglore,Delhi,BLR ? DEL,11:20,No info,7229,9,5,3,0,0,500.0,180
Multiple carriers,Delhi,Cochin,DEL ? BOM ? COK,19:00,No info,9627,1,5,2,0,0,510.0,630
Air India,Kolkata,Banglore,CCU ? BBI ? BOM ? BLR,21:50,No info,9258,1,4,0,0,0,720.0,590
SpiceJet,Kolkata,Banglore,CCU ? BLR,11:25,No info,3873,3,6,0,0,0,540.0,145
SpiceJet,Kolkata,Banglore,CCU ? BLR,00:40 16 May,No check-in baggage included,3841,15,5,2,0,0,1340.0,140
Multiple carriers,Delhi,Cochin,DEL ? HYD ? COK,22:30,No info,10486,27,5,0,0,0,585.0,765
Jet Airways,Delhi,Cochin,DEL ? BOM ? COK,18:50 04 Mar,No info,17234,3,3,6,0,0,960.0,1610
IndiGo,Delhi,Cochin,DEL ? BLR ? COK,10:05,No info,6496,27,6,3,0,0,310.0,295
Multiple carriers,Delhi,Cochin,DEL ? BOM ? COK,19:00,No info,9627,27,5,0,0,0,510.0,630
Air India,Kolkata,Banglore,CCU ? BOM ? BLR,11:10 13 Jun,No info,8366,12,6,2,0,0,1010.0,1100
Jet Airways,Delhi,Cochin,DEL ? ATQ ? BOM ? COK,04:25 28 May,In-flight meal not included,15318,27,5,0,0,0,1200.0,505
SpiceJet,Kolkata,Banglore,CCU ? KNU ? BLR,18:50,No info,9923,24,3,6,0,0,695.0,435
Jet Airways,Kolkata,Banglore,CCU ? GAU ? BLR,17:35,In-flight meal not included,6077,1,4,0,0,0,620.0,435
Air India,Chennai,Kolkata,MAA ? CCU,13:55,No info,4667,9,6,6,0,0,700.0,135
Multiple carriers,Delhi,Cochin,DEL ? BOM ? COK,19:15,No info,8099,9,5,3,0,0,510.0,645
SpiceJet,Mumbai,Hyderabad,BOM ? HYD,14:45,No check-in baggage included,2385,1,5,2,0,0,795.0,90
Multiple carriers,Delhi,Cochin,DEL ? IDR ? BOM ? COK,01:30 28 Jun,No info,15965,27,6,3,0,0,905.0,625
Jet Airways,Kolkata,Banglore,CCU ? BOM ? BLR,18:15,In-flight meal not included,10844,6,5,0,0,0,390.0,705
Air India,Banglore,Delhi,BLR ? DEL,16:10,No info,6121,12,5,6,0,0,800.0,170
IndiGo,Banglore,Delhi,BLR ? DEL,01:00 25 Apr,No info,3625,24,4,2,0,0,1330.0,170
Multiple carriers,Delhi,Cochin,DEL ? BOM ? COK,21:00,No info,8475,27,5,0,0,0,450.0,810
Jet Airways,Delhi,Cochin,DEL ? BOM ? COK,19:00,In-flight meal not included,12898,27,5,0,0,0,425.0,715
IndiGo,Delhi,Cochin,DEL ? MAA ? COK,07:25,No info,10851,6,3,2,0,0,125.0,320
Air India,Delhi,Cochin,DEL ? BLR ? COK,23:00,No info,5704,21,3,3,0,0,585.0,795
Vistara,Banglore,New Delhi,BLR ? DEL,00:05 16 Mar,No info,11598,18,3,0,0,0,1270.0,175
Multiple carriers,Delhi,Cochin,DEL ? BOM ? COK,19:15,No info,9149,27,5,0,0,0,510.0,645
Air India,Kolkata,Banglore,CCU ? BLR,23:20,No info,4145,15,6,5,0,0,1245.0,155
GoAir,Delhi,Cochin,DEL ? BOM ? COK,19:35,No info,6195,21,5,1,0,0,635.0,540
IndiGo,Delhi,Cochin,DEL ? BOM ? COK,21:00,No info,6979,9,5,3,0,0,685.0,575
Air India,Banglore,New Delhi,BLR ? DEL,16:10,No info,7276,15,3,4,0,0,800.0,170
SpiceJet,Delhi,Cochin,DEL ? PNQ ? COK,13:15,No check-in baggage included,4760,15,5,2,0,0,525.0,270
Vistara,Chennai,Kolkata,MAA ? CCU,20:05,No info,11982,18,6,1,0,0,1065.0,140
IndiGo,Chennai,Kolkata,MAA ? CCU,00:25 28 Mar,No info,5277,27,3,2,0,0,1325.0,140
Air India,Delhi,Cochin,DEL ? BOM ? COK,07:40 10 Jun,No info,8372,9,6,6,0,0,1200.0,700
IndiGo,Kolkata,Banglore,CCU ? BBI ? BLR,23:15,No info,4226,1,4,0,0,0,1175.0,220
IndiGo,Chennai,Kolkata,MAA ? CCU,21:55,No info,3597,18,6,1,0,0,1175.0,140
Multiple carriers,Delhi,Cochin,DEL ? BOM ? COK,21:00,No info,7005,15,6,5,0,0,525.0,735
Multiple carriers,Delhi,Cochin,DEL ? HYD ? COK,16:10,No info,8018,9,5,3,0,0,425.0,545
Jet Airways,Delhi,Cochin,DEL ? BOM ? COK,19:00 10 Jun,In-flight meal not included,10577,9,6,6,0,0,1185.0,1395
Jet Airways,Delhi,Cochin,DEL ? IDR ? BOM ? COK,19:00,In-flight meal not included,11507,12,6,2,0,0,330.0,810
Air India,Delhi,Cochin,DEL ? AMD ? BOM ? COK,19:15 10 May,No info,9653,9,5,3,0,0,300.0,2295
Jet Airways,Mumbai,Hyderabad,BOM ? HYD,11:50,In-flight meal not included,4160,15,3,4,0,0,620.0,90
Jet Airways,Delhi,Cochin,DEL ? BOM ? COK,19:00 04 Jun,No info,14714,3,6,0,0,0,1095.0,1485
Jet Airways,Mumbai,Hyderabad,BOM ? HYD,04:20,No info,5678,9,5,3,0,0,175.0,85
Air India,Kolkata,Banglore,CCU ? DEL ? COK ? BLR,01:20 19 May,No info,13873,18,5,5,0,0,420.0,1100
Multiple carriers,Delhi,Cochin,DEL ? BOM ? COK,19:00,No info,11264,27,6,3,0,0,620.0,520
Jet Airways,Kolkata,Banglore,CCU ? BOM ? BLR,20:40,In-flight meal not included,11134,24,3,6,0,0,835.0,405
Air Asia,Delhi,Cochin,DEL ? BLR ? COK,22:15,No info,6151,21,3,3,0,0,1005.0,330
Jet Airways,Kolkata,Banglore,CCU ? BOM ? BLR,19:50,In-flight meal not included,10844,18,5,5,0,0,345.0,845
Jet Airways,Delhi,Cochin,DEL ? JAI ? BOM ? COK,12:35 04 Jun,No info,13014,3,6,0,0,0,580.0,1615
Jet Airways,Mumbai,Hyderabad,BOM ? HYD,11:50,In-flight meal not included,4995,18,6,1,0,0,620.0,90
IndiGo,Kolkata,Banglore,CCU ? BLR,18:05,No info,4174,18,4,3,0,0,930.0,155
Air India,Banglore,New Delhi,BLR ? DEL,16:10,No info,12841,3,3,6,0,0,800.0,170
Jet Airways,Kolkata,Banglore,CCU ? DEL ? BLR,21:05 10 May,No info,13067,9,5,3,0,0,1020.0,1685
Jet Airways,Delhi,Cochin,DEL ? BOM ? COK,19:00 25 Jun,In-flight meal not included,10262,24,6,0,0,0,960.0,1620
IndiGo,Banglore,Delhi,BLR ? DEL,13:00,No info,4423,6,4,5,0,0,610.0,170
Jet Airways,Kolkata,Banglore,CCU ? BOM ? BLR,04:40 02 May,In-flight meal not included,8586,1,5,2,0,0,1135.0,585
Jet Airways,Kolkata,Banglore,CCU ? BOM ? BLR,09:20 16 May,In-flight meal not included,9663,15,5,2,0,0,1270.0,730
IndiGo,Delhi,Cochin,DEL ? BOM ? COK,21:00,No info,6069,15,6,5,0,0,960.0,300
Air India,Chennai,Kolkata,MAA ? CCU,13:55,No info,4667,6,5,0,0,0,700.0,135
Jet Airways,Delhi,Cochin,DEL ? BOM ? COK,19:00 10 May,In-flight meal not included,12373,9,5,3,0,0,1310.0,1270
Jet Airways,Kolkata,Banglore,CCU ? BOM ? BLR,10:05 10 May,No info,13941,9,5,3,0,0,990.0,1055
IndiGo,Mumbai,Hyderabad,BOM ? HYD,07:45,No info,3175,27,3,2,0,0,380.0,85
Air India,Delhi,Cochin,DEL ? BOM ? COK,19:15 10 Jun,No info,8372,9,6,6,0,0,1260.0,1335
Vistara,Banglore,Delhi,BLR ? DEL,19:35,No info,5613,6,4,5,0,0,1020.0,155
IndiGo,Delhi,Cochin,DEL ? HYD ? COK,22:30,No info,7144,18,5,5,0,0,455.0,895
Jet Airways,Kolkata,Banglore,CCU ? BOM ? BLR,16:20,No info,14571,6,6,3,0,0,390.0,590
IndiGo,Chennai,Kolkata,MAA ? CCU,00:25 25 Mar,No info,5277,24,3,6,0,0,1325.0,140
Jet Airways,Mumbai,Hyderabad,BOM ? HYD,11:50,In-flight meal not included,2759,24,3,6,0,0,620.0,90
Air Asia,Kolkata,Banglore,CCU ? DEL ? BLR,23:30,No info,5192,9,5,3,0,0,455.0,955
Jet Airways,Delhi,Cochin,DEL ? BOM ? COK,19:00,No info,14714,9,6,6,0,0,425.0,715
Air India,Delhi,Cochin,DEL ? JAI ? BOM ? COK,19:15,No info,10336,1,6,5,0,0,720.0,435
Air India,Kolkata,Banglore,CCU ? BLR,23:20,No info,31945,24,3,6,0,0,1245.0,155
Jet Airways,Kolkata,Banglore,CCU ? BOM ? BLR,23:35,In-flight meal not included,7064,1,4,0,0,0,390.0,1025
Jet Airways,Delhi,Cochin,DEL ? BHO ? BOM ? COK,12:35,No info,14441,9,6,6,0,0,330.0,425
Multiple carriers,Delhi,Cochin,DEL ? BOM ? COK,01:35 04 Mar,No info,17493,3,3,6,0,0,780.0,755
Jet Airways,Kolkata,Banglore,CCU ? BOM ? BLR,22:35 10 Jun,In-flight meal not included,10844,9,6,6,0,0,1200.0,1595
SpiceJet,Mumbai,Hyderabad,BOM ? HYD,07:15,No info,2753,1,6,5,0,0,345.0,90
Jet Airways,Delhi,Cochin,DEL ? BOM ? COK,04:25 22 May,In-flight meal not included,12898,21,5,1,0,0,480.0,1225
Jet Airways,Banglore,Delhi,BLR ? DEL,22:00,No info,7229,15,4,0,0,0,1135.0,185
Air India,Delhi,Cochin,DEL ? JAI ? BOM ? COK,07:40 04 Jun,No info,8603,3,6,0,0,0,720.0,1180
Jet Airways,Delhi,Cochin,DEL ? JAI ? BOM ? COK,04:25 19 May,No info,15129,18,5,5,0,0,330.0,1375
Jet Airways,Delhi,Cochin,DEL ? JDH ? BOM ? COK,19:00,No info,18804,15,6,5,0,0,700.0,440
Air Asia,Delhi,Cochin,DEL ? BLR ? COK,22:25,No info,7452,21,4,6,0,0,475.0,870
SpiceJet,Banglore,Delhi,BLR ? DEL,12:20,No info,3971,24,4,2,0,0,570.0,170
IndiGo,Banglore,Delhi,BLR ? DEL,13:00,No info,3943,12,6,2,0,0,610.0,170
IndiGo,Banglore,New Delhi,BLR ? AMD ? DEL,19:25,No info,9165,15,3,4,0,0,865.0,300
Jet Airways,Delhi,Cochin,DEL ? JAI ? BOM ? COK,19:00,No info,13014,24,6,0,0,0,330.0,810
SpiceJet,Banglore,Delhi,BLR ? DEL,12:20,No info,3625,21,6,4,0,0,570.0,170
Jet Airways,Delhi,Cochin,DEL ? BOM ? COK,12:35 25 Jun,In-flight meal not included,10262,24,6,0,0,0,960.0,1235
Jet Airways,Kolkata,Banglore,CCU ? BOM ? BLR,08:15 22 May,No info,14388,21,5,1,0,0,1135.0,800
Multiple carriers,Delhi,Cochin,DEL ? BOM ? COK,19:15,No info,15058,12,6,2,0,0,480.0,675
Air India,Delhi,Cochin,DEL ? BOM ? COK,07:40 07 Mar,No info,14882,6,3,2,0,0,540.0,1360
IndiGo,Banglore,Delhi,BLR ? DEL,13:00,No info,4591,18,4,3,0,0,610.0,170
SpiceJet,Kolkata,Banglore,CCU ? BLR,09:30,No check-in baggage included,3841,9,5,3,0,0,415.0,155
Jet Airways,Kolkata,Banglore,CCU ? BOM ? BLR,18:15,No info,14781,15,5,2,0,0,505.0,590
SpiceJet,Kolkata,Banglore,CCU ? BLR,00:40 10 Apr,No check-in baggage included,3841,9,4,1,0,0,1340.0,140
Multiple carriers,Delhi,Cochin,DEL ? BOM ? COK,01:30 04 Jun,No info,13377,3,6,0,0,0,900.0,630
Jet Airways,Delhi,Cochin,DEL ? JAI ? BOM ? COK,04:25 13 Jun,No info,13014,12,6,2,0,0,1170.0,535
Multiple carriers,Delhi,Cochin,DEL ? BOM ? COK,19:15,No info,14848,21,5,1,0,0,780.0,375
Air India,Kolkata,Banglore,CCU ? BLR,23:20,No info,4145,9,5,3,0,0,1245.0,155
IndiGo,Chennai,Kolkata,MAA ? CCU,10:15,No info,3850,12,6,2,0,0,475.0,140
Air India,Kolkata,Banglore,CCU ? DEL ? BLR,20:25,No info,10413,24,5,4,0,0,420.0,805
IndiGo,Delhi,Cochin,DEL ? BOM ? COK,01:30 04 Jun,No info,6104,3,6,0,0,0,900.0,630
IndiGo,Banglore,Delhi,BLR ? DEL,13:20,No info,3943,1,6,5,0,0,630.0,170
Jet Airways,Kolkata,Banglore,CCU ? BOM ? BLR,08:15 13 Jun,In-flight meal not included,8529,12,6,2,0,0,1270.0,665
Jet Airways,Delhi,Cochin,DEL ? BOM ? COK,12:35 25 Jun,In-flight meal not included,10262,24,6,0,0,0,1370.0,825
Jet Airways,Kolkata,Banglore,CCU ? DEL ? BLR,22:05 19 May,No info,14151,18,5,5,0,0,1225.0,1540
Air Asia,Kolkata,Banglore,CCU ? IXR ? DEL ? BLR,23:30,No info,5192,9,5,3,0,0,910.0,500
Jet Airways,Kolkata,Banglore,CCU ? BOM ? BLR,04:40 22 May,In-flight meal not included,9663,21,5,1,0,0,845.0,875
GoAir,Banglore,Delhi,BLR ? DEL,10:40,No info,4632,24,4,2,0,0,465.0,175
IndiGo,Delhi,Cochin,DEL ? BOM ? COK,01:30 07 Apr,No info,5073,6,4,5,0,0,1225.0,305
Multiple carriers,Delhi,Cochin,DEL ? BOM ? COK,19:15,No info,9526,15,6,5,0,0,620.0,535
IndiGo,Banglore,Delhi,BLR ? DEL,06:50,No info,4423,15,4,0,0,0,240.0,170
IndiGo,Mumbai,Hyderabad,BOM ? HYD,21:40,No info,2227,12,5,6,0,0,1205.0,95
Vistara,Banglore,New Delhi,BLR ? DEL,14:10,No info,5403,21,3,3,0,0,690.0,160
IndiGo,Chennai,Kolkata,MAA ? CCU,21:55,No info,3858,27,3,2,0,0,1175.0,140
Jet Airways,Delhi,Cochin,DEL ? IXC ? BOM ? COK,18:50 10 Mar,No info,18752,9,3,5,0,0,825.0,1745
Jet Airways,Kolkata,Banglore,CCU ? BOM ? BLR,12:00,In-flight meal not included,9663,21,5,1,0,0,390.0,330
Jet Airways,Delhi,Cochin,DEL ? AMD ? BOM ? COK,12:35 25 Jun,No info,12819,24,6,0,0,0,1150.0,1045
Multiple carriers,Delhi,Cochin,DEL ? BOM ? COK,21:00,No info,6883,27,3,2,0,0,540.0,720
Multiple carriers,Delhi,Cochin,DEL ? BOM ? COK,01:30 28 May,No info,7198,27,5,0,0,0,1140.0,390
Air India,Banglore,New Delhi,BLR ? DEL,12:45,No info,7801,9,3,5,0,0,600.0,165
IndiGo,Banglore,Delhi,BLR ? DEL,21:20,No info,4823,21,4,6,0,0,1105.0,175
Jet Airways,Kolkata,Banglore,CCU ? BOM ? BLR,09:20 25 May,In-flight meal not included,9663,24,5,4,0,0,390.0,1610
Jet Airways,Kolkata,Banglore,CCU ? DEL ? BLR,21:05 13 May,No info,12121,12,5,6,0,0,1225.0,1480
Vistara,Kolkata,Banglore,CCU ? DEL ? BLR,23:25 13 May,No info,8085,12,5,6,0,0,1220.0,1625
IndiGo,Banglore,New Delhi,BLR ? IDR ? DEL,18:35,No info,8662,3,3,6,0,0,820.0,295
Jet Airways,Delhi,Cochin,DEL ? BOM ? COK,18:50 22 Mar,In-flight meal not included,6017,21,3,3,0,0,1320.0,1250
SpiceJet,Chennai,Kolkata,MAA ? CCU,12:00,No check-in baggage included,3859,3,5,4,0,0,585.0,135
Multiple carriers,Delhi,Cochin,DEL ? BOM ? COK,19:15,No info,7564,18,5,5,0,0,295.0,860
SpiceJet,Banglore,Delhi,BLR ? DEL,08:35,No check-in baggage included,3919,21,6,4,0,0,355.0,160
Jet Airways,Delhi,Cochin,DEL ? JAI ? BOM ? COK,04:25 19 May,No info,15129,18,5,5,0,0,330.0,1375
Jet Airways,Banglore,New Delhi,BLR ? BOM ? DEL,13:15,No info,26890,1,3,4,0,0,420.0,375
Jet Airways,Delhi,Cochin,DEL ? COK,14:15,In-flight meal not included,5443,15,4,0,0,0,660.0,195
IndiGo,Banglore,New Delhi,BLR ? DEL,13:00,No info,6860,9,3,5,0,0,605.0,175
Jet Airways,Kolkata,Banglore,CCU ? BOM ? BLR,20:45,No info,13364,1,4,0,0,0,845.0,400
Jet Airways,Delhi,Cochin,DEL ? BOM ? COK,19:00,In-flight meal not included,12239,27,5,0,0,0,480.0,660
IndiGo,Kolkata,Banglore,CCU ? MAA ? BLR,16:05,No info,4966,9,4,1,0,0,690.0,275
IndiGo,Banglore,New Delhi,BLR ? DEL,08:45,No info,6144,3,3,6,0,0,360.0,165
Jet Airways,Delhi,Cochin,DEL ? BOM ? COK,19:00 10 May,In-flight meal not included,12373,9,5,3,0,0,900.0,1680
Air India,Banglore,New Delhi,BLR ? BOM ? UDR ? DEL,16:30 16 Mar,No info,10835,18,3,0,0,0,530.0,1900
Air India,Delhi,Cochin,DEL ? MAA ? COK,09:25 07 Jun,No info,7952,6,6,3,0,0,365.0,1640
IndiGo,Banglore,Delhi,BLR ? DEL,04:15,No info,3419,9,4,1,0,0,90.0,165
Multiple carriers,Delhi,Cochin,DEL ? BOM ? COK,12:35,No info,10197,27,5,0,0,0,230.0,525
IndiGo,Delhi,Cochin,DEL ? BOM ? COK,01:30 04 Jun,No info,5883,3,6,0,0,0,635.0,895
Air India,Chennai,Kolkata,MAA ? CCU,13:55,No info,4667,18,5,5,0,0,700.0,135
IndiGo,Delhi,Cochin,DEL ? HYD ? MAA ? COK,21:20,No info,6223,21,3,3,0,0,295.0,985
Jet Airways,Kolkata,Banglore,CCU ? BOM ? BLR,08:15 07 May,In-flight meal not included,7757,6,5,0,0,0,1270.0,665
IndiGo,Banglore,New Delhi,BLR ? AMD ? DEL,19:25,No info,11873,3,3,6,0,0,865.0,300
Jet Airways,Kolkata,Banglore,CCU ? BOM ? BLR,08:15 07 Jun,In-flight meal not included,10844,6,6,3,0,0,1270.0,665
IndiGo,Delhi,Cochin,DEL ? LKO ? COK,03:35 16 May,No info,7189,15,5,2,0,0,1310.0,345
Jet Airways,Delhi,Cochin,DEL ? BOM ? COK,12:35 28 Jun,In-flight meal not included,10262,27,6,3,0,0,1310.0,885
Air Asia,Kolkata,Banglore,CCU ? BLR,22:25,No info,5989,1,5,2,0,0,1195.0,150
IndiGo,Mumbai,Hyderabad,BOM ? HYD,22:50,No info,2227,24,6,0,0,0,1280.0,90
Jet Airways,Mumbai,Hyderabad,BOM ? HYD,11:50,In-flight meal not included,4995,6,6,3,0,0,620.0,90
Jet Airways,Kolkata,Banglore,CCU ? BOM ? BLR,18:10 25 Mar,No info,14231,24,3,6,0,0,835.0,1695
Jet Airways,Kolkata,Banglore,CCU ? BOM ? BLR,18:15 19 May,In-flight meal not included,10844,18,5,5,0,0,1135.0,1400
GoAir,Delhi,Cochin,DEL ? HYD ? COK,13:20,No info,5628,3,3,6,0,0,345.0,455
Jet Airways,Kolkata,Banglore,CCU ? BOM ? BLR,16:20 10 Jun,In-flight meal not included,10844,9,6,6,0,0,1135.0,1285
Multiple carriers,Delhi,Cochin,DEL ? BOM ? COK,19:15,No info,8937,15,6,5,0,0,510.0,645
IndiGo,Kolkata,Banglore,CCU ? BLR,16:55,No info,5618,6,3,2,0,0,860.0,155
Air India,Delhi,Cochin,DEL ? BOM ? COK,19:15,No info,6674,9,4,1,0,0,420.0,735
GoAir,Banglore,Delhi,BLR ? DEL,14:30,No info,3898,24,4,2,0,0,700.0,170
Jet Airways,Kolkata,Banglore,CCU ? BOM ? BLR,20:45 25 May,In-flight meal not included,10844,24,5,4,0,0,1135.0,1550
Air India,Delhi,Cochin,DEL ? CCU ? BOM ? COK,19:15 04 Jun,No info,13381,3,6,0,0,0,1215.0,1380
Air India,Delhi,Cochin,DEL ? HYD ? BOM ? COK,19:15 22 May,No info,11972,21,5,1,0,0,1035.0,1560
Jet Airways,Delhi,Cochin,DEL ? BOM ? COK,04:25 04 Mar,No info,17024,3,3,6,0,0,1050.0,655
IndiGo,Delhi,Cochin,DEL ? LKO ? COK,03:35 10 Apr,No info,7398,9,4,1,0,0,1310.0,345
Air India,Banglore,New Delhi,BLR ? VGA ? VTZ ? DEL,17:45,Change airports,17461,1,3,4,0,0,630.0,435
Jet Airways,Kolkata,Banglore,CCU ? BOM ? BLR,08:15 25 May,No info,13731,24,5,4,0,0,1200.0,735
Jet Airways,Banglore,New Delhi,BLR ? BOM ? DEL,08:15 16 Mar,No info,13555,18,3,0,0,0,1015.0,920
IndiGo,Kolkata,Banglore,CCU ? BLR,19:50,No info,4804,27,4,5,0,0,1035.0,155
Jet Airways,Delhi,Cochin,DEL ? BOM ? COK,19:00,No info,16289,21,5,1,0,0,425.0,715
IndiGo,Delhi,Cochin,DEL ? HYD ? COK,12:10,No info,7520,18,5,5,0,0,305.0,425
IndiGo,Delhi,Cochin,DEL ? BOM ? COK,01:30 19 May,No info,7503,18,5,5,0,0,635.0,895
Multiple carriers,Delhi,Cochin,DEL ? BOM ? COK,19:15,No info,8601,27,3,2,0,0,505.0,650
Jet Airways,Kolkata,Banglore,CCU ? BOM ? BLR,12:00 02 Apr,In-flight meal not included,7064,1,4,0,0,0,505.0,1655
Air Asia,Kolkata,Banglore,CCU ? DEL ? BLR,19:25,No info,5192,6,5,0,0,0,455.0,710
SpiceJet,Kolkata,Banglore,CCU ? IXB ? BLR,21:25,No info,9158,9,6,6,0,0,955.0,330
Multiple carriers,Delhi,Cochin,DEL ? BOM ? COK,01:35 07 Mar,No info,24318,6,3,2,0,0,1020.0,515
Multiple carriers,Delhi,Cochin,DEL ? HYD ? COK,18:10,No info,7038,21,5,1,0,0,430.0,660
IndiGo,Banglore,New Delhi,BLR ? DEL,01:10 25 Mar,No info,7303,24,3,6,0,0,1340.0,170
IndiGo,Banglore,New Delhi,BLR ? LKO ? DEL,10:10,No info,8021,15,3,4,0,0,325.0,285
Multiple carriers,Delhi,Cochin,DEL ? BOM ? COK,19:15,No info,14323,15,5,2,0,0,600.0,555
Air India,Kolkata,Banglore,CCU ? DEL ? BLR,20:25,No info,10203,6,6,3,0,0,420.0,805
Multiple carriers,Delhi,Cochin,DEL ? BOM ? COK,01:30 16 Jun,No info,7408,15,6,5,0,0,1140.0,390
IndiGo,Mumbai,Hyderabad,BOM ? HYD,22:45,No info,2227,27,3,2,0,0,1280.0,85
Multiple carriers,Delhi,Cochin,DEL ? BOM ? COK,19:15,No info,16108,15,6,5,0,0,690.0,465
Jet Airways,Delhi,Cochin,DEL ? BOM ? COK,12:35 16 Jun,In-flight meal not included,10262,15,6,5,0,0,1095.0,1100
Jet Airways,Delhi,Cochin,DEL ? BOM ? COK,19:00,No info,14714,9,6,6,0,0,540.0,600
Jet Airways,Delhi,Cochin,DEL ? BOM ? COK,19:00 04 Jun,In-flight meal not included,10262,3,6,0,0,0,1370.0,1210
IndiGo,Delhi,Cochin,DEL ? HYD ? COK,22:30,No info,7640,18,5,5,0,0,860.0,490
Vistara,Kolkata,Banglore,CCU ? DEL ? BLR,18:50,No info,8610,12,6,2,0,0,430.0,700
Jet Airways,Delhi,Cochin,DEL ? BOM ? COK,18:50,No info,12767,21,3,3,0,0,480.0,650
IndiGo,Delhi,Cochin,DEL ? BOM ? COK,21:00,No info,6093,12,6,2,0,0,530.0,730
IndiGo,Delhi,Cochin,DEL ? HYD ? COK,16:10,No info,6442,27,4,5,0,0,410.0,560
Jet Airways,Banglore,Delhi,BLR ? DEL,08:45,In-flight meal not included,4030,9,5,3,0,0,360.0,165
Multiple carriers,Delhi,Cochin,DEL ? BOM ? COK,21:00,No info,7408,6,6,3,0,0,780.0,480
Multiple carriers,Delhi,Cochin,DEL ? HYD ? COK,16:10,No info,10696,3,6,0,0,0,425.0,545
SpiceJet,Kolkata,Banglore,CCU ? BLR,11:30,No info,6982,12,3,1,0,0,540.0,150
IndiGo,Mumbai,Hyderabad,BOM ? HYD,20:35,No info,2754,9,6,6,0,0,1145.0,90
Air India,Banglore,New Delhi,BLR ? BOM ? DEL,12:15,No info,23677,1,3,4,0,0,405.0,330
Air India,Kolkata,Banglore,CCU ? GAU ? DEL ? BLR,08:55 02 May,No info,13227,1,5,2,0,0,590.0,1385
IndiGo,Mumbai,Hyderabad,BOM ? HYD,13:25,No info,2754,27,3,2,0,0,720.0,85
IndiGo,Delhi,Cochin,DEL ? BOM ? COK,21:00,No info,6758,18,5,5,0,0,295.0,965
Air India,Delhi,Cochin,DEL ? COK,17:10,No info,6934,18,5,5,0,0,850.0,180
Jet Airways,Delhi,Cochin,DEL ? IDR ? BOM ? COK,18:50,No info,18799,3,3,6,0,0,325.0,805
Jet Airways,Mumbai,Hyderabad,BOM ? HYD,21:05,No info,5678,6,5,0,0,0,1175.0,90
Jet Airways,Banglore,New Delhi,BLR ? BOM ? DEL,20:20,No info,27992,1,3,4,0,0,420.0,800
Jet Airways,Banglore,Delhi,BLR ? DEL,22:50,In-flight meal not included,4544,1,4,0,0,0,1190.0,180
Jet Airways,Kolkata,Banglore,CCU ? BOM ? BLR,16:20 07 May,In-flight meal not included,7757,6,5,0,0,0,1135.0,1285
IndiGo,Delhi,Cochin,DEL ? BLR ? COK,22:15,No info,6373,27,5,0,0,0,1025.0,310
Jet Airways,Delhi,Cochin,DEL ? NAG ? BOM ? COK,12:35 16 Jun,No info,13376,15,6,5,0,0,875.0,1320
IndiGo,Kolkata,Banglore,CCU ? BLR,16:55,No info,5644,3,6,0,0,0,865.0,150
Jet Airways,Kolkata,Banglore,CCU ? DEL ? BLR,21:05 07 May,No info,13067,6,5,0,0,0,1225.0,1480
Multiple carriers,Delhi,Cochin,DEL ? HYD ? COK,16:10,No info,6513,15,5,2,0,0,430.0,540
IndiGo,Mumbai,Hyderabad,BOM ? HYD,13:30,No info,4392,9,5,3,0,0,720.0,90
IndiGo,Kolkata,Banglore,CCU ? BLR,08:20,No info,4778,6,3,2,0,0,330.0,170
Jet Airways,Kolkata,Banglore,CCU ? BOM ? BLR,20:45 19 May,In-flight meal not included,10844,18,5,5,0,0,1200.0,1485
Air India,Kolkata,Banglore,CCU ? IXR ? DEL ? BLR,12:30 25 May,No info,12723,24,5,4,0,0,350.0,1840
Jet Airways,Kolkata,Banglore,CCU ? BOM ? BLR,09:15 25 Mar,In-flight meal not included,11134,24,3,6,0,0,1270.0,725
Jet Airways,Banglore,Delhi,BLR ? DEL,22:00,No info,7229,9,5,3,0,0,1135.0,185
Jet Airways,Delhi,Cochin,DEL ? BOM ? COK,04:25 07 Jun,In-flight meal not included,10262,6,6,3,0,0,690.0,1015
IndiGo,Kolkata,Banglore,CCU ? BLR,08:20,No info,4778,24,3,6,0,0,330.0,170
IndiGo,Banglore,New Delhi,BLR ? DEL,02:20 16 Mar,No info,8033,15,3,4,0,0,1410.0,170
Air India,Delhi,Cochin,DEL ? TRV ? COK,06:50 28 May,No info,8425,27,5,0,0,0,315.0,1535
Jet Airways,Delhi,Cochin,DEL ? NAG ? BOM ? COK,12:35 04 Jun,In-flight meal not included,10919,3,6,0,0,0,875.0,1320
Multiple carriers,Delhi,Cochin,DEL ? BOM ? COK,18:50,No info,15411,6,3,2,0,0,535.0,595
Air India,Delhi,Cochin,DEL ? HYD ? MAA ? COK,09:25 13 Jun,No info,10975,12,6,2,0,0,785.0,1220
Air India,Kolkata,Banglore,CCU ? GAU ? BLR,21:05 25 Mar,No info,6535,24,3,6,0,0,1005.0,1700
Jet Airways,Kolkata,Banglore,CCU ? GAU ? BLR,17:35,No info,8355,9,5,3,0,0,620.0,435
SpiceJet,Chennai,Kolkata,MAA ? CCU,20:05,No check-in baggage included,3543,18,6,1,0,0,1065.0,140
Vistara,Kolkata,Banglore,CCU ? DEL ? BLR,18:45 25 Mar,No info,12102,24,3,6,0,0,1220.0,1345
Jet Airways,Kolkata,Banglore,CCU ? DEL ? BLR,09:45 02 May,In-flight meal not included,9314,1,5,2,0,0,1020.0,1005
IndiGo,Delhi,Cochin,DEL ? BOM ? COK,01:30 19 May,No info,7503,18,5,5,0,0,1115.0,415
SpiceJet,Delhi,Cochin,DEL ? MAA ? COK,11:20,No info,9748,3,3,6,0,0,370.0,310
IndiGo,Kolkata,Banglore,CCU ? BLR,19:50,No info,4804,27,6,3,0,0,1035.0,155
Jet Airways,Kolkata,Banglore,CCU ? BOM ? BLR,16:20,In-flight meal not included,8586,9,5,3,0,0,390.0,590
Jet Airways,Delhi,Cochin,DEL ? LKO ? BOM ? COK,12:35 25 Jun,No info,13882,24,6,0,0,0,565.0,1630
Jet Airways,Banglore,Delhi,BLR ? DEL,18:45,No info,7229,21,5,1,0,0,950.0,175
Air India,Mumbai,Hyderabad,BOM ? HYD,07:40,No info,2575,24,3,6,0,0,380.0,80
IndiGo,Banglore,Delhi,BLR ? DEL,00:15 22 May,No info,3943,21,5,1,0,0,1275.0,180
SpiceJet,Delhi,Cochin,DEL ? PNQ ? COK,13:15,No check-in baggage included,4760,24,4,2,0,0,525.0,270
Jet Airways,Kolkata,Banglore,CCU ? BOM ? BLR,22:35,In-flight meal not included,8824,24,3,6,0,0,390.0,965
Air India,Delhi,Cochin,DEL ? BOM ? COK,19:15,No info,6902,21,3,3,0,0,540.0,615
Air Asia,Delhi,Cochin,DEL ? BLR ? COK,07:10 22 Mar,No info,6151,21,3,3,0,0,1005.0,865
Air India,Kolkata,Banglore,CCU ? BOM ? GOI ? BLR,05:35 22 May,No info,12324,21,5,1,0,0,1010.0,765
Jet Airways,Banglore,New Delhi,BLR ? BOM ? DEL,10:25,In-flight meal not included,11087,9,3,5,0,0,345.0,280
Air Asia,Kolkata,Banglore,CCU ? BLR,22:05,No info,5964,3,3,6,0,0,1175.0,150
Jet Airways,Kolkata,Banglore,CCU ? DEL ? BLR,22:05 02 May,No info,14151,1,5,2,0,0,1225.0,1540
Jet Airways,Kolkata,Banglore,CCU ? DEL ? BLR,14:25 16 May,No info,11467,15,5,2,0,0,575.0,1730
SpiceJet,Kolkata,Banglore,CCU ? BLR,00:40 22 May,No info,3873,21,5,1,0,0,1340.0,140
Multiple carriers,Delhi,Cochin,DEL ? BOM ? COK,01:35 22 Mar,No info,13542,21,3,3,0,0,900.0,635
Jet Airways,Kolkata,Banglore,CCU ? BOM ? BLR,08:15 22 May,In-flight meal not included,10844,21,5,1,0,0,1200.0,735
IndiGo,Banglore,New Delhi,BLR ? DEL,04:15,No info,6144,3,3,6,0,0,90.0,165
Jet Airways,Delhi,Cochin,DEL ? BOM ? COK,19:00,In-flight meal not included,10262,27,6,3,0,0,840.0,300
Air Asia,Banglore,Delhi,BLR ? DEL,13:55,No info,3383,6,4,5,0,0,670.0,165
Air India,Kolkata,Banglore,CCU ? DEL ? BLR,20:25 10 Jun,No info,10413,9,6,6,0,0,1050.0,1615
Jet Airways,Kolkata,Banglore,CCU ? DEL ? BLR,19:10,In-flight meal not included,13994,9,6,6,0,0,575.0,575
Air India,Kolkata,Banglore,CCU ? IXR ? DEL ? BLR,23:15,No info,13143,21,5,1,0,0,350.0,1045
Multiple carriers,Delhi,Cochin,DEL ? BOM ? COK,18:50,No info,13069,21,3,3,0,0,505.0,625
Jet Airways,Delhi,Cochin,DEL ? AMD ? BOM ? COK,12:35 28 May,No info,15129,27,5,0,0,0,1150.0,1045
GoAir,Banglore,Delhi,BLR ? DEL,23:40,No info,3898,9,6,6,0,0,1255.0,165
Jet Airways,Kolkata,Banglore,CCU ? BOM ? BLR,16:20,No info,13941,9,5,3,0,0,505.0,475
Air India,Banglore,New Delhi,BLR ? VGA ? DEL,11:20 19 Mar,No info,6383,21,3,3,0,0,630.0,1490
Multiple carriers,Delhi,Cochin,DEL ? BOM ? COK,21:00,In-flight meal not included,10406,1,6,5,0,0,425.0,835
IndiGo,Delhi,Cochin,DEL ? BOM ? COK,01:30 07 Jun,No info,5883,6,6,3,0,0,900.0,630
IndiGo,Delhi,Cochin,DEL ? BOM ? COK,21:00,No info,6838,27,3,2,0,0,645.0,615
Jet Airways,Kolkata,Banglore,CCU ? BOM ? BLR,19:50,No info,14781,21,5,1,0,0,390.0,800
Jet Airways,Delhi,Cochin,DEL ? BOM ? COK,04:25 10 Jun,In-flight meal not included,10577,9,6,6,0,0,1185.0,520
Multiple carriers,Delhi,Cochin,DEL ? HYD ? COK,22:30,No info,9646,15,5,2,0,0,785.0,565
Vistara,Delhi,Cochin,DEL ? COK,09:10,No info,6216,6,6,3,0,0,360.0,190
Jet Airways,Delhi,Cochin,DEL ? COK,14:15,No info,9564,12,5,6,0,0,660.0,195
Jet Airways,Kolkata,Banglore,CCU ? BOM ? BLR,04:40 02 May,No info,14781,1,5,2,0,0,1270.0,450
Jet Airways,Banglore,Delhi,BLR ? DEL,10:10,No info,7229,6,5,0,0,0,430.0,180
IndiGo,Kolkata,Banglore,CCU ? BLR,00:55 10 Mar,No info,4148,9,3,5,0,0,1330.0,165
Multiple carriers,Delhi,Cochin,DEL ? BOM ? COK,19:15,In-flight meal not included,7268,27,6,3,0,0,700.0,455
Air India,Kolkata,Banglore,CCU ? BLR,16:45,No info,6245,1,6,5,0,0,855.0,150
Jet Airways,Delhi,Cochin,DEL ? NAG ? BOM ? COK,04:25 02 Jun,No info,13376,1,6,5,0,0,405.0,1300
Air Asia,Banglore,Delhi,BLR ? DEL,02:45 19 Apr,No info,4483,18,4,3,0,0,1435.0,170
Jet Airways,Delhi,Cochin,DEL ? BOM ? COK,04:25 04 Jun,In-flight meal not included,11627,3,6,0,0,0,135.0,1570
Vistara,Kolkata,Banglore,CCU ? DEL ? BLR,09:10 25 Mar,No info,13310,24,3,6,0,0,1020.0,970
Jet Airways,Banglore,Delhi,BLR ? DEL,22:00,In-flight meal not included,7754,21,6,4,0,0,1135.0,185
IndiGo,Mumbai,Hyderabad,BOM ? HYD,20:35,No info,2754,1,4,0,0,0,1145.0,90
Air India,Delhi,Cochin,DEL ? GOI ? BOM ? COK,19:15 13 Jun,No info,10231,12,6,2,0,0,1320.0,1275
Jet Airways,Delhi,Cochin,DEL ? JAI ? BOM ? COK,12:35 04 Jun,In-flight meal not included,10368,3,6,0,0,0,580.0,1615
Air India,Delhi,Cochin,DEL ? HYD ? MAA ? COK,09:25 07 Jun,No info,11447,6,6,3,0,0,425.0,1580
Jet Airways,Delhi,Cochin,DEL ? IDR ? BOM ? COK,04:25 04 Mar,No info,18799,3,3,6,0,0,325.0,1380
IndiGo,Kolkata,Banglore,CCU ? BLR,17:45,No info,4462,9,3,5,0,0,910.0,155
Jet Airways,Kolkata,Banglore,CCU ? DEL ? BLR,19:10 13 May,No info,13067,12,5,6,0,0,1225.0,1365
Jet Airways,Kolkata,Banglore,CCU ? BOM ? BLR,19:50 02 Apr,No info,12681,1,4,0,0,0,1135.0,1495
Vistara,Chennai,Kolkata,MAA ? CCU,09:20,No info,3687,3,6,0,0,0,425.0,135
IndiGo,Delhi,Cochin,DEL ? BOM ? COK,01:35 28 Mar,No info,6628,27,3,2,0,0,1050.0,485
Air India,Delhi,Cochin,DEL ? BOM ? COK,07:40 10 Mar,No info,13832,9,3,5,0,0,1300.0,600
IndiGo,Banglore,New Delhi,BLR ? DEL,11:30,No info,6860,3,3,6,0,0,510.0,180
Air India,Kolkata,Banglore,CCU ? BBI ? BOM ? BLR,11:10 13 May,No info,10676,12,5,6,0,0,720.0,1390
Jet Airways,Delhi,Cochin,DEL ? BOM ? COK,04:25 04 Jun,No info,14714,3,6,0,0,0,1370.0,335
Jet Airways,Delhi,Cochin,DEL ? BOM ? COK,19:00 13 Jun,In-flight meal not included,10262,12,6,2,0,0,1185.0,1395
IndiGo,Mumbai,Hyderabad,BOM ? HYD,20:35,No info,2754,21,5,1,0,0,1145.0,90
Air Asia,Kolkata,Banglore,CCU ? DEL ? BLR,22:55,No info,6785,24,3,6,0,0,455.0,920
Multiple carriers,Delhi,Cochin,DEL ? BOM ? COK,01:30 22 May,No info,14067,21,5,1,0,0,960.0,570
Jet Airways,Delhi,Cochin,DEL ? ATQ ? BOM ? COK,04:25 22 May,In-flight meal not included,15318,21,5,1,0,0,1200.0,505
Jet Airways,Delhi,Cochin,DEL ? BOM ? COK,04:25 10 Mar,In-flight meal not included,14053,9,3,5,0,0,1095.0,610
Jet Airways,Mumbai,Hyderabad,BOM ? HYD,08:30,No info,8040,27,6,3,0,0,425.0,85
Air India,Kolkata,Banglore,CCU ? IXR ? DEL ? BLR,08:55 07 Jun,No info,12723,6,6,3,0,0,350.0,1625
Jet Airways,Delhi,Cochin,DEL ? BOM ? COK,12:35 28 Jun,In-flight meal not included,10262,27,6,3,0,0,840.0,1355
Air Asia,Delhi,Cochin,DEL ? BLR ? COK,07:10 28 Mar,No info,6151,27,3,2,0,0,1005.0,865
SpiceJet,Delhi,Cochin,DEL ? BLR ? COK,22:50,No info,5409,3,6,0,0,0,1075.0,295
Vistara,Kolkata,Banglore,CCU ? DEL ? BLR,20:20 22 May,No info,9345,21,5,1,0,0,1220.0,1440
Air India,Delhi,Cochin,DEL ? JDH ? BOM ? COK,19:15 16 Jun,No info,12646,15,6,5,0,0,775.0,1820
Jet Airways,Delhi,Cochin,DEL ? AMD ? BOM ? COK,12:35 28 Jun,In-flight meal not included,11150,27,6,3,0,0,805.0,1390
IndiGo,Mumbai,Hyderabad,BOM ? HYD,18:25,No info,4784,6,3,2,0,0,1015.0,90
Jet Airways,Delhi,Cochin,DEL ? BOM ? COK,04:25 28 Mar,No info,12242,27,3,2,0,0,1310.0,395
Air Asia,Kolkata,Banglore,CCU ? DEL ? BLR,10:40 10 Jun,No info,11323,9,6,6,0,0,1360.0,720
Air Asia,Kolkata,Banglore,CCU ? BLR,22:25,No info,4409,18,4,3,0,0,1195.0,150
Jet Airways,Banglore,New Delhi,BLR ? BOM ? DEL,21:20,No info,16736,6,3,2,0,0,535.0,745
Air India,Mumbai,Hyderabad,BOM ? HYD,20:45,No info,3100,27,5,0,0,0,1170.0,75
Jet Airways,Delhi,Cochin,DEL ? JAI ? BOM ? COK,19:00,In-flight meal not included,13029,18,5,5,0,0,330.0,810
IndiGo,Kolkata,Banglore,CCU ? BLR,16:55,No info,4804,12,6,2,0,0,865.0,150
Vistara,Kolkata,Banglore,CCU ? DEL ? BLR,20:20,No info,9555,24,5,4,0,0,430.0,790
Jet Airways,Delhi,Cochin,DEL ? BOM ? COK,12:35 28 Jun,In-flight meal not included,10262,27,6,3,0,0,900.0,1295
Air Asia,Kolkata,Banglore,CCU ? BLR,22:05,No info,5964,24,3,6,0,0,1175.0,150
IndiGo,Delhi,Cochin,DEL ? BLR ? COK,07:45,No info,6386,12,6,2,0,0,120.0,345
Air India,Delhi,Cochin,DEL ? BOM ? COK,19:15,No info,6377,9,4,1,0,0,480.0,675
SpiceJet,Chennai,Kolkata,MAA ? CCU,10:35,No check-in baggage included,3807,18,3,0,0,0,500.0,135
Multiple carriers,Delhi,Cochin,DEL ? BOM ? COK,01:30 04 Jun,No info,13377,3,6,0,0,0,960.0,570
SpiceJet,Kolkata,Banglore,CCU ? BLR,11:25,No check-in baggage included,3841,12,4,4,0,0,540.0,145
Air India,Kolkata,Banglore,CCU ? MAA ? BLR,14:35 07 Jun,No info,6528,6,6,3,0,0,875.0,1440
Air India,Mumbai,Hyderabad,BOM ? HYD,07:40,No info,3100,24,5,4,0,0,380.0,80
Vistara,Chennai,Kolkata,MAA ? CCU,10:00,No info,3687,24,6,0,0,0,465.0,135
Jet Airways,Banglore,New Delhi,BLR ? BOM ? DEL,05:05 07 Mar,No info,14815,6,3,2,0,0,480.0,1265
IndiGo,Banglore,Delhi,BLR ? DEL,06:50,No info,3943,12,6,2,0,0,240.0,170
Jet Airways,Delhi,Cochin,DEL ? BOM ? COK,04:25 13 Jun,No info,14714,12,6,2,0,0,1255.0,450
SpiceJet,Kolkata,Banglore,CCU ? MAA ? BLR,20:20,No info,4859,24,4,2,0,0,905.0,315
Jet Airways,Kolkata,Banglore,CCU ? BOM ? BLR,22:35,In-flight meal not included,10844,18,5,5,0,0,845.0,510
IndiGo,Banglore,New Delhi,BLR ? HYD ? DEL,17:05,No info,4410,18,3,0,0,0,730.0,295
IndiGo,Mumbai,Hyderabad,BOM ? HYD,04:05,No info,2754,21,5,1,0,0,155.0,90
Jet Airways,Banglore,Delhi,BLR ? DEL,22:50,No info,7229,6,4,5,0,0,1190.0,180
IndiGo,Banglore,New Delhi,BLR ? DEL,02:20 10 Mar,No info,5694,9,3,5,0,0,1410.0,170
Multiple carriers,Delhi,Cochin,DEL ? BOM ? COK,01:30 10 May,No info,9424,9,5,3,0,0,1020.0,510
Jet Airways,Delhi,Cochin,DEL ? BOM ? COK,19:00 16 Jun,In-flight meal not included,10262,15,6,5,0,0,1185.0,1395
Air India,Delhi,Cochin,DEL ? HYD ? BOM ? COK,07:40 10 Jun,No info,12199,9,6,6,0,0,1035.0,865
Vistara,Banglore,Delhi,BLR ? DEL,14:20,No info,4668,6,5,0,0,0,690.0,170
Jet Airways,Banglore,New Delhi,BLR ? BOM ? DEL,00:45 19 Mar,In-flight meal not included,7832,21,3,3,0,0,345.0,1140
SpiceJet,Banglore,New Delhi,BLR ? DEL,12:30,No info,4945,21,3,3,0,0,575.0,175
Air India,Banglore,New Delhi,BLR ? CCU ? GAU ? DEL,22:10 07 Mar,No info,11791,3,3,6,0,0,350.0,2420
SpiceJet,Kolkata,Banglore,CCU ? BLR,09:30,No check-in baggage included,3841,12,4,4,0,0,415.0,155
GoAir,Banglore,Delhi,BLR ? DEL,23:40,No info,4239,3,4,2,0,0,1255.0,165
Jet Airways,Banglore,New Delhi,BLR ? BOM ? DEL,00:45 07 Mar,No info,14815,6,3,2,0,0,845.0,640
Jet Airways,Delhi,Cochin,DEL ? JAI ? BOM ? COK,19:00,No info,13014,9,6,6,0,0,580.0,560
Multiple carriers,Delhi,Cochin,DEL ? BOM ? COK,19:00,No info,11789,9,6,6,0,0,620.0,520
Jet Airways,Kolkata,Banglore,CCU ? BOM ? BLR,04:45 25 Mar,In-flight meal not included,10031,24,3,6,0,0,1185.0,540
Air India,Kolkata,Banglore,CCU ? BOM ? HBX ? BLR,17:20 16 May,No info,13616,15,5,2,0,0,565.0,1915
Multiple carriers,Delhi,Cochin,DEL ? BOM ? COK,01:35 22 Mar,No info,6838,21,3,3,0,0,1140.0,395
Jet Airways,Banglore,Delhi,BLR ? DEL,20:45,No info,7229,24,5,4,0,0,1065.0,180
IndiGo,Banglore,Delhi,BLR ? DEL,08:50,No info,4990,12,4,4,0,0,365.0,165
GoAir,Delhi,Cochin,DEL ? BOM ? COK,12:55,No info,5752,27,5,0,0,0,420.0,355
Multiple carriers,Delhi,Cochin,DEL ? IDR ? BOM ? COK,01:30 10 May,No info,18191,9,5,3,0,0,905.0,625
Jet Airways,Kolkata,Banglore,CCU ? DEL ? BLR,09:45 13 Jun,In-flight meal not included,10539,12,6,2,0,0,1225.0,800
Air Asia,Delhi,Cochin,DEL ? BLR ? COK,07:10 10 Mar,No info,8327,9,3,5,0,0,1005.0,865
Jet Airways,Kolkata,Banglore,CCU ? BOM ? BLR,22:35,In-flight meal not included,10844,24,5,4,0,0,845.0,510
SpiceJet,Kolkata,Banglore,CCU ? BLR,00:40 13 Jun,No info,3873,12,6,2,0,0,1340.0,140
Jet Airways,Banglore,New Delhi,BLR ? BOM ? DEL,10:25 16 Mar,No info,13555,18,3,0,0,0,1285.0,780
Jet Airways,Kolkata,Banglore,CCU ? BOM ? BLR,18:15 25 May,In-flight meal not included,10844,24,5,4,0,0,1200.0,1335
Vistara,Banglore,Delhi,BLR ? DEL,23:50,No info,5403,1,4,0,0,0,1260.0,170
Air India,Kolkata,Banglore,CCU ? BLR,23:20,No info,4145,21,5,1,0,0,1245.0,155
Jet Airways,Delhi,Cochin,DEL ? BOM ? COK,19:00 10 Jun,In-flight meal not included,10577,9,6,6,0,0,1155.0,1425
Air India,Delhi,Cochin,DEL ? HYD ? MAA ? COK,09:25 10 May,No info,9925,9,5,3,0,0,585.0,1420
IndiGo,Mumbai,Hyderabad,BOM ? HYD,20:35,No info,2754,15,6,5,0,0,1145.0,90
Air India,Kolkata,Banglore,CCU ? GAU ? BLR,21:05 10 May,No info,7662,9,5,3,0,0,1005.0,1700
Jet Airways,Mumbai,Hyderabad,BOM ? DEL ? HYD,16:35,No info,22294,12,3,1,0,0,180.0,815
IndiGo,Banglore,New Delhi,BLR ? DEL,15:50,No info,6144,15,3,4,0,0,780.0,170
Jet Airways,Mumbai,Hyderabad,BOM ? BDQ ? DEL ? HYD,16:50 07 Mar,No info,24210,6,3,2,0,0,1190.0,1260
Multiple carriers,Delhi,Cochin,DEL ? BOM ? COK,01:35 28 Mar,No info,12327,27,3,2,0,0,780.0,755
SpiceJet,Mumbai,Hyderabad,BOM ? HYD,14:30,No info,2437,18,3,0,0,0,790.0,80
SpiceJet,Mumbai,Hyderabad,BOM ? HYD,07:15,No info,2753,12,6,2,0,0,345.0,90
Jet Airways,Kolkata,Banglore,CCU ? DEL ? BLR,23:35,No info,14151,21,5,1,0,0,575.0,840
Vistara,Chennai,Kolkata,MAA ? CCU,20:05,No info,11982,21,6,4,0,0,1065.0,140
IndiGo,Delhi,Cochin,DEL ? HYD ? MAA ? COK,21:20,No info,9413,3,3,6,0,0,715.0,565
Air India,Delhi,Cochin,DEL ? HYD ? BOM ? COK,19:15 16 May,No info,13022,15,5,2,0,0,1035.0,1560
GoAir,Kolkata,Banglore,CCU ? HYD ? BLR,14:35,No info,3673,9,6,6,0,0,400.0,475
Jet Airways,Delhi,Cochin,DEL ? BOM ? COK,04:25 07 Mar,No info,15764,6,3,2,0,0,1340.0,365
Jet Airways,Delhi,Cochin,DEL ? IDR ? BOM ? COK,12:35 25 Jun,No info,12609,24,6,0,0,0,1285.0,910
Jet Airways Business,Banglore,New Delhi,BLR ? MAA ? DEL,14:25,Business class,57209,1,3,4,0,0,585.0,280
Vistara,Banglore,Delhi,BLR ? DEL,12:35,No info,5613,6,4,5,0,0,585.0,170
Multiple carriers,Delhi,Cochin,DEL ? BOM ? COK,19:15,No info,6630,21,3,3,0,0,285.0,870
Jet Airways,Mumbai,Hyderabad,BOM ? HYD,21:05,No info,5678,27,6,3,0,0,1175.0,90
Jet Airways,Banglore,New Delhi,BLR ? BOM ? DEL,07:40 19 Mar,In-flight meal not included,7045,21,3,3,0,0,1370.0,530
IndiGo,Kolkata,Banglore,CCU ? BLR,16:55,No info,4148,9,3,5,0,0,860.0,155
Air India,Banglore,New Delhi,BLR ? VGA ? DEL,22:55,No info,11003,3,3,6,0,0,630.0,745
Air India,Delhi,Cochin,DEL ? MAA ? COK,09:25 19 May,No info,7480,18,5,5,0,0,365.0,1640
IndiGo,Kolkata,Banglore,CCU ? BLR,00:50 13 May,No info,4804,12,5,6,0,0,1335.0,155
Jet Airways,Mumbai,Hyderabad,BOM ? HYD,04:20,In-flight meal not included,4050,12,5,6,0,0,175.0,85
Air India,Banglore,Delhi,BLR ? DEL,12:45,No info,6961,27,6,3,0,0,600.0,165
Jet Airways,Delhi,Cochin,DEL ? BOM ? COK,19:00 04 Jun,In-flight meal not included,10262,3,6,0,0,0,960.0,1620
Air Asia,Banglore,Delhi,BLR ? DEL,02:45 13 Jun,No info,3383,12,6,2,0,0,1435.0,170
Air India,Delhi,Cochin,DEL ? BLR ? COK,23:00 10 Mar,No info,8119,9,3,5,0,0,1230.0,1590
Jet Airways,Delhi,Cochin,DEL ? BOM ? COK,19:00,No info,14714,6,6,3,0,0,135.0,1005
Multiple carriers,Delhi,Cochin,DEL ? BOM ? COK,19:00,No info,13259,3,6,0,0,0,360.0,780
GoAir,Banglore,New Delhi,BLR ? DEL,10:40,No info,7222,3,3,6,0,0,465.0,175
Air Asia,Delhi,Cochin,DEL ? BLR ? COK,07:10 10 May,No info,7353,9,5,3,0,0,1005.0,865
Jet Airways,Kolkata,Banglore,CCU ? BOM ? BLR,08:15 25 May,No info,14178,24,5,4,0,0,1270.0,665
Jet Airways,Banglore,New Delhi,BLR ? BOM ? DEL,05:05 02 Mar,No info,26890,1,3,4,0,0,420.0,1325
Air India,Mumbai,Hyderabad,BOM ? HYD,20:45,No info,3625,12,5,6,0,0,1170.0,75
Multiple carriers,Delhi,Cochin,DEL ? BOM ? COK,19:15,No info,9001,3,6,0,0,0,700.0,455
Air India,Kolkata,Banglore,CCU ? BLR,23:20,No info,4145,27,5,0,0,0,1245.0,155
Jet Airways,Delhi,Cochin,DEL ? BHO ? BOM ? COK,12:35,In-flight meal not included,15544,9,5,3,0,0,330.0,425
SpiceJet,Mumbai,Hyderabad,BOM ? HYD,14:45,No info,2017,15,6,5,0,0,795.0,90
Air India,Kolkata,Banglore,CCU ? DEL ? AMD ? BLR,05:25 16 May,No info,14424,15,5,2,0,0,600.0,1165
GoAir,Kolkata,Banglore,CCU ? BLR,17:55,No info,3514,15,6,5,0,0,920.0,155
IndiGo,Delhi,Cochin,DEL ? BOM ? COK,01:30 28 May,No info,6628,27,5,0,0,0,1115.0,415
Jet Airways,Delhi,Cochin,DEL ? AMD ? BOM ? COK,04:25 17 Jun,No info,15339,15,6,5,0,0,1385.0,1760
Air India,Banglore,New Delhi,BLR ? DEL,23:55,No info,7591,9,3,5,0,0,1270.0,165
Jet Airways,Delhi,Cochin,DEL ? BOM ? COK,04:25 02 Jun,In-flight meal not included,10262,1,6,5,0,0,690.0,1015
Jet Airways,Kolkata,Banglore,CCU ? BOM ? BLR,16:20,In-flight meal not included,10844,21,5,1,0,0,390.0,590
Jet Airways,Delhi,Cochin,DEL ? JAI ? BOM ? COK,04:25 07 Jun,No info,13014,6,6,3,0,0,580.0,1125
Air India,Kolkata,Banglore,CCU ? GAU ? BLR,21:05 19 May,No info,7872,18,5,5,0,0,1005.0,1700
IndiGo,Delhi,Cochin,DEL ? COK,17:40,No info,6541,15,5,2,0,0,865.0,195
Air India,Banglore,New Delhi,BLR ? COK ? DEL,23:20,No info,6987,15,3,4,0,0,415.0,985
IndiGo,Banglore,Delhi,BLR ? DEL,21:50,No info,4823,1,6,5,0,0,1135.0,175
Air India,Banglore,Delhi,BLR ? DEL,08:45,No info,6961,21,5,1,0,0,345.0,180
Jet Airways,Kolkata,Banglore,CCU ? BOM ? BLR,18:15,In-flight meal not included,9899,12,6,2,0,0,390.0,705
Jet Airways,Banglore,New Delhi,BLR ? MAA ? DEL,16:00,No info,12295,12,3,1,0,0,585.0,375
Air India,Kolkata,Banglore,CCU ? BBI ? HYD ? BLR,11:05 13 Jun,No info,6117,12,6,2,0,0,550.0,1555
SpiceJet,Chennai,Kolkata,MAA ? CCU,12:00,No check-in baggage included,3543,1,5,2,0,0,585.0,135
Air India,Delhi,Cochin,DEL ? AMD ? BOM ? COK,19:15 07 Mar,No info,12646,6,3,2,0,0,1000.0,1595
SpiceJet,Banglore,Delhi,BLR ? DEL,00:05 19 May,No check-in baggage included,3919,18,5,5,0,0,1270.0,175
Air India,Banglore,New Delhi,BLR ? MAA ? DEL,11:35 16 Mar,No info,6982,15,3,4,0,0,710.0,1425
Vistara,Kolkata,Banglore,CCU ? DEL ? BLR,18:45 25 Mar,No info,13100,24,3,6,0,0,1020.0,1545
Jet Airways,Delhi,Cochin,DEL ? BOM ? COK,19:00,No info,16079,27,5,0,0,0,540.0,600
Multiple carriers,Delhi,Cochin,DEL ? BOM ? COK,19:15,No info,13082,9,3,5,0,0,400.0,755
Air India,Banglore,Delhi,BLR ? DEL,16:10,No info,6121,3,5,4,0,0,800.0,170
IndiGo,Banglore,Delhi,BLR ? DEL,19:55,No info,4823,12,6,2,0,0,1015.0,180
Jet Airways,Kolkata,Banglore,CCU ? BOM ? BLR,04:40 19 May,No info,13941,18,5,5,0,0,1135.0,585
Jet Airways,Banglore,Delhi,BLR ? DEL,22:00,In-flight meal not included,4544,3,4,2,0,0,1135.0,185
Air India,Kolkata,Banglore,CCU ? BLR,23:20,No info,4145,15,4,0,0,0,1245.0,155
SpiceJet,Banglore,Delhi,BLR ? DEL,00:05 07 Apr,No check-in baggage included,3919,6,4,5,0,0,1270.0,175
Vistara,Chennai,Kolkata,MAA ? CCU,20:05,No info,11982,1,6,5,0,0,1065.0,140
IndiGo,Delhi,Cochin,DEL ? MAA ? COK,07:25,No info,5636,27,6,3,0,0,120.0,325
Air India,Delhi,Cochin,DEL ? AMD ? BOM ? COK,19:15 28 Mar,No info,8656,27,3,2,0,0,1000.0,1595
Jet Airways,Kolkata,Banglore,CCU ? BOM ? BLR,22:35,In-flight meal not included,10844,12,5,6,0,0,990.0,365
Multiple carriers,Delhi,Cochin,DEL ? HYD ? COK,16:10,No info,9856,24,6,0,0,0,425.0,545
IndiGo,Banglore,Delhi,BLR ? DEL,06:50,No info,3943,9,4,1,0,0,240.0,170
Air India,Banglore,New Delhi,BLR ? BOM ? AMD ? DEL,08:45 07 Mar,No info,11570,3,3,6,0,0,1045.0,920
Air Asia,Kolkata,Banglore,CCU ? BLR,22:25,No info,4409,12,4,4,0,0,1195.0,150
Air India,Delhi,Cochin,DEL ? COK,17:10,No info,6934,1,6,5,0,0,850.0,180
Jet Airways,Banglore,New Delhi,BLR ? BOM ? DEL,10:25 13 Mar,No info,13817,12,3,1,0,0,1375.0,690
Jet Airways,Kolkata,Banglore,CCU ? DEL ? BLR,09:45 10 May,No info,12121,9,5,3,0,0,575.0,1450
IndiGo,Kolkata,Banglore,CCU ? BLR,19:50,No info,4804,18,6,1,0,0,1035.0,155
Jet Airways,Banglore,Delhi,BLR ? DEL,11:20,In-flight meal not included,5769,12,6,2,0,0,500.0,180
SpiceJet,Kolkata,Banglore,CCU ? BLR,17:25,No info,4174,18,5,5,0,0,895.0,150
SpiceJet,Banglore,New Delhi,BLR ? DEL,12:30,No info,6309,24,3,6,0,0,575.0,175
SpiceJet,Mumbai,Hyderabad,BOM ? HYD,07:15,No check-in baggage included,1965,18,5,5,0,0,345.0,90
Multiple carriers,Delhi,Cochin,DEL ? BOM ? COK,21:00,In-flight meal not included,10406,27,5,0,0,0,425.0,835
Air India,Kolkata,Banglore,CCU ? BBI ? BLR,13:15,No info,8996,12,5,6,0,0,550.0,245
Jet Airways,Kolkata,Banglore,CCU ? BOM ? BLR,18:15,In-flight meal not included,10844,1,5,2,0,0,505.0,590
Multiple carriers,Delhi,Cochin,DEL ? BOM ? COK,01:30 28 Jun,No info,13377,27,6,3,0,0,1095.0,435
SpiceJet,Kolkata,Banglore,CCU ? KNU ? BLR,18:50,No info,8479,1,5,2,0,0,695.0,435
Jet Airways,Banglore,New Delhi,BLR ? BOM ? DEL,09:00 02 Mar,No info,31825,1,3,4,0,0,1120.0,860
GoAir,Banglore,New Delhi,BLR ? DEL,23:50,No info,5706,24,3,6,0,0,1255.0,175
Jet Airways,Banglore,New Delhi,BLR ? BOM ? DEL,08:15 16 Mar,No info,12284,18,3,0,0,0,700.0,1235
Jet Airways,Banglore,Delhi,BLR ? DEL,11:20,In-flight meal not included,4544,24,4,2,0,0,500.0,180
Jet Airways,Delhi,Cochin,DEL ? BOM ? COK,18:50,In-flight meal not included,6017,27,3,2,0,0,690.0,440
Jet Airways,Kolkata,Banglore,CCU ? BOM ? BLR,16:20,No info,14781,21,5,1,0,0,505.0,475
Air India,Delhi,Cochin,DEL ? JDH ? BOM ? COK,19:15 07 Jun,No info,12646,6,6,3,0,0,775.0,1820
IndiGo,Chennai,Kolkata,MAA ? CCU,14:00,No info,3858,9,6,6,0,0,695.0,145
SpiceJet,Delhi,Cochin,DEL ? BLR ? COK,22:50,No info,4957,1,4,0,0,0,1075.0,295
Jet Airways,Delhi,Cochin,DEL ? BOM ? COK,12:35 25 Jun,In-flight meal not included,10262,24,6,0,0,0,1050.0,1145
Jet Airways,Kolkata,Banglore,CCU ? BOM ? BLR,23:25 25 Mar,In-flight meal not included,10031,24,3,6,0,0,1185.0,1660
Jet Airways,Kolkata,Banglore,CCU ? BOM ? BLR,09:20 13 May,No info,14388,12,5,6,0,0,1135.0,865
Jet Airways,Kolkata,Banglore,CCU ? BOM ? BLR,22:35 16 May,In-flight meal not included,10844,15,5,2,0,0,1135.0,1660
Jet Airways,Delhi,Cochin,DEL ? AMD ? BOM ? COK,19:45 28 Mar,In-flight meal not included,8882,27,3,2,0,0,1150.0,1475
Jet Airways,Delhi,Cochin,DEL ? JAI ? BOM ? COK,12:35 25 Jun,No info,13014,24,6,0,0,0,580.0,1615
Air India,Kolkata,Banglore,CCU ? BOM ? BLR,18:30,No info,8366,6,6,3,0,0,565.0,545
IndiGo,Delhi,Cochin,DEL ? COK,17:40,No info,6015,1,6,5,0,0,865.0,195
Jet Airways,Delhi,Cochin,DEL ? AMD ? BOM ? COK,18:50 08 Mar,No info,20694,6,3,2,0,0,1150.0,2860
Jet Airways,Delhi,Cochin,DEL ? BOM ? COK,18:50,No info,17024,3,3,6,0,0,425.0,705
Multiple carriers,Delhi,Cochin,DEL ? HYD ? COK,22:20,No info,14762,1,3,4,0,0,875.0,465
Air India,Mumbai,Hyderabad,BOM ? HYD,07:40,No info,3625,1,5,2,0,0,380.0,80
IndiGo,Mumbai,Hyderabad,BOM ? HYD,21:35,No info,2227,18,3,0,0,0,1205.0,90
IndiGo,Kolkata,Banglore,CCU ? BLR,12:20,No info,4804,24,4,2,0,0,575.0,165
Jet Airways,Mumbai,Hyderabad,BOM ? HYD,04:20,No info,5678,9,6,6,0,0,175.0,85
Jet Airways,Mumbai,Hyderabad,BOM ? HYD,08:35,In-flight meal not included,2470,24,3,6,0,0,430.0,85
Jet Airways,Banglore,New Delhi,BLR ? BOM ? DEL,18:25,No info,12284,18,3,0,0,0,700.0,405
IndiGo,Banglore,Delhi,BLR ? DEL,01:00 13 Jun,No info,3419,12,6,2,0,0,1330.0,170
Jet Airways,Delhi,Cochin,DEL ? BOM ? COK,04:25 22 Mar,No info,12767,21,3,3,0,0,900.0,805
Vistara,Banglore,Delhi,BLR ? DEL,23:50,No info,4668,18,5,5,0,0,1260.0,170
SpiceJet,Banglore,Delhi,BLR ? DEL,00:05 16 May,No info,3625,15,5,2,0,0,1270.0,175
SpiceJet,Chennai,Kolkata,MAA ? CCU,12:00,No info,3597,27,5,0,0,0,585.0,135
IndiGo,Kolkata,Banglore,CCU ? BLR,17:45,No info,5224,21,4,6,0,0,915.0,150
IndiGo,Delhi,Cochin,DEL ? BLR ? COK,22:25,No info,6147,15,6,5,0,0,1025.0,320
Jet Airways,Banglore,Delhi,BLR ? DEL,18:45,No info,8016,18,6,1,0,0,950.0,175
Air India,Kolkata,Banglore,CCU ? BBI ? BOM ? BLR,11:10 02 May,No info,11148,1,5,2,0,0,720.0,1390
Jet Airways,Delhi,Cochin,DEL ? NAG ? BOM ? COK,04:25 16 Jun,No info,13376,15,6,5,0,0,875.0,830
Air India,Delhi,Cochin,DEL ? LKO ? BOM ? COK,19:15 13 Jun,No info,12488,12,6,2,0,0,1110.0,1485
Jet Airways,Delhi,Cochin,DEL ? BOM ? COK,04:25 22 Mar,In-flight meal not included,6017,21,3,3,0,0,900.0,805
IndiGo,Banglore,Delhi,BLR ? DEL,11:20,No info,4823,15,6,5,0,0,510.0,170
Air India,Delhi,Cochin,DEL ? MAA ? COK,09:25 22 Mar,No info,7532,21,3,3,0,0,585.0,1420
Air India,Kolkata,Banglore,CCU ? BOM ? GOI ? BLR,05:35 10 Jun,No info,11432,9,6,6,0,0,565.0,1210
Vistara,Banglore,Delhi,BLR ? DEL,22:15,No info,5088,6,6,3,0,0,1170.0,165
SpiceJet,Delhi,Cochin,DEL ? MAA ? COK,11:20,No info,5351,27,3,2,0,0,370.0,310
Vistara,Kolkata,Banglore,CCU ? DEL ? BLR,23:25,No info,8610,12,6,2,0,0,430.0,975
Jet Airways,Delhi,Cochin,DEL ? BHO ? BOM ? COK,04:25 07 Mar,In-flight meal not included,17271,6,3,2,0,0,340.0,1365
Jet Airways,Kolkata,Banglore,CCU ? DEL ? BLR,14:25 22 May,In-flight meal not included,9314,21,5,1,0,0,1020.0,1285
SpiceJet,Kolkata,Banglore,CCU ? BLR,00:40 28 Mar,No info,3847,27,3,2,0,0,1340.0,140
Air India,Delhi,Cochin,DEL ? BOM ? COK,19:15,No info,8372,15,5,2,0,0,540.0,615
Multiple carriers,Delhi,Cochin,DEL ? BOM ? COK,19:00,No info,10877,15,6,5,0,0,635.0,505
SpiceJet,Banglore,Delhi,BLR ? DEL,12:20,No info,4423,12,5,6,0,0,570.0,170
IndiGo,Chennai,Kolkata,MAA ? CCU,00:30 13 Mar,No info,6297,15,3,4,0,0,1325.0,145
Vistara,Delhi,Cochin,DEL ? COK,17:50,No info,6216,27,6,3,0,0,880.0,190
Multiple carriers,Delhi,Cochin,DEL ? BOM ? COK,21:00,No info,7933,6,6,3,0,0,600.0,660
Multiple carriers,Delhi,Cochin,DEL ? BOM ? COK,12:35,No info,10678,15,6,5,0,0,295.0,460
SpiceJet,Mumbai,Hyderabad,BOM ? HYD,00:10 19 Mar,No info,2017,18,3,0,0,0,1365.0,85
IndiGo,Delhi,Cochin,DEL ? COK,17:35,No info,5000,18,6,1,0,0,860.0,195
Air India,Delhi,Cochin,DEL ? BHO ? BOM ? COK,19:15,No info,18736,9,3,5,0,0,355.0,800
Jet Airways,Banglore,Delhi,BLR ? DEL,10:10,In-flight meal not included,4030,1,5,2,0,0,430.0,180
Jet Airways,Delhi,Cochin,DEL ? JAI ? BOM ? COK,12:35 19 May,In-flight meal not included,10368,18,5,5,0,0,1170.0,1025
Jet Airways,Kolkata,Banglore,CCU ? BOM ? BLR,09:20 07 May,In-flight meal not included,9663,6,5,0,0,0,990.0,1010
Vistara,Banglore,Delhi,BLR ? DEL,22:15,No info,5613,15,4,0,0,0,1170.0,165
Jet Airways,Kolkata,Banglore,CCU ? BOM ? BLR,08:15 10 May,In-flight meal not included,7757,9,5,3,0,0,845.0,1090
IndiGo,Delhi,Cochin,DEL ? HYD ? COK,16:10,No info,6442,15,6,5,0,0,455.0,515
IndiGo,Mumbai,Hyderabad,BOM ? HYD,20:35,No info,2754,6,5,0,0,0,1145.0,90
Air India,Banglore,New Delhi,BLR ? DEL,08:55,No info,3758,24,3,6,0,0,370.0,165
Air Asia,Delhi,Cochin,DEL ? BLR ? COK,22:25,No info,6152,12,6,2,0,0,475.0,870
Multiple carriers,Delhi,Cochin,DEL ? BOM ? COK,21:00,No info,7618,21,3,3,0,0,420.0,840
Air India,Delhi,Cochin,DEL ? AMD ? BOM ? COK,19:15 04 Mar,No info,12646,3,3,6,0,0,1185.0,1410
Jet Airways,Kolkata,Banglore,CCU ? BOM ? BLR,22:35,No info,14781,15,5,2,0,0,845.0,510
Multiple carriers,Delhi,Cochin,DEL ? BOM ? COK,01:30 28 Jun,No info,13377,27,6,3,0,0,600.0,930
Jet Airways,Delhi,Cochin,DEL ? COK,14:15,No info,9564,27,5,0,0,0,660.0,195
GoAir,Banglore,New Delhi,BLR ? DEL,14:35,No info,6113,15,3,4,0,0,700.0,175
Air India,Banglore,New Delhi,BLR ? BOM ? BHO ? DEL,09:25 02 Mar,2 Long layover,26480,1,3,4,0,0,405.0,1600
Jet Airways,Banglore,Delhi,BLR ? DEL,10:10,In-flight meal not included,5769,12,6,2,0,0,430.0,180
SpiceJet,Mumbai,Hyderabad,BOM ? HYD,07:05,No info,1759,27,3,2,0,0,345.0,80
IndiGo,Delhi,Cochin,DEL ? BOM ? COK,01:30 13 Jun,No info,5883,12,6,2,0,0,1030.0,500
Air India,Banglore,Delhi,BLR ? DEL,12:45,No info,5176,3,4,2,0,0,600.0,165
IndiGo,Kolkata,Banglore,CCU ? BLR,23:10,No info,4804,27,6,3,0,0,1225.0,165
GoAir,Banglore,Delhi,BLR ? DEL,14:30,No info,3398,21,6,4,0,0,700.0,170
Air India,Kolkata,Banglore,CCU ? BBI ? BOM ? BLR,07:55 25 May,No info,9416,24,5,4,0,0,720.0,1195
SpiceJet,Kolkata,Banglore,CCU ? BLR,09:30,No check-in baggage included,3841,21,6,4,0,0,415.0,155
Jet Airways,Delhi,Cochin,DEL ? BOM ? COK,19:00 28 Jun,In-flight meal not included,10262,27,6,3,0,0,1255.0,1325
IndiGo,Kolkata,Banglore,CCU ? BLR,00:50 25 Jun,No info,4804,24,6,0,0,0,1335.0,155
Jet Airways,Delhi,Cochin,DEL ? BOM ? COK,12:35,In-flight meal not included,5177,3,4,2,0,0,135.0,620
IndiGo,Mumbai,Hyderabad,BOM ? HYD,21:40,No info,2437,9,5,3,0,0,1205.0,95
GoAir,Delhi,Cochin,DEL ? AMD ? COK,13:20,No info,8422,9,3,5,0,0,360.0,440
Multiple carriers,Delhi,Cochin,DEL ? BOM ? COK,21:00,No info,13797,24,6,0,0,0,480.0,780
Jet Airways,Delhi,Cochin,DEL ? JAI ? BOM ? COK,04:25 07 Jun,In-flight meal not included,10368,6,6,3,0,0,580.0,1125
IndiGo,Delhi,Cochin,DEL ? BOM ? COK,01:30 19 May,No info,7081,18,5,5,0,0,1030.0,500
IndiGo,Delhi,Cochin,DEL ? HYD ? COK,16:10,No info,8513,3,3,6,0,0,295.0,675
Jet Airways,Banglore,Delhi,BLR ? DEL,10:10,No info,7229,12,4,4,0,0,430.0,180
Air India,Banglore,New Delhi,BLR ? HYD ? DEL,12:15,No info,6273,3,3,6,0,0,495.0,240
Air India,Mumbai,Hyderabad,BOM ? HYD,16:25,No info,3100,9,6,6,0,0,900.0,85
IndiGo,Kolkata,Banglore,CCU ? BLR,00:50 19 Jun,No info,4804,18,6,1,0,0,1335.0,155
Jet Airways,Banglore,New Delhi,BLR ? DEL,22:35,No info,7229,24,3,6,0,0,1195.0,160
SpiceJet,Kolkata,Banglore,CCU ? BLR,11:25,No check-in baggage included,3841,18,4,3,0,0,540.0,145
Jet Airways,Kolkata,Banglore,CCU ? BOM ? BLR,08:15 19 May,In-flight meal not included,8586,18,5,5,0,0,1200.0,735
Multiple carriers,Delhi,Cochin,DEL ? BOM ? COK,19:00,No info,11200,15,6,5,0,0,510.0,630
Multiple carriers,Delhi,Cochin,DEL ? BOM ? COK,13:20,No info,17267,6,3,2,0,0,425.0,375
Jet Airways,Kolkata,Banglore,CCU ? BOM ? BLR,10:05 10 May,In-flight meal not included,8586,9,5,3,0,0,1135.0,910
Air India,Kolkata,Banglore,CCU ? BOM ? GOI ? BLR,05:35 10 May,No info,11432,9,5,3,0,0,1010.0,765
Air India,Delhi,Cochin,DEL ? JAI ? BOM ? COK,19:15 02 Jun,No info,12940,1,6,5,0,0,1125.0,1470
IndiGo,Mumbai,Hyderabad,BOM ? HYD,22:45,No info,12475,1,3,4,0,0,1280.0,85
Jet Airways,Kolkata,Banglore,CCU ? BOM ? BLR,22:35,In-flight meal not included,11134,24,3,6,0,0,1015.0,340
IndiGo,Kolkata,Banglore,CCU ? BLR,12:20,No info,5644,18,4,3,0,0,575.0,165
Multiple carriers,Delhi,Cochin,DEL ? BOM ? COK,19:00,No info,10877,12,6,2,0,0,685.0,455
Jet Airways,Banglore,Delhi,BLR ? DEL,08:45,No info,7229,21,4,6,0,0,360.0,165
Jet Airways,Kolkata,Banglore,CCU ? BOM ? BLR,18:15 10 May,In-flight meal not included,8586,9,5,3,0,0,990.0,1545
Jet Airways,Delhi,Cochin,DEL ? JAI ? BOM ? COK,19:00,In-flight meal not included,10368,12,6,2,0,0,330.0,810
Air India,Delhi,Cochin,DEL ? AMD ? BOM ? COK,19:15 02 Jun,No info,9863,1,6,5,0,0,1000.0,1595
IndiGo,Kolkata,Banglore,CCU ? BBI ? BLR,12:40,No info,4864,12,6,2,0,0,430.0,330
Air Asia,Kolkata,Banglore,CCU ? BLR,22:05,No info,4384,12,3,1,0,0,1175.0,150
Air India,Delhi,Cochin,DEL ? CCU ? BOM ? COK,07:40 19 May,No info,13591,18,5,5,0,0,410.0,1490
Jet Airways,Kolkata,Banglore,CCU ? DEL ? BLR,19:10,In-flight meal not included,12384,15,5,2,0,0,575.0,575
Jet Airways,Delhi,Cochin,DEL ? BOM ? COK,04:25 19 May,In-flight meal not included,12373,18,5,5,0,0,900.0,805
Jet Airways,Delhi,Cochin,DEL ? JAI ? BOM ? COK,19:00,In-flight meal not included,10368,6,6,3,0,0,330.0,810
Air India,Kolkata,Banglore,CCU ? IXR ? DEL ? BLR,12:30 02 May,No info,12723,1,5,2,0,0,350.0,1840
Jet Airways,Delhi,Cochin,DEL ? BOM ? COK,18:50 22 Mar,No info,12242,21,3,3,0,0,1320.0,1250
Jet Airways,Banglore,Delhi,BLR ? DEL,14:05,In-flight meal not included,5769,12,6,2,0,0,670.0,175
IndiGo,Delhi,Cochin,DEL ? BOM ? COK,21:00,No info,7006,21,5,1,0,0,450.0,810
Air India,Delhi,Cochin,DEL ? BOM ? COK,19:15 28 May,No info,8372,27,5,0,0,0,1260.0,1335
Jet Airways,Kolkata,Banglore,CCU ? BOM ? BLR,09:20 25 May,No info,14178,24,5,4,0,0,845.0,1155
Jet Airways,Banglore,New Delhi,BLR ? BOM ? DEL,09:00 02 Mar,No info,20800,1,3,4,0,0,845.0,1135
Vistara,Kolkata,Banglore,CCU ? DEL ? BLR,09:05 02 May,No info,8452,1,5,2,0,0,430.0,1555
Jet Airways,Kolkata,Banglore,CCU ? BOM ? BLR,18:15 13 May,In-flight meal not included,10844,12,5,6,0,0,1270.0,1265
Vistara,Banglore,Delhi,BLR ? DEL,23:50,No info,4668,12,5,6,0,0,1260.0,170
Jet Airways,Kolkata,Banglore,CCU ? BOM ? BLR,20:45 02 Apr,No info,12681,1,4,0,0,0,990.0,1695
Air India,Delhi,Cochin,DEL ? MAA ? COK,09:25 07 Apr,No info,4487,6,4,5,0,0,365.0,1640
Jet Airways,Kolkata,Banglore,CCU ? BOM ? BLR,19:50,No info,14571,9,6,6,0,0,845.0,345
SpiceJet,Kolkata,Banglore,CCU ? BLR,00:40 28 Apr,No check-in baggage included,3841,27,4,5,0,0,1340.0,140
SpiceJet,Kolkata,Banglore,CCU ? BLR,00:40 04 Jun,No info,3873,3,6,0,0,0,1340.0,140
Air India,Kolkata,Banglore,CCU ? BOM ? COK ? BLR,13:45 02 May,No info,16372,1,5,2,0,0,1010.0,1255
Air India,Kolkata,Banglore,CCU ? BOM ? AMD ? BLR,05:25 25 May,No info,14897,24,5,4,0,0,565.0,1200
Multiple carriers,Delhi,Cochin,DEL ? BOM ? COK,19:15,No info,8614,15,6,5,0,0,635.0,520
Air India,Delhi,Cochin,DEL ? AMD ? BOM ? COK,19:15 28 Jun,No info,9653,27,6,3,0,0,1000.0,1595
IndiGo,Kolkata,Banglore,CCU ? HYD ? BLR,23:45,No info,3574,21,5,1,0,0,1160.0,265
Jet Airways,Kolkata,Banglore,CCU ? BOM ? BLR,16:20 02 Apr,In-flight meal not included,7064,1,4,0,0,0,1200.0,1220
IndiGo,Mumbai,Hyderabad,BOM ? HYD,10:40,No info,5755,21,6,4,0,0,550.0,90
Air India,Kolkata,Banglore,CCU ? BOM ? COK ? BLR,13:45 19 May,No info,13432,18,5,5,0,0,1010.0,1255
Air India,Delhi,Cochin,DEL ? BOM ? COK,19:15,No info,8669,9,5,3,0,0,420.0,735
Multiple carriers,Delhi,Cochin,DEL ? BOM ? COK,11:30,No info,17057,3,3,6,0,0,135.0,555
Jet Airways,Banglore,New Delhi,BLR ? BOM ? DEL,09:30 07 Mar,No info,17261,6,3,2,0,0,845.0,1165
Multiple carriers,Delhi,Cochin,DEL ? BOM ? COK,01:30 07 Jun,No info,6795,6,6,3,0,0,915.0,615
Jet Airways,Kolkata,Banglore,CCU ? BOM ? BLR,20:45,In-flight meal not included,9663,6,5,0,0,0,845.0,400
Multiple carriers,Delhi,Cochin,DEL ? BOM ? COK,19:00,No info,11789,15,6,5,0,0,525.0,615
Jet Airways,Delhi,Cochin,DEL ? BOM ? COK,19:00 25 Jun,In-flight meal not included,10262,24,6,0,0,0,1095.0,1485
SpiceJet,Kolkata,Banglore,CCU ? IXB ? BLR,18:30,No info,8844,15,5,2,0,0,675.0,435
Jet Airways,Banglore,Delhi,BLR ? DEL,18:10,In-flight meal not included,4544,12,5,6,0,0,915.0,175
Multiple carriers,Delhi,Cochin,DEL ? BOM ? COK,13:20,No info,6148,27,3,2,0,0,420.0,380
IndiGo,Mumbai,Hyderabad,BOM ? HYD,21:40,No info,2227,27,5,0,0,0,1205.0,95
Jet Airways,Delhi,Cochin,DEL ? IDR ? BOM ? COK,04:25 13 Jun,No info,13292,12,6,2,0,0,330.0,1375
Air Asia,Banglore,New Delhi,BLR ? DEL,02:10 22 Mar,No info,3383,24,3,6,0,0,1405.0,165
Jet Airways,Delhi,Cochin,DEL ? ATQ ? BOM ? COK,19:00 13 Jun,No info,14300,12,6,2,0,0,1200.0,1380
Jet Airways,Kolkata,Banglore,CCU ? BOM ? BLR,12:00 22 May,In-flight meal not included,10844,21,5,1,0,0,1135.0,1025
SpiceJet,Delhi,Cochin,DEL ? PNQ ? COK,13:15,No check-in baggage included,5158,12,6,2,0,0,525.0,270
Jet Airways,Delhi,Cochin,DEL ? AMD ? BOM ? COK,12:35 28 Jun,No info,12819,27,6,3,0,0,1385.0,810
IndiGo,Delhi,Cochin,DEL ? BOM ? COK,01:30 04 Jun,No info,6628,3,6,0,0,0,960.0,570
Jet Airways,Delhi,Cochin,DEL ? BOM ? COK,12:35 02 Jun,In-flight meal not included,10262,1,6,5,0,0,600.0,1595
Jet Airways,Banglore,Delhi,BLR ? DEL,18:10,In-flight meal not included,4544,21,4,6,0,0,915.0,175
Jet Airways,Delhi,Cochin,DEL ? BOM ? COK,19:00 10 May,In-flight meal not included,12373,9,5,3,0,0,1095.0,1485
Air India,Delhi,Cochin,DEL ? AMD ? BOM ? COK,07:40 16 May,No info,11281,15,5,2,0,0,300.0,1600
IndiGo,Delhi,Cochin,DEL ? HYD ? COK,22:30,No info,6938,3,6,0,0,0,860.0,490
Multiple carriers,Delhi,Cochin,DEL ? BOM ? COK,21:00,No info,15147,6,3,2,0,0,620.0,640
Air India,Delhi,Cochin,DEL ? AMD ? BOM ? COK,07:40 19 May,No info,11228,18,5,5,0,0,300.0,1600
IndiGo,Delhi,Cochin,DEL ? MAA ? COK,07:25,No info,5636,9,6,6,0,0,120.0,325
SpiceJet,Banglore,Delhi,BLR ? DEL,12:20,No check-in baggage included,4319,12,5,6,0,0,570.0,170
IndiGo,Banglore,New Delhi,BLR ? DEL,22:55,No info,6144,21,3,3,0,0,1200.0,175
Jet Airways,Kolkata,Banglore,CCU ? BOM ? BLR,19:50,No info,14781,1,5,2,0,0,505.0,685
IndiGo,Delhi,Cochin,DEL ? BOM ? COK,01:35 22 Mar,No info,8765,21,3,3,0,0,550.0,985
Jet Airways,Kolkata,Banglore,CCU ? BOM ? BLR,04:40 13 May,In-flight meal not included,8586,12,5,6,0,0,390.0,1330
IndiGo,Mumbai,Hyderabad,BOM ? HYD,13:30,No info,2754,12,5,6,0,0,720.0,90
IndiGo,Chennai,Kolkata,MAA ? CCU,15:35,No info,3597,21,5,1,0,0,795.0,140
Jet Airways,Mumbai,Hyderabad,BOM ? HYD,08:30,In-flight meal not included,4050,18,5,5,0,0,425.0,85
Jet Airways,Banglore,New Delhi,BLR ? BOM ? DEL,21:20,In-flight meal not included,11087,9,3,5,0,0,480.0,800
Jet Airways,Banglore,Delhi,BLR ? DEL,22:00,No info,8016,3,6,0,0,0,1135.0,185
Multiple carriers,Delhi,Cochin,DEL ? BOM ? COK,01:35 07 Mar,No info,15147,6,3,2,0,0,620.0,915
Jet Airways,Banglore,Delhi,BLR ? DEL,18:10,No info,7229,1,4,0,0,0,915.0,175
Jet Airways,Delhi,Cochin,DEL ? JAI ? BOM ? COK,12:35 02 Jun,No info,13014,1,6,5,0,0,580.0,1615
IndiGo,Mumbai,Hyderabad,BOM ? HYD,04:05,No info,2754,27,5,0,0,0,155.0,90
Vistara,Banglore,Delhi,BLR ? DEL,19:35,No info,5613,12,4,4,0,0,1020.0,155
IndiGo,Delhi,Cochin,DEL ? LKO ? COK,03:35 28 Apr,No info,6307,27,4,5,0,0,1310.0,345
IndiGo,Kolkata,Banglore,CCU ? BLR,19:50,No info,4174,6,4,5,0,0,1035.0,155
IndiGo,Kolkata,Banglore,CCU ? BLR,00:50 28 Jun,No info,4804,27,6,3,0,0,1335.0,155
Air India,Kolkata,Banglore,CCU ? GAU ? DEL ? BLR,08:55 16 May,No info,14960,15,5,2,0,0,1005.0,970
Jet Airways,Delhi,Cochin,DEL ? AMD ? BOM ? COK,19:00 10 Apr,No info,9483,9,4,1,0,0,1385.0,1195
Vistara,Kolkata,Banglore,CCU ? DEL ? BLR,22:40 07 Jun,No info,8662,6,6,3,0,0,1220.0,1580
Jet Airways,Delhi,Cochin,DEL ? JDH ? BOM ? COK,19:00,In-flight meal not included,19644,9,5,3,0,0,700.0,440
GoAir,Banglore,New Delhi,BLR ? DEL,14:35,No info,4340,24,3,6,0,0,700.0,175
Jet Airways,Kolkata,Banglore,CCU ? BOM ? BLR,18:15 22 May,In-flight meal not included,10844,21,5,1,0,0,1200.0,1335
SpiceJet,Kolkata,Banglore,CCU ? IXB ? BLR,21:25,No info,8224,9,5,3,0,0,955.0,330
Multiple carriers,Delhi,Cochin,DEL ? HYD ? COK,16:10,No info,7905,3,3,6,0,0,425.0,545
Jet Airways,Kolkata,Banglore,CCU ? BOM ? BLR,19:40 25 Mar,In-flight meal not included,11134,24,3,6,0,0,1015.0,1605
IndiGo,Delhi,Cochin,DEL ? BLR ? COK,07:45,No info,6037,15,5,2,0,0,120.0,345
Jet Airways,Kolkata,Banglore,CCU ? DEL ? BLR,10:55 07 Jun,No info,12692,6,6,3,0,0,1020.0,1075
Multiple carriers,Delhi,Cochin,DEL ? BOM ? COK,01:30 28 May,In-flight meal not included,7308,27,5,0,0,0,1095.0,435
Jet Airways,Delhi,Cochin,DEL ? JAI ? BOM ? COK,12:35 07 Jun,In-flight meal not included,11733,6,6,3,0,0,580.0,1615
Jet Airways,Delhi,Cochin,DEL ? BOM ? COK,12:35 02 Jun,No info,14714,1,6,5,0,0,1370.0,825
Jet Airways,Kolkata,Banglore,CCU ? BOM ? BLR,12:00,No info,14388,15,5,2,0,0,390.0,330
Jet Airways,Banglore,Delhi,BLR ? DEL,22:00,No info,7229,24,4,2,0,0,1135.0,185
Jet Airways,Banglore,New Delhi,BLR ? BOM ? DEL,11:25 19 Mar,In-flight meal not included,7832,21,3,3,0,0,1285.0,840
Air India,Delhi,Cochin,DEL ? RPR ? NAG ? BOM ? COK,19:15 04 Jun,No info,10493,3,6,0,0,0,315.0,2280
Jet Airways,Delhi,Cochin,DEL ? BOM ? COK,18:50 10 Mar,In-flight meal not included,14053,9,3,5,0,0,1095.0,1475
IndiGo,Chennai,Kolkata,MAA ? CCU,10:15,No info,7295,6,3,2,0,0,475.0,140
Air India,Kolkata,Banglore,CCU ? JAI ? BOM ? BLR,11:10 22 May,No info,11222,21,5,1,0,0,500.0,1610
Multiple carriers,Delhi,Cochin,DEL ? BOM ? COK,01:30 19 May,No info,7670,18,5,5,0,0,1140.0,390
Multiple carriers,Delhi,Cochin,DEL ? BOM ? COK,19:00,No info,10877,6,6,3,0,0,635.0,505
Multiple carriers,Delhi,Cochin,DEL ? BOM ? COK,15:30,No info,17057,3,3,6,0,0,425.0,505
Jet Airways,Delhi,Cochin,DEL ? IDR ? BOM ? COK,19:00,In-flight meal not included,11507,6,6,3,0,0,330.0,810
Jet Airways,Delhi,Cochin,DEL ? COK,13:05,In-flight meal not included,4466,18,6,1,0,0,590.0,195
Air India,Delhi,Cochin,DEL ? CCU ? BOM ? COK,19:15 02 Jun,No info,13801,1,6,5,0,0,1015.0,1580
IndiGo,Kolkata,Banglore,CCU ? BLR,00:05 02 Mar,No info,4778,1,3,4,0,0,1285.0,160
Jet Airways,Kolkata,Banglore,CCU ? DEL ? BLR,18:00,In-flight meal not included,12384,15,5,2,0,0,575.0,505
Multiple carriers,Delhi,Cochin,DEL ? BOM ? COK,12:35,No info,10678,27,6,3,0,0,295.0,460
Air India,Delhi,Cochin,DEL ? TRV ? COK,06:50 10 Mar,No info,9790,9,3,5,0,0,315.0,1535
Jet Airways,Kolkata,Banglore,CCU ? BOM ? BLR,12:00 02 May,No info,14388,1,5,2,0,0,845.0,1315
SpiceJet,Banglore,Delhi,BLR ? DEL,08:35,No check-in baggage included,4319,12,6,2,0,0,355.0,160
Jet Airways,Mumbai,Hyderabad,BOM ? HYD,04:20,No info,5678,3,5,4,0,0,175.0,85
Vistara,Banglore,Delhi,BLR ? DEL,09:40,No info,5613,6,4,5,0,0,420.0,160
Jet Airways,Kolkata,Banglore,CCU ? BOM ? BLR,09:20 07 May,In-flight meal not included,9663,6,5,0,0,0,1200.0,800
Jet Airways,Banglore,Delhi,BLR ? DEL,14:05,In-flight meal not included,5769,18,6,1,0,0,670.0,175
Vistara,Banglore,Delhi,BLR ? DEL,23:50,No info,4668,1,5,2,0,0,1260.0,170
Vistara,Banglore,New Delhi,BLR ? DEL,00:05 19 Mar,No info,4878,21,3,3,0,0,1270.0,175
Air India,Delhi,Cochin,DEL ? BOM ? COK,19:15,No info,8372,9,5,3,0,0,780.0,375
Air India,Kolkata,Banglore,CCU ? BOM ? GOI ? BLR,05:35 25 Mar,No info,12352,24,3,6,0,0,565.0,1210
Jet Airways,Delhi,Cochin,DEL ? JAI ? BOM ? COK,12:35 07 Jun,In-flight meal not included,11733,6,6,3,0,0,1170.0,1025
IndiGo,Banglore,Delhi,BLR ? DEL,21:50,No info,4823,9,4,1,0,0,1135.0,175
IndiGo,Kolkata,Banglore,CCU ? BLR,17:45,No info,4804,27,4,5,0,0,915.0,150
Jet Airways,Delhi,Cochin,DEL ? BOM ? COK,19:00 13 Jun,In-flight meal not included,10262,12,6,2,0,0,1095.0,1485
Jet Airways,Banglore,New Delhi,BLR ? BOM ? DEL,20:20 13 Mar,In-flight meal not included,11087,12,3,1,0,0,1375.0,1285
Jet Airways,Delhi,Cochin,DEL ? JDH ? BOM ? COK,19:00,No info,21219,9,5,3,0,0,700.0,440
Air India,Delhi,Cochin,DEL ? BOM ? COK,19:15,No info,9929,15,6,5,0,0,480.0,675
Air India,Kolkata,Banglore,CCU ? IXR ? DEL ? BLR,23:15,No info,11411,12,5,6,0,0,350.0,1045
Air India,Mumbai,Hyderabad,BOM ? HYD,22:25,No info,3100,6,6,3,0,0,1265.0,80
Jet Airways,Delhi,Cochin,DEL ? AMD ? BOM ? COK,19:00 28 Jun,In-flight meal not included,11150,27,6,3,0,0,1385.0,1195
Jet Airways,Delhi,Cochin,DEL ? AMD ? BOM ? COK,04:25 28 May,No info,16704,27,5,0,0,0,805.0,900
Jet Airways,Banglore,New Delhi,BLR ? BOM ? DEL,21:20 13 Mar,In-flight meal not included,11087,12,3,1,0,0,1235.0,1485
Air India,Mumbai,Hyderabad,BOM ? HYD,07:40,No info,3100,9,6,6,0,0,380.0,80
Multiple carriers,Delhi,Cochin,DEL ? BOM ? COK,19:00,No info,9794,1,5,2,0,0,620.0,520
SpiceJet,Banglore,Delhi,BLR ? DEL,08:35,No check-in baggage included,3257,21,5,1,0,0,355.0,160
Air Asia,Kolkata,Banglore,CCU ? BLR,22:25,No info,4107,9,4,1,0,0,1195.0,150
Air India,Kolkata,Banglore,CCU ? BLR,23:20,No info,4145,27,4,5,0,0,1245.0,155
Jet Airways,Banglore,Delhi,BLR ? DEL,11:20,No info,7229,27,4,5,0,0,500.0,180
Vistara,Banglore,New Delhi,BLR ? DEL,14:10,No info,12648,1,3,4,0,0,690.0,160
Air India,Delhi,Cochin,DEL ? GOI ? BOM ? COK,19:15,No info,11753,9,5,3,0,0,655.0,500
